design_order,design_id,suite,family_id,decision_type,title,decision_object,intervention_mechanism,primary_outcome,horizon,spatial_unit,binding_constraint_kind,evidence_gate_type,analysis_modes,required_source_roles,implementation_status,current_readiness,existing_template_ref,city_bindings,method_claimed,design_signature,content_hash
1,scenario.climate.extreme-heat.heat-access-gaps.v1,climate-disaster-resilience,climate.extreme-heat,diagnose,Diagnose neighborhood heat exposure and cooling-access gaps,neighborhood heat-exposure and cooling-access gaps,"spatial overlay of heat, vulnerability, canopy, and cooling access",population in high-heat low-access areas,seasonal,neighborhood,equity,geographic-alignment,descriptive,climate-hazard|demographic-context|environmental-exposure|equity-attribute|facility-inventory|geographic-identity,design-only,blocked-missing-source,,0,false,sha256:5aa9b517f4356eee6de34f345d4f20d0792352a4dae66379f3e72178791d0240,sha256:1edd9ba1c655b300e653496f4cd133f2ee191e2c0681697574f8b6c1b08144e5
2,scenario.climate.extreme-heat.heat-service-demand.v1,climate-disaster-resilience,climate.extreme-heat,forecast,Forecast heat-triggered public-service demand,daily heat-response service demand,weather-conditioned hierarchical demand forecasting,unserved heat-response requests,days,service-area,capacity,model-calibration,forecast,climate-hazard|demographic-context|geographic-identity|municipal-demand|operating-capacity,design-only,blocked-missing-source,,0,false,sha256:2a887f2efce290b0dac81c2204ccb431e1d904a018583490deb81ca5f4a0e342,sha256:e2080a3f1b13be04c358bbc1231b2ada9b0124ecee55bab6761c22062effd1d5
3,scenario.climate.extreme-heat.cooling-investments.v1,climate-disaster-resilience,climate.extreme-heat,prioritize,"Prioritize shade, cool-roof, and cooling retrofit investments",heat-mitigation capital project portfolio,"multi-criteria ranking of shade, cool-roof, and retrofit projects",residual person-days of extreme heat exposure,multi-year,asset,budget,cost-capacity,descriptive|optimization,asset-condition|asset-inventory|climate-hazard|demographic-context|financial-cost|geographic-identity,design-only,blocked-missing-source,,0,false,sha256:e823416460130b3bfde10ee275413738aeaf561402c67eca043f6b6a53f4b31e,sha256:460a615c862b11a6e01ba2d630457e83804871bbc1ddb0e8bd5a0cc619d22955
4,scenario.climate.extreme-heat.cooling-center-network.v1,climate-disaster-resilience,climate.extreme-heat,site,Site an accessible cooling-center network,seasonal cooling-center locations,capacitated facility-location optimization with walking and transit impedance,high-risk residents beyond the cooling-access threshold,seasonal,facility,capacity,network-readiness,descriptive|optimization,climate-hazard|demographic-context|facility-inventory|geographic-identity|operating-capacity|transport-network,design-only,blocked-missing-source,,0,false,sha256:c67ba5740277612411f42824dac7fbecc60d23b72db149b76cb2276073ee5582,sha256:d504a3dab11cb5a95cc6e16f70b264a6c961b080d76e26bebdb5f2bbf4509c39
5,scenario.climate.extreme-heat.heat-response-resources.v1,climate-disaster-resilience,climate.extreme-heat,allocate,Allocate heat-response teams and cooling supplies,heat-emergency outreach and cooling resources,equity-constrained resource allocation across service areas,high-risk residents without assigned heat-response capacity,days,service-area,equity,equity-measurement,simulation|optimization,climate-hazard|demographic-context|equity-attribute|geographic-identity|operating-capacity|real-time-state,design-only,blocked-missing-source,,0,false,sha256:ab095537c3089d7cac11eaea322467b2ffdc090563993d33678f73cb5089260e,sha256:9e855c482459fe8366c5c65d70a22dc9d3af7c57ddd25d7df64dddfcdce0a77a
6,scenario.climate.extreme-heat.heat-operations-calendar.v1,climate-disaster-resilience,climate.extreme-heat,schedule,Schedule heat-response shifts and facility hours,heat-response operating calendar,forecast-triggered shift and facility-hour scheduling,hours of forecast demand above staffed capacity,days,citywide,time,temporal-alignment,forecast|optimization,climate-hazard|demographic-context|geographic-identity|operating-capacity|real-time-state|service-schedule,design-only,blocked-missing-source,,0,false,sha256:23fd784d81b2f7f4f1b5a64cc19a597c9c439c91e9ff5d7466674728d3f9721e,sha256:9a5167e340b6ee34a0cac4c07790b2dd75c5ab03e45ee4d96cc86ea828abfcf9
7,scenario.climate.extreme-heat.compound-heat-continuity.v1,climate-disaster-resilience,climate.extreme-heat,stress-test,Stress-test service continuity during compound heat,compound-heat service-continuity portfolio,multi-hazard Monte Carlo stress testing of facilities and response capacity,scenario-weighted hours of critical service interruption,weeks,citywide,risk,source-lineage,forecast|simulation|optimization,climate-hazard|demographic-context|geographic-identity|municipal-demand|operating-capacity,reference-implemented,reference-implemented,deep.climate.heat-service-surge.v1,0,false,sha256:bce74fc2d2251aa5404702222246b8c71044f56ceddb4f8ee73529e1e19b3833,sha256:ab71f9c6b07d04e466da5895d08e6b90c6065eb00fe52e628230435e9caafc33
8,scenario.climate.extreme-heat.cool-roof-impact.v1,climate-disaster-resilience,climate.extreme-heat,evaluate,Evaluate a cool-roof and household-cooling program,phased cool-roof and household-cooling intervention,pre-registered staggered-adoption causal evaluation,change in measured indoor overheating hours,multi-year,population-group,equity,causal-identification,descriptive|causal,climate-hazard|demographic-context|environmental-exposure|equity-attribute|geographic-identity|intervention-assignment|outcome-panel,design-only,blocked-multiple-gates,,0,false,sha256:f8706f9c4c1295314043c519fad476aeb738acd468b67b9b6545fd5fc569c510,sha256:1f28edcf13b65dca50bde37e0aa08f32187e707a28f050763e5c0b602cff7066
9,scenario.climate.flood-stormwater.drainage-failure-patterns.v1,climate-disaster-resilience,climate.flood-stormwater,diagnose,Diagnose recurrent drainage-failure patterns,recurrent drainage-failure locations,event-linked geospatial failure-pattern diagnosis,verified flood events unexplained by mapped drainage capacity,annual,asset,technical,geographic-alignment,descriptive,asset-condition|asset-inventory|climate-hazard|environmental-exposure|geographic-identity|municipal-demand,design-only,blocked-missing-source,,0,false,sha256:3e690451937d44944964788821dd81db5c76564cae502625d6564fe54df56c03,sha256:571f852183b3bf0f061b727980a998d4ae547569f90408d398f7e04bf6e6a6db
10,scenario.climate.flood-stormwater.runoff-response-demand.v1,climate-disaster-resilience,climate.flood-stormwater,forecast,Forecast rainfall-runoff response demand,event-level stormwater response demand,rainfall-conditioned probabilistic operations forecasting,response tasks above available event capacity,days,service-area,capacity,model-calibration,forecast,asset-inventory|climate-hazard|geographic-identity|municipal-demand|operating-capacity|real-time-state,design-only,blocked-missing-source,,0,false,sha256:b432a1d79a55b59e2a09d71b8a4150a46f50f73fb0250fce2d5ef158573ff597,sha256:06511618790a7150693a59d3da461d155da0556483039f011b8371f1cd2e495e
11,scenario.climate.flood-stormwater.drainage-renewal.v1,climate-disaster-resilience,climate.flood-stormwater,prioritize,Prioritize drainage renewal and green-infrastructure projects,stormwater capital-renewal portfolio,risk-adjusted asset and green-infrastructure portfolio optimization,expected annual service-disruption hours,multi-year,asset,budget,cost-capacity,simulation|optimization,asset-condition|asset-inventory|climate-hazard|financial-cost|geographic-identity|operating-capacity,design-only,blocked-missing-source,,0,false,sha256:b47d97eba11c2c9cf654c592bc46b5c4755a2787128dd2302604a591bc8069dc,sha256:f49f4930f8f691acfbad87ae7888a70547604e82cd9605be393c1c62fe1cd86f
12,scenario.climate.flood-stormwater.retention-storage-sites.v1,climate-disaster-resilience,climate.flood-stormwater,site,Site distributed stormwater retention and storage,stormwater retention and temporary-storage sites,parcel-constrained hydrologic facility-location analysis,unmanaged design-storm runoff volume,multi-year,parcel,environmental,legal-authority,simulation|optimization,asset-inventory|climate-hazard|financial-cost|geographic-identity|land-parcel|legal-regulatory,design-only,blocked-missing-source,,0,false,sha256:8947e8a1525c35a4f5a6f7174b9c6a9508cf58ed52fbc320cceef56e0851daa1,sha256:349713f802d4894902b35d923274aafad0b4ac43b2836d7305499aa8e7ac2c58
13,scenario.climate.flood-stormwater.flood-response-assets.v1,climate-disaster-resilience,climate.flood-stormwater,allocate,"Allocate pumps, barriers, and flood-response crews",mobile flood-response assets,rolling risk-constrained deployment optimization,critical locations without timely flood-response coverage,real-time,network,time,temporal-alignment,simulation|optimization,asset-inventory|climate-hazard|geographic-identity|operating-capacity|real-time-state|transport-network,design-only,blocked-missing-source,,0,false,sha256:94c04ca69e3bbec0b3158d8eb70f1b64d797171f68e95244098e1c2980468ca2,sha256:d9c63bf4e078aa15ce9d3326dc75e159a19daf5b4e113144dbc6299f59c4a142
14,scenario.climate.flood-stormwater.drainage-maintenance-window.v1,climate-disaster-resilience,climate.flood-stormwater,schedule,Schedule drainage inspection and maintenance windows,preventive stormwater maintenance calendar,weather-aware condition-based maintenance scheduling,high-risk asset-days overdue before major rainfall,weeks,asset,capacity,temporal-alignment,forecast|optimization,asset-condition|asset-inventory|climate-hazard|geographic-identity|operating-capacity|service-schedule,design-only,blocked-missing-source,,0,false,sha256:22e1cb8b28c3c0a1a14a9ec9ec66eb1642b5c81cc278362b57b863683caedc30,sha256:de1a89d3fddfe4b9a136697793d00b34443e3b7d5b155b424e983ffb6abf84dc
15,scenario.climate.flood-stormwater.compound-rainfall-continuity.v1,climate-disaster-resilience,climate.flood-stormwater,stress-test,Stress-test continuity under compound rainfall and outage,compound-flood service-continuity strategy,joint rainfall-tide-blockage-outage scenario simulation,scenario-weighted critical service interruption,weeks,citywide,risk,source-lineage,forecast|simulation|optimization,asset-inventory|climate-hazard|geographic-identity|municipal-demand|operating-capacity,reference-implemented,reference-implemented,deep.climate.rainfall-continuity.v1,0,false,sha256:6a5a10a362e35491600e55adee92f8796afaf7efeaaad074cc99e288a65e161f,sha256:f4bad65682f30a9d689692063173bbee44e2ef205839f23ab8165dc5ccc761f2
16,scenario.climate.flood-stormwater.green-infrastructure-effect.v1,climate-disaster-resilience,climate.flood-stormwater,evaluate,Evaluate distributed green-infrastructure effects,phased green-infrastructure installation,matched catchment difference-in-differences evaluation,change in event runoff volume,multi-year,service-area,technical,causal-identification,descriptive|causal,asset-inventory|climate-hazard|environmental-exposure|geographic-identity|intervention-assignment|outcome-panel,design-only,blocked-multiple-gates,,0,false,sha256:d6c9efb68622fdeb67d1c63083c2b0e25dbfdb9515c128a25ab466f6e0ea8f28,sha256:49709624bd66abb19edf1e555b45ea90e352d8c2d268cd706e29eb73615a3fc8
17,scenario.climate.wildfire-smoke.smoke-protection-gaps.v1,climate-disaster-resilience,climate.wildfire-smoke,diagnose,Diagnose smoke-exposure and clean-air protection gaps,population smoke-exposure and protection gaps,monitor-satellite-building vulnerability triangulation,people in high-exposure low-protection conditions,seasonal,neighborhood,equity,geographic-alignment,descriptive,climate-hazard|environmental-exposure|equity-attribute|facility-inventory|geographic-identity,design-only,blocked-missing-source,,0,false,sha256:b9a20a7135047103ff30443efe2f51f14344e685a2ab2c0f90a4b7133b8f7b72,sha256:3e43f3d9ff58fe5285c979ee2de5fb1ead6eaed2055af94863165b9a2a73423f
18,scenario.climate.wildfire-smoke.smoke-episode-load.v1,climate-disaster-resilience,climate.wildfire-smoke,forecast,Forecast smoke episode intensity and service load,daily smoke episode and assistance load,ensemble smoke-transport and demand forecasting,service demand above clean-air response capacity,days,citywide,capacity,model-calibration,forecast,climate-hazard|environmental-exposure|geographic-identity|municipal-demand|operating-capacity|real-time-state,design-only,blocked-missing-source,,0,false,sha256:c977d3abc70e7ed5932cb09a1302af06aa45393605345674d770863ac1226363,sha256:bec11155058e57e528b7ee3b2339a45ad0c9850d3557d32297b2a876517cf5c7
19,scenario.climate.wildfire-smoke.filtration-retrofits.v1,climate-disaster-resilience,climate.wildfire-smoke,prioritize,Prioritize public-building filtration retrofits,public-building smoke-protection retrofit portfolio,risk- and occupancy-weighted retrofit prioritization,vulnerable occupant-hours above indoor particulate thresholds,multi-year,facility,budget,cost-capacity,descriptive|optimization,asset-condition|asset-inventory|climate-hazard|environmental-exposure|financial-cost|geographic-identity|operating-capacity,design-only,blocked-missing-source,,0,false,sha256:9b0fac6d04502130d4a95d134e0f950b97610ab7dd74c88aaf1580576357bf92,sha256:4920e0e06cef35c340f7dd5e897847bdcdc13294b280c2c91abdaa744940f4af
20,scenario.climate.wildfire-smoke.clean-air-centers.v1,climate-disaster-resilience,climate.wildfire-smoke,site,Site a network of public clean-air centers,public clean-air center network,capacitated location-allocation with indoor-air qualification,high-risk residents beyond a qualified clean-air space,seasonal,facility,technical,network-readiness,descriptive|optimization,climate-hazard|environmental-exposure|facility-inventory|geographic-identity|operating-capacity|transport-network,design-only,blocked-missing-source,,0,false,sha256:39d12b6a6616be6d89d5f2a336796cd02dc86b89023c393861f205f12da51dbb,sha256:6e3b568b1baee25bc51ff6e1052886dbe1e22c2ade175ecf410f9b72c63803b4
21,scenario.climate.wildfire-smoke.filters-monitors-outreach.v1,climate-disaster-resilience,climate.wildfire-smoke,allocate,"Allocate filters, monitors, and smoke outreach",portable smoke-protection and monitoring resources,needs- and uncertainty-aware allocation,high-risk households without assigned protection capacity,weeks,population-group,equity,equity-measurement,simulation|optimization,climate-hazard|community-input|environmental-exposure|equity-attribute|geographic-identity|operating-capacity,design-only,blocked-missing-source,,0,false,sha256:c77de7425d188a2281093b8979bbf112f422759300fb8a6e4cbdde73bbd400c6,sha256:63be4d8da45e7fd5dd780ef8c6f3226fb46e519893262801f6333899dbd2c56c
22,scenario.climate.wildfire-smoke.smoke-safe-activities.v1,climate-disaster-resilience,climate.wildfire-smoke,schedule,"Schedule outdoor work, school, and public activities during smoke",smoke-responsive activity and workforce schedule,forecast-threshold scheduling with exposure budgets,scheduled participant-hours above exposure limits,days,facility,regulatory,temporal-alignment,forecast|optimization,climate-hazard|environmental-exposure|geographic-identity|legal-regulatory|real-time-state|service-schedule,design-only,blocked-missing-source,,0,false,sha256:207a87e723b37e30b7fcec140ffb3ba7ba2ed75db87768fc37e9122cbb92268e,sha256:ce0af3cad9ae12e05b3a01c0db51b788c118c31b93b3aa3d2ad794b304b7e68e
23,scenario.climate.wildfire-smoke.prolonged-smoke-continuity.v1,climate-disaster-resilience,climate.wildfire-smoke,stress-test,Stress-test prolonged smoke-response continuity,prolonged-smoke response continuity plan,inventory-depletion and facility-failure simulation,scenario-weighted days below minimum clean-air coverage,weeks,citywide,risk,external-validation,simulation|optimization,climate-hazard|environmental-exposure|facility-inventory|financial-cost|geographic-identity|operating-capacity,design-only,blocked-missing-source,,0,false,sha256:04b74ad1c158568af7768fd3e9f0913d6e63149d97777d6a02b1bce21056e904,sha256:7d5691c58e5217d6802854e7cf92675dbb9d4945e96d189c8163ddc7b8e754fc
24,scenario.climate.wildfire-smoke.filtration-program-effect.v1,climate-disaster-resilience,climate.wildfire-smoke,evaluate,Evaluate household filtration and outreach effects,phased household filtration and outreach program,randomized encouragement or staggered-rollout causal evaluation,change in indoor fine-particulate concentration,seasonal,population-group,equity,causal-identification,descriptive|causal,climate-hazard|environmental-exposure|equity-attribute|geographic-identity|intervention-assignment|outcome-panel,design-only,blocked-multiple-gates,,0,false,sha256:01d14455494a1f800d2845cbbfee0f109993b86d8f7747bbe53b4bf50b65a167,sha256:54842bdb01abf95b807f7b1166bb5f58184224766c5aad3466a971ba9fdda2c6
25,scenario.climate.drought-water.water-loss-balance.v1,climate-disaster-resilience,climate.drought-water,diagnose,Diagnose non-revenue water and demand anomalies,distribution-zone water balance anomalies,metered mass-balance and change-point diagnosis,unexplained distribution water volume,annual,service-area,technical,data-completeness,descriptive,asset-condition|asset-inventory|climate-hazard|operating-capacity|real-time-state,design-only,blocked-missing-source,,0,false,sha256:274661ad42cd719fff91903c41a5fc5de38c41625251eb5496393c8733bbefe8,sha256:f6338bbf87fdc175c9c7ed176359833585afc831ac9fe4968ef536ae83182577
26,scenario.climate.drought-water.drought-supply-demand.v1,climate-disaster-resilience,climate.drought-water,forecast,Forecast drought supply-demand balance,seasonal urban water supply-demand balance,ensemble hydrologic and demand balance forecasting,expected potable-water shortage volume,seasonal,citywide,risk,model-calibration,forecast|simulation,asset-inventory|climate-hazard|environmental-exposure|financial-cost|operating-capacity,design-only,blocked-missing-source,,0,false,sha256:92b4877b1b2b04dfc3d3e1081424393e5fa7219d70a945d3675fc294c7077b76,sha256:d0a3154a41d75c27296163024b24430e750111feb174ea49373c97f0527bee2f
27,scenario.climate.drought-water.water-security-portfolio.v1,climate-disaster-resilience,climate.drought-water,prioritize,"Prioritize leakage, reuse, and supply-reliability investments",water-security capital and conservation portfolio,reliability-adjusted multi-period portfolio optimization,expected annual shortage and leakage volume,multi-year,asset,budget,cost-capacity,simulation|optimization,asset-condition|asset-inventory|climate-hazard|financial-cost|legal-regulatory|operating-capacity,design-only,blocked-missing-source,,0,false,sha256:ad3a2d4bb5a289c1822828cc40023db1ef667a7f4b5fbb250e2d5842deb10dc0,sha256:0cb0e771e37e0c80d111fc225ea1c05fd2b059c3b902740707064cc422cecfa2
28,scenario.climate.drought-water.reuse-storage-facilities.v1,climate-disaster-resilience,climate.drought-water,site,Site water reuse and distributed storage facilities,water reuse and distributed storage locations,network-constrained source-demand facility siting,unserved reliable non-potable water demand,multi-year,facility,environmental,legal-authority,simulation|optimization,asset-inventory|climate-hazard|financial-cost|land-parcel|legal-regulatory|operating-capacity|transport-network,design-only,blocked-missing-source,,0,false,sha256:f3a8bda57b5562167861cdcf9ae08299f48df63a76581200183b31f89aace17b,sha256:e3fcfd9faecd2a7bdb5822314e54305895d3cf8371d565219ddc7e3e5f0ab847
29,scenario.climate.drought-water.scarce-water-allocation.v1,climate-disaster-resilience,climate.drought-water,allocate,Allocate scarce water across essential uses,drought-period water allocation,lexicographic essential-use and equity allocation,essential demand left unmet,weeks,service-area,regulatory,legal-authority,simulation|optimization,asset-inventory|climate-hazard|equity-attribute|legal-regulatory|operating-capacity|real-time-state,design-only,blocked-missing-source,,0,false,sha256:5a76735690066a1a9a88866996f3afe837e5713eff72b8cca31fc246a69fc904,sha256:f0989d4744da33baf448b0ce6227a3bf9e12506562f781af3c288d71bae5ef8d
30,scenario.climate.drought-water.drought-operations.v1,climate-disaster-resilience,climate.drought-water,schedule,"Schedule drought operations, maintenance, and restrictions",drought operating and restriction calendar,storage-triggered multi-period operations scheduling,days below emergency storage reserve,seasonal,citywide,time,temporal-alignment,forecast|optimization,asset-inventory|climate-hazard|legal-regulatory|operating-capacity|real-time-state|service-schedule,design-only,blocked-missing-source,,0,false,sha256:d2530bc18af28eb610f7b80fb1f1543aeb535fc7ea4141b08ccb1ccace45b8b5,sha256:9971f99e71a3b46b51549a8582360ab4838201288faf1128984ce8664991c2b1
31,scenario.climate.drought-water.multi-year-water-security.v1,climate-disaster-resilience,climate.drought-water,stress-test,Stress-test multi-year urban water security,multi-year water-security strategy,stochastic storage and infrastructure reliability simulation,scenario-weighted essential shortage volume,multi-year,citywide,risk,external-validation,forecast|simulation|optimization,asset-condition|asset-inventory|climate-hazard|environmental-exposure|financial-cost|operating-capacity,design-only,blocked-missing-source,,0,false,sha256:af9db0182aa83a7b3d504410f06d7d2aaa61c56c118e9b2b0b6ab29d5897e36c,sha256:d2929161406d7f42dd93b55908281b58b7767ace0ee4e4c1acc5dfaf00a6e861
32,scenario.climate.drought-water.conservation-incentive-effect.v1,climate-disaster-resilience,climate.drought-water,evaluate,Evaluate conservation pricing and assistance effects,phased water-conservation pricing and assistance program,staggered policy causal evaluation with meter panels,change in weather-normalized discretionary water demand,annual,population-group,equity,causal-identification,descriptive|causal,asset-inventory|climate-hazard|equity-attribute|financial-cost|intervention-assignment|operating-capacity|outcome-panel,design-only,blocked-multiple-gates,,0,false,sha256:3e2bf11381862a5fe59e42c07610614395f32639b35bdce6cee5694eebd11134,sha256:06382fb026b98d4c7552bfbb159d77de850fe2fb8ae007fd790d0b85b5a61b23
33,scenario.climate.coastal-storms.coastal-dependency-exposure.v1,climate-disaster-resilience,climate.coastal-storms,diagnose,Diagnose coastal asset exposure and service dependencies,coastal critical-asset and dependency exposure,datum-aligned inundation and service-dependency graph analysis,critical service dependencies exposed to coastal flooding,multi-year,network,technical,geographic-alignment,descriptive,asset-condition|asset-inventory|climate-hazard|environmental-exposure|facility-inventory|geographic-identity,design-only,blocked-missing-source,,0,false,sha256:15238f45da74dfc8dc6cd35c266002563fad7530acf7c11ba70f27e4b6bfc929,sha256:6e269a3422ab34f1dd57602822262518ccaac6dedd8a3dbd1c406836a3bca555
34,scenario.climate.coastal-storms.storm-surge-operations.v1,climate-disaster-resilience,climate.coastal-storms,forecast,Forecast coastal storm operational impacts,event-level coastal storm operational impacts,ensemble surge-to-service impact forecasting,critical service demand above operable capacity,days,citywide,risk,model-calibration,forecast|simulation,asset-inventory|climate-hazard|geographic-identity|municipal-demand|operating-capacity|real-time-state,design-only,blocked-missing-source,,0,false,sha256:4767ba34af4bdd68a85871ec7b31c91a5f17c371e3961a7766d4469238cd4934,sha256:d1ba8609e4d4d7f27cd5c33567b8c774d3b2d8e84ef2315c87741592c0786e17
35,scenario.climate.coastal-storms.coastal-adaptation-portfolio.v1,climate-disaster-resilience,climate.coastal-storms,prioritize,"Prioritize coastal protection, accommodation, and retreat",coastal adaptation investment portfolio,adaptive-pathway portfolio optimization,expected critical-service disruption across sea-level pathways,multi-year,asset,budget,cost-capacity,simulation|optimization,asset-condition|asset-inventory|climate-hazard|equity-attribute|financial-cost|geographic-identity|land-parcel,design-only,blocked-missing-source,,0,false,sha256:8ba00fc5c5c54857a3f18bbdf2da65113a70f1c4bc95ea463b860cb51cdb9f88,sha256:a1655cbd2853d1cada48fe6a69531328742c7f07fee2bdc645f563ef4537f608
36,scenario.climate.coastal-storms.coastal-shelter-logistics.v1,climate-disaster-resilience,climate.coastal-storms,site,Site coastal shelters and resilient logistics hubs,coastal shelter and emergency-logistics locations,multi-hazard capacitated facility siting with evacuation access,at-risk population beyond safe shelter capacity,multi-year,facility,risk,network-readiness,simulation|optimization,asset-inventory|climate-hazard|facility-inventory|geographic-identity|operating-capacity|transport-network,design-only,blocked-missing-source,,0,false,sha256:f0a78c4f5696c8816a0e01915c680f329afa3a8ea1ab971205a1bfccbd57f264,sha256:5171a90211c0e0d5960c6ae9e57ea33fe47d24209302242754e4e3b74bf3498f
37,scenario.climate.coastal-storms.coastal-emergency-resources.v1,climate-disaster-resilience,climate.coastal-storms,allocate,Allocate coastal emergency transport and supplies,pre-landfall coastal emergency resources,scenario-robust staging and allocation optimization,high-risk residents and critical sites without assigned support,days,network,time,temporal-alignment,forecast|simulation|optimization,asset-inventory|climate-hazard|equity-attribute|geographic-identity|operating-capacity|real-time-state|transport-network,design-only,blocked-missing-source,,0,false,sha256:a0a1c06f0cdbd3836d31084f55d63811abf2c3538193b8776fe9a54260de5b8f,sha256:65b84446a665a852ff7421fd4bedd7863f32774850bf24f1d03a2efe5ecc5354
38,scenario.climate.coastal-storms.coastal-closure-evacuation.v1,climate-disaster-resilience,climate.coastal-storms,schedule,Schedule coastal closures and phased evacuation,phased coastal closure and evacuation timetable,clearance-time and forecast-trigger scheduling,population remaining in risk zones at unsafe conditions,days,network,time,network-readiness,forecast|simulation|optimization,asset-inventory|climate-hazard|geographic-identity|legal-regulatory|real-time-state|service-schedule|transport-network,design-only,blocked-missing-source,,0,false,sha256:2b881f1919d571a1abde072c7806340e7ecc093256bf1ef7582bd62dbdfc244c,sha256:29f405a613b3625a6894cdb73055a8d6a7e5da9c475d516b5e1263cf781f9201
39,scenario.climate.coastal-storms.compound-coastal-failure.v1,climate-disaster-resilience,climate.coastal-storms,stress-test,Stress-test coastal systems under compound failure,compound coastal continuity strategy,correlated multi-hazard dependency simulation,scenario-weighted critical service outage duration,weeks,network,risk,external-validation,forecast|simulation|optimization,asset-condition|asset-inventory|climate-hazard|financial-cost|geographic-identity|operating-capacity,design-only,blocked-missing-source,,0,false,sha256:59fd4094acd8ab9869c6f5c3515f33ef4638d8f7bf0381034a4494b19e9254cb,sha256:9cbd1f90fb7ce0f609ae8bff881184840709e3ad7b3ff7ccbdc654d25b63aa96
40,scenario.climate.coastal-storms.coastal-adaptation-effect.v1,climate-disaster-resilience,climate.coastal-storms,evaluate,Evaluate property-level coastal adaptation effects,phased property elevation and voluntary acquisition program,matched event-study evaluation across comparable exposed properties,change in event-related verified loss,multi-year,parcel,equity,causal-identification,descriptive|causal,asset-inventory|climate-hazard|equity-attribute|geographic-identity|housing-market|intervention-assignment|outcome-panel,design-only,blocked-multiple-gates,,0,false,sha256:3929cec2ff6ba4949a96e7ee3441b8b8031babd89a68eeddd66f9a2baa81bf66,sha256:3227ec339d24dc1c4ee91b0ac6f46385af5d032a4c01c0138cc276e80fab6c3a
41,scenario.mobility.transit-reliability.delay-propagation.v1,mobility-accessibility-operations,mobility.transit-reliability,diagnose,Diagnose transit delay propagation and missed connections,route-segment delay propagation and transfer failure,vehicle-trajectory and timetable dependency diagnosis,passenger-weighted missed connections,annual,network,technical,geographic-alignment,descriptive,geographic-identity|operating-capacity|real-time-state|service-schedule|transport-network,design-only,blocked-missing-source,,0,false,sha256:e450dd04e00b629646de410c76417da8b7f06ac85b6e5b50c4f5f55fbded654f,sha256:2fddb23d90507f595f15cb538014cb60501f5cd53131cfbb86539f04a6b79344
42,scenario.mobility.transit-reliability.crowding-delay-load.v1,mobility-accessibility-operations,mobility.transit-reliability,forecast,Forecast transit crowding and delay load,route-time passenger crowding and delay load,hierarchical passenger-load and travel-time forecasting,passenger-minutes above crowding and delay thresholds,weeks,corridor,capacity,model-calibration,forecast,geographic-identity|operating-capacity|real-time-state|service-schedule|transport-network,design-only,blocked-missing-source,,0,false,sha256:f5ab1f1524f4129405c8bd3c12817b61ee2d12258de8e345c2f14d72bf1ed64a,sha256:75e5797f2686b49463b2c5e1f2308168171b3a3971eb733767cf220013c4d1eb
43,scenario.mobility.transit-reliability.reliability-investments.v1,mobility-accessibility-operations,mobility.transit-reliability,prioritize,Prioritize transit reliability investments,transit reliability capital and operations portfolio,passenger-weighted lifecycle project optimization,expected passenger-hours of unreliable service,multi-year,asset,budget,cost-capacity,descriptive|optimization,asset-condition|asset-inventory|financial-cost|geographic-identity|service-schedule|transport-network,design-only,blocked-missing-source,,0,false,sha256:ce04d2a3520ed1aae204d06ef3898963274f90b4b81f567f22a534a5a50a4f50,sha256:df8f3e81b9b5f330114ecb8c3f26008a387aa7f7d1ec428eebfbc049714a4871
44,scenario.mobility.transit-reliability.transfer-hubs.v1,mobility-accessibility-operations,mobility.transit-reliability,site,Site accessible transfer and recovery hubs,accessible transfer and operational recovery hubs,network-constrained hub location with timetable dependencies,passengers beyond a reliable accessible transfer,multi-year,facility,regulatory,legal-authority,simulation|optimization,facility-inventory|geographic-identity|land-parcel|legal-regulatory|service-schedule|transport-network,design-only,blocked-missing-source,,0,false,sha256:70c27057b255536ab7da8d68244d618f9607b1f82c0fff62311e6c002c813ed1,sha256:cbd420196326beaf86c8c0fa4d7065d7845344c93679ebe0dc2607d1fd2a547f
45,scenario.mobility.transit-reliability.fleet-spares.v1,mobility-accessibility-operations,mobility.transit-reliability,allocate,"Allocate fleet, operators, and recovery capacity","transit fleet, operator, and recovery capacity",equity-constrained block and spare allocation,passenger demand without scheduled reliable capacity,weeks,network,equity,equity-measurement,simulation|optimization,equity-attribute|geographic-identity|operating-capacity|real-time-state|service-schedule|transport-network,design-only,blocked-missing-source,,0,false,sha256:0c47243dfa9458660e917b7748dd7805e1ee9d7a701ef21fb275399f3d798438,sha256:e45400ecba3f9aaa620908d13b4e2d0cb654bd65b9121dc6920e285404650612
46,scenario.mobility.transit-reliability.timetable-connections.v1,mobility-accessibility-operations,mobility.transit-reliability,schedule,"Schedule headways, recovery time, and timed connections","route timetable, recovery, and connection schedule",multi-route timetable optimization with stochastic travel times,passenger-weighted excess wait and missed-connection time,weeks,network,time,temporal-alignment,forecast|optimization,geographic-identity|legal-regulatory|operating-capacity|real-time-state|service-schedule|transport-network,design-only,blocked-missing-source,,0,false,sha256:95b7d1198730788a32e60e4c7ebc7c3106503a74a4c87a75808bf196625261be,sha256:333b4ad7e23ed6806e1366986fd44ede916bf10a05a841474681edf30557a0ac
47,scenario.mobility.transit-reliability.network-disruption.v1,mobility-accessibility-operations,mobility.transit-reliability,stress-test,Stress-test transit continuity under network disruption,transit network disruption and continuity strategy,correlated fleet-network-demand disruption simulation,essential passenger-trips left without viable service,seasonal,network,risk,external-validation,forecast|simulation|optimization,asset-condition|climate-hazard|geographic-identity|operating-capacity|service-schedule|transport-network,design-only,blocked-missing-source,,0,false,sha256:b156ae73d54af48924496e57b62e4851fba7644af4a229e3caa9fdd6441836ad,sha256:e36a2cf7d656573958c8d2d4d4d8f5e273f75faffa417f7e589be7668143d248
48,scenario.mobility.transit-reliability.priority-lane-effect.v1,mobility-accessibility-operations,mobility.transit-reliability,evaluate,Evaluate transit priority and schedule redesign,phased transit-priority and timetable intervention,route-level event-study with comparable untreated corridors,change in passenger-weighted reliable travel time,multi-year,corridor,equity,causal-identification,descriptive|causal,equity-attribute|geographic-identity|intervention-assignment|outcome-panel|real-time-state|service-schedule|transport-network,design-only,blocked-multiple-gates,,0,false,sha256:54d7486501d89644390ec2e912e54383e7c2d506bcef72913eca5d99f2d30aa9,sha256:b6007173c84598f4aa412ce2ab59d3820d44a3466716254daeddb9e1fe8af843
49,scenario.mobility.pedestrian-safety.accessible-route-breaks.v1,mobility-accessibility-operations,mobility.pedestrian-safety,diagnose,Diagnose pedestrian safety and accessible-route breaks,continuous pedestrian safety and accessibility barriers,route-level barrier and conflict topology diagnosis,essential destinations without a continuous safe accessible route,annual,network,technical,geographic-alignment,descriptive,asset-condition|asset-inventory|equity-attribute|geographic-identity|municipal-demand|transport-network,reference-implemented,reference-implemented,deep.mobility.accessibility-request.v1,0,false,sha256:91e6adc8fd7662d1cd9c51da94e51bd88e9c05f5307d33404993a83f4d1b9151,sha256:496e0e0ddd7f8c5fb2f52916b168542ef6bf7d737dadf6dbc80bddb2faa0791a
50,scenario.mobility.pedestrian-safety.pedestrian-conflict-risk.v1,mobility-accessibility-operations,mobility.pedestrian-safety,forecast,Forecast pedestrian conflict and barrier demand,corridor-time pedestrian conflict and barrier demand,exposure-conditioned conflict and service-demand forecasting,high-risk pedestrian-hours without preventive coverage,weeks,corridor,capacity,model-calibration,forecast,asset-inventory|environmental-exposure|geographic-identity|municipal-demand|real-time-state|transport-network,design-only,blocked-missing-source,,0,false,sha256:ebff7d55f6cf7d09b45c831bfc135b618aadc63e7e0e48ab289736ffeb69af1f,sha256:e54a8696e30cd0971ba59ec79db92714c5149f2edce178a8c5d8da1f44a21a72
51,scenario.mobility.pedestrian-safety.safety-accessibility-treatments.v1,mobility-accessibility-operations,mobility.pedestrian-safety,prioritize,Prioritize pedestrian safety and accessibility treatments,pedestrian safety and accessibility treatment portfolio,"exposure-, severity-, access-, and equity-weighted project optimization",expected severe conflict and inaccessible-route burden,multi-year,asset,budget,cost-capacity,descriptive|optimization,asset-condition|asset-inventory|equity-attribute|financial-cost|geographic-identity|transport-network,design-only,blocked-missing-source,,0,false,sha256:5880945af8bf186f803fe54229eeedae1ce94f0f1c5a23ad1a6353fc28ceadd2,sha256:d814b47fe4f80f6f9480b0be428adb268ef3f71360fe0dfa6c6cbcb4956c23be
52,scenario.mobility.pedestrian-safety.safe-crossings.v1,mobility-accessibility-operations,mobility.pedestrian-safety,site,Site safe crossings and accessible route connections,safe crossing and accessible-route connection locations,pedestrian network gap location-allocation analysis,high-demand crossings without a safe accessible connection,multi-year,corridor,regulatory,legal-authority,simulation|optimization,asset-inventory|equity-attribute|geographic-identity|land-parcel|legal-regulatory|transport-network,design-only,blocked-missing-source,,0,false,sha256:7945e8610e9cc8595911204489e02fe8676ee8bfb3fe7cd0f8ad85abef4c015a,sha256:4e24256ea1f887e6bc6d9115e73301151b53e7073538d2cde8cf179572bfeee6
53,scenario.mobility.pedestrian-safety.inspection-quick-build.v1,mobility-accessibility-operations,mobility.pedestrian-safety,allocate,Allocate inspections and quick-build safety resources,pedestrian inspection and quick-build resources,minimum-access and severity-constrained crew allocation,verified high-consequence barriers without assigned response,weeks,service-area,equity,equity-measurement,simulation|optimization,asset-inventory|equity-attribute|geographic-identity|municipal-demand|operating-capacity|transport-network,design-only,blocked-missing-source,,0,false,sha256:cdaa7a19032fd3b386282cffff84154f86a326d0903afe2d9b58cc521e8d2df9,sha256:d041b7a23fdbb6d3bff0959f02fe8df219b38ab7b53f3fab54113f66aa1d58b4
54,scenario.mobility.pedestrian-safety.right-of-way-work.v1,mobility-accessibility-operations,mobility.pedestrian-safety,schedule,"Schedule sidewalk, crossing, and signal work",pedestrian right-of-way inspection and repair schedule,dependency-aware work-window scheduling,high-consequence barrier-days awaiting verified completion,weeks,asset,time,temporal-alignment,forecast|optimization,asset-condition|asset-inventory|geographic-identity|operating-capacity|service-schedule|transport-network,design-only,blocked-missing-source,,0,false,sha256:e4a5062b83dc51a27b9279ba45a97f7d19c8a1d915ef00ac4d18a93331155746,sha256:58e54b6e6eeb8cf7463036162d87100639f19481d7a6270a4b70c5cf490fa0ee
55,scenario.mobility.pedestrian-safety.accessible-detours.v1,mobility-accessibility-operations,mobility.pedestrian-safety,stress-test,Stress-test accessible routes during closures and hazards,accessible pedestrian continuity under closures,mobility-profile network failure and detour simulation,essential destinations unreachable by an accessible detour,seasonal,network,risk,external-validation,forecast|simulation|optimization,asset-inventory|climate-hazard|facility-inventory|geographic-identity|real-time-state|transport-network,design-only,blocked-missing-source,,0,false,sha256:0ccef0fa2c71952b1d9c9eefb78362832c20ca75efa933574812860d2489469e,sha256:bff4c61046267e5240079d2b5356246f1a7de717d45f610f9e0b5d75ebd6bcc6
56,scenario.mobility.pedestrian-safety.quick-build-safety-effect.v1,mobility-accessibility-operations,mobility.pedestrian-safety,evaluate,Evaluate quick-build pedestrian safety treatments,phased quick-build pedestrian safety treatment,matched corridor event-study with exposure measurement,change in exposure-normalized severe pedestrian conflicts,multi-year,corridor,equity,causal-identification,descriptive|causal,asset-inventory|environmental-exposure|equity-attribute|geographic-identity|intervention-assignment|outcome-panel|transport-network,design-only,blocked-multiple-gates,,0,false,sha256:4b908d30edc8319223e493f9a932e42549668281d985178a910b4dcdec575c0f,sha256:1abe6c9486cd690155c143ea8abbe992f8f4acdf3bb2ded68c4b8b742080a857
57,scenario.mobility.freight-curb.curb-friction.v1,mobility-accessibility-operations,mobility.freight-curb,diagnose,Diagnose curb conflict and freight-access friction,curb-segment freight and public-access conflicts,time-resolved curb use and regulation reconciliation,commercial stops without legal usable curb access,annual,corridor,technical,geographic-alignment,descriptive,asset-inventory|geographic-identity|legal-regulatory|municipal-demand|real-time-state|transport-network,design-only,blocked-missing-source,,0,false,sha256:d1d58d751fc03d08d47edfdc2f9db9ef6260ba3f4a41d1b5622554250ef9fe93,sha256:2740606786f1da7e3cbfc001383766285d79959efb30eba5cc1af8341f59933e
58,scenario.mobility.freight-curb.loading-demand.v1,mobility-accessibility-operations,mobility.freight-curb,forecast,Forecast loading demand and curb occupancy,block-time freight loading demand and curb occupancy,land-use and event-conditioned curb demand forecasting,delivery-minutes without legal loading capacity,weeks,corridor,capacity,model-calibration,forecast,geographic-identity|land-parcel|operating-capacity|real-time-state|service-schedule|transport-network,design-only,blocked-missing-source,,0,false,sha256:19981a3aa0b82411b6b2d50b8efef822cd1e29c0df66ac7f97c76de0dbac9cce,sha256:61f680f2d708846fccd19b23042a499c4a80cb9ece30f2aa5037618254def24b
59,scenario.mobility.freight-curb.curb-conversion-portfolio.v1,mobility-accessibility-operations,mobility.freight-curb,prioritize,Prioritize curb conversion and loading investments,curb conversion and freight-access investment portfolio,multi-objective curb project prioritization,freight delay and safety conflict burden,multi-year,asset,budget,cost-capacity,descriptive|optimization,asset-inventory|equity-attribute|financial-cost|geographic-identity|real-time-state|transport-network,design-only,blocked-missing-source,,0,false,sha256:c40df66a77917ead708010f7816014c2c76be43d1ab7610a88baeed42649aecc,sha256:def3a7848db401dab995a5f6518afc3d5220b09a8899dec08f1a35f7de338ca4
60,scenario.mobility.freight-curb.microhubs-loading-zones.v1,mobility-accessibility-operations,mobility.freight-curb,site,Site freight microhubs and loading zones,urban freight microhub and loading-zone locations,network and parcel-constrained consolidation siting,freight demand beyond compliant loading or consolidation access,multi-year,parcel,regulatory,legal-authority,simulation|optimization,financial-cost|geographic-identity|land-parcel|legal-regulatory|real-time-state|transport-network,design-only,blocked-missing-source,,0,false,sha256:442aa62b750cc67ec801e69c4aec34b3944eedc86d7270462527ea65ca42be50,sha256:27f2bcfbf56784ff1e00f8bb9e1f613333d0482724406f84dbfbf8bd3a103667
61,scenario.mobility.freight-curb.curb-space.v1,mobility-accessibility-operations,mobility.freight-curb,allocate,Allocate curb space across freight and public uses,time-specific curb frontage allocation,multi-use equity and safety constrained curb allocation,priority curb demand left unserved,weeks,corridor,equity,equity-measurement,simulation|optimization,community-input|equity-attribute|geographic-identity|legal-regulatory|real-time-state|transport-network,design-only,blocked-missing-source,,0,false,sha256:c6611bc444c60f7fb3d8e08db98e96041bce118cf08c91b60bbee6c998f43d44,sha256:425ae895a02e72c2bfbfd76e8825b1d39f30eee3b76a7806b7e62dbda03ea9d8
62,scenario.mobility.freight-curb.loading-reservations.v1,mobility-accessibility-operations,mobility.freight-curb,schedule,Schedule loading reservations and curb regimes,dynamic curb-use and loading-reservation schedule,demand-responsive curb regime scheduling,unserved priority loading and access time,weeks,corridor,time,temporal-alignment,forecast|optimization,geographic-identity|legal-regulatory|operating-capacity|real-time-state|service-schedule|transport-network,design-only,blocked-missing-source,,0,false,sha256:dbc51c2841400dfb01fce7187723003e6bad2edf9068ca00f7a8b91f1221ecdd,sha256:881b750019d6dbd871c4e934364c3f0f2e00fb69c9792bcfcb5a36284115903f
63,scenario.mobility.freight-curb.freight-disruption.v1,mobility-accessibility-operations,mobility.freight-curb,stress-test,Stress-test urban freight under curb and network disruption,essential urban freight continuity under disruption,"delivery network, curb, and depot failure simulation",essential deliveries outside feasible time windows,seasonal,network,risk,external-validation,forecast|simulation|optimization,climate-hazard|facility-inventory|geographic-identity|operating-capacity|real-time-state|transport-network,design-only,blocked-missing-source,,0,false,sha256:fc00ddc4385b7883c266633ff60f14831ae638f3e85b26f897c754bba764ce21,sha256:e7488e7fad3c3df41bd5e39546fa908fde965e695c1c70c5ac8224251d250279
64,scenario.mobility.freight-curb.dynamic-curb-effect.v1,mobility-accessibility-operations,mobility.freight-curb,evaluate,Evaluate dynamic curb management,phased dynamic curb and loading reservation policy,matched block-time policy evaluation with spillover zones,change in legal loading success and conflict time,multi-year,corridor,equity,causal-identification,descriptive|causal,equity-attribute|geographic-identity|intervention-assignment|legal-regulatory|outcome-panel|real-time-state|transport-network,design-only,blocked-multiple-gates,,0,false,sha256:f926023a6bbd41afc6f7220190747f639b2b83cdab92a97ef23a96e5adaddf0c,sha256:bbe63961a9a60acb07db7ed068477c4d1f8e9c9c8e6c14f4a5033254160f4424
65,scenario.mobility.emergency-mobility.evacuation-access-gaps.v1,mobility-accessibility-operations,mobility.emergency-mobility,diagnose,Diagnose evacuation and assisted-mobility gaps,evacuation and emergency-access gaps,hazard-aware multimodal accessibility and dependency diagnosis,at-risk people without a verified feasible mobility plan,annual,network,technical,geographic-alignment,descriptive,climate-hazard|equity-attribute|facility-inventory|geographic-identity|operating-capacity|transport-network,design-only,blocked-missing-source,,0,false,sha256:bd0107a37a85a3d260e7af95aed16dfc590bee0066e6105d3d6f44740844e79c,sha256:a831a893c394f670ff78d969c9005e53858e4a088563fb3e32f01c4f8ac12335
66,scenario.mobility.emergency-mobility.clearance-demand.v1,mobility-accessibility-operations,mobility.emergency-mobility,forecast,Forecast evacuation demand and clearance time,hazard-specific evacuation demand and clearance time,departure-choice and dynamic network forecasting,people remaining in hazard areas after safe clearance time,weeks,network,capacity,model-calibration,forecast,climate-hazard|equity-attribute|geographic-identity|operating-capacity|real-time-state|transport-network,design-only,blocked-missing-source,,0,false,sha256:ce42127e1af46ad72ca368855e6bfd49a59915c1b76f49a33f156531d3912128,sha256:273223a6fde1d0106cf5efc70c8069c165254b560840b1ce3579aa979d422d89
67,scenario.mobility.emergency-mobility.evacuation-readiness.v1,mobility-accessibility-operations,mobility.emergency-mobility,prioritize,Prioritize emergency mobility readiness investments,emergency mobility readiness investment portfolio,multi-hazard clearance and equity portfolio optimization,expected people beyond safe clearance capacity,multi-year,asset,budget,cost-capacity,descriptive|optimization,asset-condition|equity-attribute|financial-cost|geographic-identity|operating-capacity|transport-network,design-only,blocked-missing-source,,0,false,sha256:5cac7071082c4f2aa5cdb786915e1934cab53196f73ab90f2f5ad7cb7fff1598,sha256:80c1f8a6a96e3fe58b54c0843a920ecac1a8ecdcdd0f93d8a1149b3243d3ceb5
68,scenario.mobility.emergency-mobility.pickup-transfer-points.v1,mobility-accessibility-operations,mobility.emergency-mobility,site,Site accessible evacuation pickup and transfer points,accessible evacuation pickup and transfer locations,multi-hazard capacitated pickup location-allocation,assistance-eligible people beyond safe pickup access,multi-year,facility,regulatory,legal-authority,simulation|optimization,climate-hazard|equity-attribute|facility-inventory|geographic-identity|operating-capacity|transport-network,design-only,blocked-missing-source,,0,false,sha256:8207358a1a03a8be66cb28c9bac622bab1597a0ceafe03f947ceeec01126c043,sha256:ea16d2fae897cced5add1b1b0e0cecb106bc42bea7ed256857fb591c9b399e45
69,scenario.mobility.emergency-mobility.assisted-transport.v1,mobility-accessibility-operations,mobility.emergency-mobility,allocate,Allocate accessible vehicles and emergency mobility teams,assisted evacuation vehicles and support teams,priority- and time-window-constrained fleet allocation,eligible evacuation needs without assigned transport,weeks,network,equity,equity-measurement,simulation|optimization,equity-attribute|geographic-identity|operating-capacity|real-time-state|service-schedule|transport-network,design-only,blocked-missing-source,,0,false,sha256:b7988d08647a02dcc8d668ef31b0699218e27fc2aa748ba268eec20d36d546ab,sha256:bc1fe71578c7ec2ab246840181ad1df4abe86063d432f55916b459e9cb6e4833
70,scenario.mobility.emergency-mobility.phased-evacuation.v1,mobility-accessibility-operations,mobility.emergency-mobility,schedule,Schedule phased multimodal evacuation,phased multimodal evacuation and responder-access schedule,clearance-time scheduling with protected responder flows,people uncleared when route safety thresholds are crossed,weeks,network,time,temporal-alignment,forecast|optimization,climate-hazard|geographic-identity|operating-capacity|real-time-state|service-schedule|transport-network,reference-implemented,reference-implemented,deep.mobility.real-time-reroute.v1,0,false,sha256:d70dcaab56f58605def4bac6f27d87d353799cee6fe9a4fd52a5972e8965f03d,sha256:b78921e1ed4a51e29624ff131bbf966e43adaf9d958ee987d60a39aed96d267b
71,scenario.mobility.emergency-mobility.evacuation-network-failure.v1,mobility-accessibility-operations,mobility.emergency-mobility,stress-test,Stress-test evacuation under correlated network failure,evacuation continuity under correlated network failure,dynamic multimodal network and fleet failure simulation,scenario-weighted people beyond safe clearance,seasonal,network,risk,external-validation,forecast|simulation|optimization,asset-condition|climate-hazard|geographic-identity|operating-capacity|real-time-state|transport-network,design-only,blocked-missing-source,,0,false,sha256:f90751b9e5785a69173a2678221875c6a842130a421529752e1cd5c5a293deb8,sha256:61566b2563a7bc12cd26e4153027a9022dee7c89387b089a976a149a19d71362
72,scenario.mobility.emergency-mobility.evacuation-exercise-effect.v1,mobility-accessibility-operations,mobility.emergency-mobility,evaluate,Evaluate emergency mobility exercises and outreach,phased evacuation exercise and preparedness outreach,randomized encouragement and staggered exercise evaluation,change in verified preparedness task completion,multi-year,population-group,equity,causal-identification,descriptive|causal,community-input|equity-attribute|geographic-identity|intervention-assignment|operating-capacity|outcome-panel|transport-network,design-only,blocked-multiple-gates,,0,false,sha256:3cf956c70ec03918e5ee6a16988c784068eaa596662facb219ca4955b3a88046,sha256:9c553bac3e7fc0aaab163e60f2c92b9a7a7b8b61a1c7de4931838aec305cbb5a
73,scenario.mobility.active-mobility.low-stress-network-gaps.v1,mobility-accessibility-operations,mobility.active-mobility,diagnose,Diagnose low-stress active-mobility network gaps,continuous low-stress walking and cycling network gaps,multimodal level-of-traffic-stress connectivity diagnosis,essential trips disconnected from a low-stress network,annual,network,technical,geographic-alignment,descriptive,asset-condition|asset-inventory|equity-attribute|geographic-identity|municipal-demand|transport-network,design-only,blocked-missing-source,,0,false,sha256:7fb0f73534c061f37be2f058e67180ba3b1e6990a8ca454e64bbfcc7fc17b33c,sha256:873d94353b7c7aaa9373714be8108d28a765006263e36e4aba7fa4e7ad8f0c09
74,scenario.mobility.active-mobility.active-trip-demand.v1,mobility-accessibility-operations,mobility.active-mobility,forecast,Forecast active and shared-mobility demand,active and shared-mobility trip demand,weather-event and land-use conditioned trip forecasting,trip requests without feasible vehicle or route capacity,weeks,network,capacity,model-calibration,forecast,asset-inventory|climate-hazard|geographic-identity|land-parcel|real-time-state|transport-network,design-only,blocked-missing-source,,0,false,sha256:1518a542f9c8e1e9e00bc3f22a67f8dbccfb5e39ab1f4ddc3c2ca7c7380b2334,sha256:f4b000b1275a42a4e497d81c743309c68848c9257551c3be9ab45b7a9558f896
75,scenario.mobility.active-mobility.active-network-projects.v1,mobility-accessibility-operations,mobility.active-mobility,prioritize,Prioritize active-mobility network projects,active-mobility network project portfolio,"connectivity, safety, equity, and lifecycle project optimization",essential trips remaining outside a low-stress accessible network,multi-year,asset,budget,cost-capacity,descriptive|optimization,asset-condition|asset-inventory|equity-attribute|financial-cost|geographic-identity|transport-network,design-only,blocked-missing-source,,0,false,sha256:1cdbc5be28d47395ef25bf4293720bc2b93a6f10575aabbf618f8aaaff6b4a8a,sha256:5a15f5879e476711c1aada33768658870994ff8e009f85788966d6561e605a58
76,scenario.mobility.active-mobility.shared-mobility-stations.v1,mobility-accessibility-operations,mobility.active-mobility,site,Site shared-mobility stations and secure parking,shared-mobility station and secure-parking locations,"demand-, access-, and right-of-way-constrained facility siting",residents beyond reliable shared-mobility access,multi-year,facility,regulatory,legal-authority,simulation|optimization,asset-inventory|equity-attribute|geographic-identity|land-parcel|legal-regulatory|transport-network,design-only,blocked-missing-source,,0,false,sha256:e3a249fffa740fbf07f61c5527bd4dd9a1c235e77f0bd158389e214484a96d6a,sha256:64a40def4298f85495b7882b7275fc710c5ca0d0730e70652dc5aacc24fa6fe2
77,scenario.mobility.active-mobility.shared-fleet.v1,mobility-accessibility-operations,mobility.active-mobility,allocate,"Allocate shared bicycles, devices, and charging capacity",shared-mobility fleet and charging capacity,minimum-access and demand-responsive fleet allocation,forecast trips without an available suitable vehicle,weeks,facility,equity,equity-measurement,simulation|optimization,asset-inventory|equity-attribute|geographic-identity|operating-capacity|real-time-state|transport-network,design-only,blocked-missing-source,,0,false,sha256:49fe1419b72d2b9f8bfbf9ab5cc32b43a1f7047c9a37f9ab7d74107015d52d07,sha256:95a3e46988632d5fff57bded1cca054a24800b83d89530949a38fbc46c897e9b
78,scenario.mobility.active-mobility.fleet-rebalancing.v1,mobility-accessibility-operations,mobility.active-mobility,schedule,Schedule shared-mobility rebalancing and maintenance,shared-mobility rebalancing and maintenance schedule,forecast-driven routing and maintenance scheduling,station-hours outside vehicle availability targets,weeks,network,time,temporal-alignment,forecast|optimization,asset-inventory|geographic-identity|operating-capacity|real-time-state|service-schedule|transport-network,design-only,blocked-missing-source,,0,false,sha256:6db5877219dfcda854affce9fd7c30768d9b5ced11b1085b09b4f3657aed5774,sha256:2ef24b3a1075886605c188ac65f04e749e220d8360b3e362f79b0883bd1f57a6
79,scenario.mobility.active-mobility.active-network-continuity.v1,mobility-accessibility-operations,mobility.active-mobility,stress-test,Stress-test active-mobility network continuity,active-mobility continuity under network and fleet disruption,"link-failure, weather, and fleet-availability simulation",essential trips without a low-stress feasible alternative,seasonal,network,risk,external-validation,forecast|simulation|optimization,asset-condition|asset-inventory|climate-hazard|geographic-identity|real-time-state|transport-network,design-only,blocked-missing-source,,0,false,sha256:320fb477cef10f68ad6b546588bae694c1483f18480397c9e02de0dad55a77c3,sha256:188cf7e30b8b594c85c167fd46d21341973b1484e2c4427581415aad347a4302
80,scenario.mobility.active-mobility.protected-network-effect.v1,mobility-accessibility-operations,mobility.active-mobility,evaluate,Evaluate protected active-mobility network expansion,phased protected walking and cycling network expansion,corridor event-study with count and conflict panels,change in low-stress trips and exposure-normalized conflicts,multi-year,corridor,equity,causal-identification,descriptive|causal,asset-inventory|environmental-exposure|equity-attribute|geographic-identity|intervention-assignment|outcome-panel|transport-network,design-only,blocked-multiple-gates,,0,false,sha256:51607909ed55f628835927a9bea52d419a8b4cf899b1315be0467c58bdf0e580,sha256:70afff7f03eb2228b896af6a4638e97e7cd90780622946dd7511ce9efaf532fe
81,scenario.health.heat-health.heat-illness-patterns.v1,population-health-environmental-exposure,health.heat-health,diagnose,Diagnose heat-health surveillance patterns,heat-related syndrome and surveillance anomalies,exposure-linked spatiotemporal surveillance diagnosis,unexplained excess heat-related health events,annual,population-group,technical,geographic-alignment,descriptive,climate-hazard|demographic-context|environmental-exposure|equity-attribute|health-outcome,design-only,blocked-missing-source,,0,false,sha256:02c92b6e09d163d7513bc9d9ff672ebe2217671096fe947674e1e66bd4659ce1,sha256:0722914b8a70835cd41125a89b95eed0095dcc1ee66f81cbf935f702842e5fa3
82,scenario.health.heat-health.heat-care-demand.v1,population-health-environmental-exposure,health.heat-health,forecast,Forecast heat-related care and outreach demand,daily heat-health care and outreach demand,lag-aware heat-health workload forecasting,health-response demand above staffed capacity,weeks,service-area,capacity,model-calibration,forecast,climate-hazard|demographic-context|health-outcome|operating-capacity|real-time-state,design-only,blocked-missing-source,,0,false,sha256:334fdff29da8e5d0e7c6dbae972baccfea865b2c6e1dcdfb7859ad81940446c7,sha256:85dfd602c32496feb933d05093ac1e14b36079bf23f8b2c659a5448eaa30d937
83,scenario.health.heat-health.heat-prevention-portfolio.v1,population-health-environmental-exposure,health.heat-health,prioritize,Prioritize heat-health prevention investments,heat-health prevention investment portfolio,"health-burden, equity, and deliverability portfolio optimization",expected preventable heat-health burden,multi-year,asset,budget,cost-capacity,descriptive|optimization,climate-hazard|demographic-context|equity-attribute|facility-inventory|financial-cost|health-outcome,design-only,blocked-missing-source,,0,false,sha256:80b5a3d699cd25ef2da1a1c70188fe91dd3225df3ac8f0a525d3875ce39a73c5,sha256:0de0268e9859e2b304324175014589bcbbdd9e6c00ed076c210860abb886125d
84,scenario.health.heat-health.heat-health-access-points.v1,population-health-environmental-exposure,health.heat-health,site,Site heat-health assessment and respite access points,heat-health assessment and referral locations,care-access facility location with clinical escalation constraints,high-risk residents beyond timely heat-health support,multi-year,facility,regulatory,legal-authority,simulation|optimization,climate-hazard|demographic-context|facility-inventory|health-outcome|operating-capacity|transport-network,design-only,blocked-missing-source,,0,false,sha256:5fec244d6c7bc006687d0db8f52d3ea440a269b76274c5cc1eb4a186d95b4912,sha256:8b22fc56cc7b39d9ea6689dcc9b6c3125a7f480cba7c0bcce6cc9f81c0dfbdd0
85,scenario.health.heat-health.heat-health-outreach.v1,population-health-environmental-exposure,health.heat-health,allocate,Allocate heat-health outreach and clinical surge support,heat-health outreach and surge resources,"risk-, access-, and minimum-coverage allocation",high-risk people without assigned support capacity,weeks,population-group,equity,equity-measurement,simulation|optimization,climate-hazard|demographic-context|equity-attribute|health-outcome|operating-capacity|real-time-state,design-only,blocked-missing-source,,0,false,sha256:57fe8719e6a2e0f50a7267ff6c27bf27bd27261523bca385a803a7feec12c52e,sha256:0764ac776c8c0f41ed913c1fa0c2dbd277a90df47b41bdf3bb560768a2918ea6
86,scenario.health.heat-health.heat-health-surveillance.v1,population-health-environmental-exposure,health.heat-health,schedule,Schedule heat-health surveillance and response escalation,heat-health surveillance and escalation schedule,forecast- and syndrome-triggered operations scheduling,hours of high-risk conditions without active health response,weeks,citywide,time,temporal-alignment,forecast|optimization,climate-hazard|demographic-context|health-outcome|operating-capacity|real-time-state|service-schedule,design-only,blocked-missing-source,,0,false,sha256:a7ee187056b3e0a9d1f511b17f4755f93607e74a3fd22ed7724920d1ae72b36e,sha256:12609f39c3e55ef7ac249920634bfea34fca359d2a0343e4ad5ff11d91b5f097
87,scenario.health.heat-health.heat-health-surge.v1,population-health-environmental-exposure,health.heat-health,stress-test,Stress-test heat-health surge capacity,heat-health system continuity under compound surge,"care-demand, power, facility, and staffing failure simulation",scenario-weighted unmet critical heat-health demand,seasonal,network,risk,external-validation,forecast|simulation|optimization,asset-condition|climate-hazard|demographic-context|facility-inventory|health-outcome|operating-capacity,design-only,blocked-missing-source,,0,false,sha256:5b25be1dd9afac13ec771f70313ac463edcc72f263f9f8706f5a882139ab71aa,sha256:774405c02113fdd6686a3df5a188e305bbc364bd9b6ae38427ee639013afe9e3
88,scenario.health.heat-health.heat-outreach-effect.v1,population-health-environmental-exposure,health.heat-health,evaluate,Evaluate targeted heat-health outreach,phased proactive heat-health outreach program,randomized encouragement or staggered rollout evaluation,change in verified heat-related emergency encounters,multi-year,population-group,equity,causal-identification,descriptive|causal,climate-hazard|community-input|demographic-context|equity-attribute|health-outcome|intervention-assignment|outcome-panel,design-only,blocked-multiple-gates,,0,false,sha256:a9e0b268163ef500f3a564a1e624cb2a2726d76d589b61ec480763756305e530,sha256:824181e67fafde09655e56b4eaf676fbfa24a33e03b498455518e934a400d040
89,scenario.health.air-quality.exposure-health-discordance.v1,population-health-environmental-exposure,health.air-quality,diagnose,Diagnose environmental exposure and respiratory-health patterns,air-exposure and respiratory-health pattern discordance,"multi-source exposure, outcome, and reporting triangulation",unresolved high-exposure high-burden population,annual,neighborhood,technical,geographic-alignment,descriptive,demographic-context|environmental-exposure|equity-attribute|geographic-identity|health-outcome|municipal-demand,reference-implemented,reference-implemented,deep.health.environmental-request-screen.v1,0,false,sha256:6da859a0d3cc29552cebc51e432ee210e63700d6199d8d8244e14d37b57ea5e5,sha256:ffedba5c502f87aa73235803cb6887bfc51d474be7eab3c1021c14c9de08ef88
90,scenario.health.air-quality.respiratory-demand.v1,population-health-environmental-exposure,health.air-quality,forecast,Forecast air-quality alerts and respiratory service demand,daily pollution alert and respiratory service demand,weather-source and lag-conditioned joint forecasting,respiratory response demand above available capacity,weeks,service-area,capacity,model-calibration,forecast,climate-hazard|environmental-exposure|geographic-identity|health-outcome|operating-capacity|real-time-state,design-only,blocked-missing-source,,0,false,sha256:007b91f73e42467c300f80699ecbc913719d8deada285e9cbedb86ceb19a6762,sha256:fdacd5d7b33ba49adad9446f7de0146e2c1471e82a8666ccc2efa1d3cc4183a2
91,scenario.health.air-quality.exposure-reduction-portfolio.v1,population-health-environmental-exposure,health.air-quality,prioritize,Prioritize air-exposure reduction investments,air-exposure reduction and health-protection portfolio,"source, exposure, equity, and lifecycle project optimization",population-weighted exposure above health-protection thresholds,multi-year,asset,budget,cost-capacity,descriptive|optimization,asset-inventory|environmental-exposure|equity-attribute|financial-cost|geographic-identity|health-outcome,design-only,blocked-missing-source,,0,false,sha256:4bea680bc0b51834556f0dc2571fee32bcde78d8c001b9ec9d1af93eb8d00be5,sha256:dea2ac696d18be9377a58d2c7d6c065fbf110f24a28d95efb0fc5f834c718e35
92,scenario.health.air-quality.monitor-protection-network.v1,population-health-environmental-exposure,health.air-quality,site,Site monitors and clean-air health resources,air-quality monitor and health-protection locations,uncertainty-aware sensor and facility co-location,high-risk population without representative monitoring or protection access,multi-year,facility,regulatory,legal-authority,simulation|optimization,environmental-exposure|equity-attribute|facility-inventory|geographic-identity|health-outcome|land-parcel,design-only,blocked-missing-source,,0,false,sha256:8cb85a3e26ba596df6f2a10671bc966569b6ab6333f2f72830bdead69bc69d7e,sha256:06b04d86a7425d39003ab91923fb701e8133b7c66dab93d650a5b80f1c3624e1
93,scenario.health.air-quality.respiratory-protection.v1,population-health-environmental-exposure,health.air-quality,allocate,Allocate respiratory protection and outreach resources,air-pollution respiratory protection resources,"exposure-, vulnerability-, and access-constrained allocation",high-risk people without assigned protection support,weeks,population-group,equity,equity-measurement,simulation|optimization,community-input|environmental-exposure|equity-attribute|geographic-identity|health-outcome|operating-capacity,design-only,blocked-missing-source,,0,false,sha256:f424fab809d1666e9d1f97051af93a4ea822957fcfedf6115f4b369480641c16,sha256:5d63dda3f899818bf5e9c6d522269f1fc612f3d58ee4ccf6f89ae40a54d48ead
94,scenario.health.air-quality.air-health-response.v1,population-health-environmental-exposure,health.air-quality,schedule,Schedule air-quality alerts and health response,air-quality health alert and response schedule,forecast-monitor-syndrome trigger scheduling,high-exposure hours without active protection measures,weeks,citywide,time,temporal-alignment,forecast|optimization,environmental-exposure|geographic-identity|health-outcome|operating-capacity|real-time-state|service-schedule,design-only,blocked-missing-source,,0,false,sha256:dcf05c4fb93e34d1a0e5468e0f197165bea3353299da657e2e471d0443ee03c1,sha256:663e6cb1a54f8d5cb9e303d3164449f65592fba13ec75c2abc83956bf57407e3
95,scenario.health.air-quality.pollution-health-continuity.v1,population-health-environmental-exposure,health.air-quality,stress-test,Stress-test respiratory-health continuity during pollution episodes,respiratory-health continuity under prolonged pollution,"pollution-duration, infiltration, demand, and facility failure simulation",scenario-weighted unmet respiratory protection and care demand,seasonal,network,risk,external-validation,forecast|simulation|optimization,asset-condition|environmental-exposure|facility-inventory|geographic-identity|health-outcome|operating-capacity,design-only,blocked-missing-source,,0,false,sha256:f2ff9dd9890de9a7c4f860845a4b9efbc0ec38fddaf853de51cc87ff0dd0716c,sha256:fc73d5d070d067e6e2f6df6cfb637589b719281b04713e6e6c06bafd0852eda8
96,scenario.health.air-quality.clean-air-program-effect.v1,population-health-environmental-exposure,health.air-quality,evaluate,Evaluate clean-air protection and source-control effects,phased clean-air protection and source-control intervention,staggered adoption evaluation with exposure and health panels,change in measured exposure and respiratory-event rate,multi-year,population-group,equity,causal-identification,descriptive|causal,environmental-exposure|equity-attribute|geographic-identity|health-outcome|intervention-assignment|legal-regulatory|outcome-panel,design-only,blocked-multiple-gates,,0,false,sha256:921fd951a8f5d81d807dbfced3210c0fab7f2a5e5aa0f818e914ad57daae3d0f,sha256:dec24756ee7d5eb30a2e533f65232c316db567754dc3807f22ac14ffb84e24c6
97,scenario.health.infectious-operations.surveillance-discordance.v1,population-health-environmental-exposure,health.infectious-operations,diagnose,Diagnose infectious-disease surveillance discordance,infectious-disease surveillance signal discordance,multi-stream nowcast residual and change-point diagnosis,unresolved abnormal surveillance signals,annual,service-area,technical,geographic-alignment,descriptive,demographic-context|environmental-exposure|geographic-identity|health-outcome|operating-capacity,design-only,blocked-missing-source,,0,false,sha256:188f99c226b5d251b2b1f03ca1e881e9290bf3c6e7a9194ca0169df00c08f664,sha256:2c3241b59aa68f1439208a15da125c43417ab545fc432a461d8f45973e423047
98,scenario.health.infectious-operations.care-testing-demand.v1,population-health-environmental-exposure,health.infectious-operations,forecast,Forecast infectious-disease care and testing demand,infectious-disease response workload,reporting-delay-aware multistream demand forecasting,care and testing demand above staffed capacity,weeks,service-area,capacity,model-calibration,forecast,geographic-identity|health-outcome|operating-capacity|real-time-state|service-schedule,design-only,blocked-missing-source,,0,false,sha256:1d3961a3a8a7866c3bbd50f4845c5091657b78db7f0d4249d70cf2ef8cd47acd,sha256:a527928311220c7d60df6085c0cdd1f0bea5fb9d0b7d3bd1cc772dde563a3148
99,scenario.health.infectious-operations.preparedness-portfolio.v1,population-health-environmental-exposure,health.infectious-operations,prioritize,Prioritize infectious-disease preparedness investments,infectious-disease preparedness portfolio,multi-pathogen readiness and lifecycle portfolio optimization,expected essential response-capacity shortfall,multi-year,asset,budget,cost-capacity,descriptive|optimization,asset-inventory|community-input|financial-cost|geographic-identity|health-outcome|operating-capacity,design-only,blocked-missing-source,,0,false,sha256:87ed6ee7be4fd134892ee4bdbb6c72b8f705bb64990656a14cef786e8f42761e,sha256:7ee5511ff58dc1424413c4cc9c362447085d4e8c4793857ee4974cc14d14947e
100,scenario.health.infectious-operations.testing-vaccination-sites.v1,population-health-environmental-exposure,health.infectious-operations,site,"Site accessible testing, vaccination, and treatment access points",temporary infectious-disease service locations,capacitated access and infection-control facility siting,eligible population beyond timely qualified service access,multi-year,facility,regulatory,legal-authority,simulation|optimization,equity-attribute|facility-inventory|geographic-identity|health-outcome|operating-capacity|transport-network,design-only,blocked-missing-source,,0,false,sha256:a7e6acd6efe63b4193a03dd2b7cf2876582921b810c4d82c158359a22a226798,sha256:f2f7791b2e22af98c4dc302085b408a2e0d49ec302f9141fe021841b9b0544f9
101,scenario.health.infectious-operations.vaccines-tests-treatment.v1,population-health-environmental-exposure,health.infectious-operations,allocate,"Allocate vaccines, tests, treatment, and outreach",infectious-disease prevention and treatment resources,clinical-priority and minimum-access allocation,eligible need without assigned service capacity,weeks,population-group,equity,equity-measurement,simulation|optimization,equity-attribute|geographic-identity|health-outcome|legal-regulatory|operating-capacity|real-time-state,design-only,blocked-missing-source,,0,false,sha256:38f0d39b29d77cef38ec24b127aaa5fbaf9032fd7635601ab7be0503db0c9bf1,sha256:babf3782c979a09aeeaf2ec2b3e99e78fbaf46d9a8db9ae1a2c1e848ca51962b
102,scenario.health.infectious-operations.clinic-lab-calendar.v1,population-health-environmental-exposure,health.infectious-operations,schedule,"Schedule clinics, laboratories, and outreach teams","infectious-disease clinic, laboratory, and outreach schedule","demand-, cold-chain-, and turnaround-constrained scheduling",priority demand outside service and turnaround targets,weeks,network,time,temporal-alignment,forecast|optimization,facility-inventory|geographic-identity|health-outcome|operating-capacity|real-time-state|service-schedule,design-only,blocked-missing-source,,0,false,sha256:518d041a74190cfc7a55436cc6bbba865bd6827c96678e5de45c808c1745b0b1,sha256:3c329019d78f38abc595af9a0f35b2d77aefe4e1916eabca9787cce53015e866
103,scenario.health.infectious-operations.multi-pathogen-surge.v1,population-health-environmental-exposure,health.infectious-operations,stress-test,Stress-test public-health operations under multi-pathogen surge,infectious-disease operations under correlated surge,"multi-pathogen demand, workforce, supply, and facility failure simulation",scenario-weighted unmet priority health-service demand,seasonal,network,risk,external-validation,forecast|simulation|optimization,asset-condition|financial-cost|geographic-identity|health-outcome|operating-capacity|real-time-state,design-only,blocked-missing-source,,0,false,sha256:114d4756f8f007d6eb0c2b7f3542eb588e85e63cdec251098f68cec9ea77a274,sha256:078730a0c2068b2c02d89aa2f1d138d380caae5bc6999245e1d11da224f6c99d
104,scenario.health.infectious-operations.outreach-access-effect.v1,population-health-environmental-exposure,health.infectious-operations,evaluate,Evaluate targeted infectious-disease access strategies,phased mobile infectious-disease service and outreach,randomized encouragement or staggered access evaluation,change in verified eligible service completion,multi-year,population-group,equity,causal-identification,descriptive|causal,community-input|equity-attribute|geographic-identity|health-outcome|intervention-assignment|operating-capacity|outcome-panel,design-only,blocked-multiple-gates,,0,false,sha256:bc2453f7e0a068dd2ed86aa2fc21dfca43b6237f0e24b1eca7aa834ada42e304,sha256:eea580805d8dc426dea1c6648173cd387779cce1a596d6b4abae79b1078c851f
105,scenario.health.food-environment.food-environment-gaps.v1,population-health-environmental-exposure,health.food-environment,diagnose,Diagnose food-access and environmental-health service gaps,food-access and environmental-health service gaps,"retail-access, inspection, price, and service triangulation",people in high-need low-service conditions,annual,neighborhood,technical,geographic-alignment,descriptive,demographic-context|equity-attribute|facility-inventory|geographic-identity|housing-market|municipal-demand,design-only,blocked-missing-source,,0,false,sha256:6c506b3a1989b9f53931a1e6f8599fbfd24cc434cba96488bb4205a398018b84,sha256:d5560f54ad3b84b2df3cd46997021de51e53d502b6fb79ab0e753affff33785c
106,scenario.health.food-environment.inspection-assistance-demand.v1,population-health-environmental-exposure,health.food-environment,forecast,Forecast inspection and food-assistance service demand,environmental-health inspection and food-assistance demand,seasonal event- and market-conditioned workload forecasting,priority service demand above staffed capacity,weeks,service-area,capacity,model-calibration,forecast,climate-hazard|demographic-context|facility-inventory|geographic-identity|municipal-demand|operating-capacity,design-only,blocked-missing-source,,0,false,sha256:9fbb1d6e726bec5476d63988ed3d88b5ded3d4bfb9e84ce61f51d73497611a61,sha256:98b5d7bd25db1c5aad9acbb0727cfdba72b28dd858cd92f33399c1808c6c17c0
107,scenario.health.food-environment.food-health-portfolio.v1,population-health-environmental-exposure,health.food-environment,prioritize,Prioritize food-access and environmental-health investments,food-access and environmental-health investment portfolio,"access-, risk-, equity-, and lifecycle portfolio optimization",population-weighted food and environmental service gap,multi-year,asset,budget,cost-capacity,descriptive|optimization,asset-condition|demographic-context|equity-attribute|facility-inventory|financial-cost|geographic-identity,design-only,blocked-missing-source,,0,false,sha256:7924ce2a469d6d37bbc402cc16083ac06d771b94385b9ccdf1a6e5cf7d90597f,sha256:2162ea75f9be6f937dd65b5edc473b242d61450fd8960ec29d5746047c1419e5
108,scenario.health.food-environment.food-access-services.v1,population-health-environmental-exposure,health.food-environment,site,Site food-access and environmental-health service points,food-access and environmental-health service locations,capacitated multi-service access location-allocation,eligible people beyond affordable timely service access,multi-year,facility,regulatory,legal-authority,simulation|optimization,demographic-context|equity-attribute|facility-inventory|geographic-identity|land-parcel|transport-network,design-only,blocked-missing-source,,0,false,sha256:6e736562003ad5397b5b986855fd077e1a10fbc7a804bf4a255a3f981a874705,sha256:8cf95520b77a3c1d0bb3a937b6d7109fc3659f6fd0cbee0ae414eaff7acbe794
109,scenario.health.food-environment.inspection-assistance-resources.v1,population-health-environmental-exposure,health.food-environment,allocate,"Allocate inspectors, food support, and field resources",environmental-health inspection and food-support resources,risk-tiered minimum-access resource allocation,priority cases and eligible demand without assigned capacity,weeks,service-area,equity,equity-measurement,simulation|optimization,demographic-context|equity-attribute|facility-inventory|geographic-identity|municipal-demand|operating-capacity,design-only,blocked-missing-source,,0,false,sha256:458f7a60217f3dc23680c587b74f10cd1a60f0e286631351ecebb92efd35c3e1,sha256:10039af612ee0bfdaa5f6535cbc243356be17e7bed1f4d336f44aff935b840c3
110,scenario.health.food-environment.inspection-mobile-service.v1,population-health-environmental-exposure,health.food-environment,schedule,Schedule inspections and mobile food services,environmental-health inspection and mobile food-service schedule,"risk-, travel-, perishability-, and capacity-constrained scheduling",priority case-days outside response targets,weeks,network,time,temporal-alignment,forecast|optimization,demographic-context|facility-inventory|geographic-identity|operating-capacity|real-time-state|service-schedule,design-only,blocked-missing-source,,0,false,sha256:db2b524f0e0d2c5f1ffedbd815a39a35a273be5111ce335f13e22383075378fe,sha256:c04c8654520d3bb2ce418a87fe720e062c08856f164033fad4427c3c4f997794
111,scenario.health.food-environment.food-system-disruption.v1,population-health-environmental-exposure,health.food-environment,stress-test,Stress-test food and environmental-health continuity,food-access and environmental-health continuity under disruption,"supply, cold-chain, facility, demand, and workforce failure simulation",scenario-weighted people below minimum safe food access,seasonal,network,risk,external-validation,forecast|simulation|optimization,asset-condition|climate-hazard|demographic-context|facility-inventory|geographic-identity|operating-capacity,design-only,blocked-missing-source,,0,false,sha256:7a25dc4bbcdc43784b243baa14b91aaa29d6f3940e8329d2bd2a6bf79f8c5079,sha256:516db67611b4f7003f7e9fdb597118aaeb6cfa2f0d6890a1f4bc909476fcebf4
112,scenario.health.food-environment.mobile-food-access-effect.v1,population-health-environmental-exposure,health.food-environment,evaluate,Evaluate mobile food-access and benefit-navigation programs,phased mobile food-access and benefit-navigation program,staggered rollout evaluation with eligible-population panels,change in verified affordable food-service completion,multi-year,population-group,equity,causal-identification,descriptive|causal,community-input|demographic-context|equity-attribute|facility-inventory|geographic-identity|housing-market|intervention-assignment|outcome-panel,design-only,blocked-multiple-gates,,0,false,sha256:734e36bf62ef1aabda5f549acbb39a4a40b546a5f61a29761321bd249fdc6730,sha256:ca424ef8050c6b2b2b37a09c89bb5d659d656e3fd0e4b7f64b5e88396e43addf
113,scenario.housing.habitability-code.habitability-signals.v1,housing-land-use-regeneration,housing.habitability-code,diagnose,Diagnose unresolved housing habitability signals,building-level unresolved habitability signals,longitudinal complaint-inspection-repair reconciliation,high-priority buildings with unresolved verified conditions,annual,asset,technical,geographic-alignment,descriptive,asset-condition|equity-attribute|geographic-identity|housing-market|land-parcel|municipal-demand,design-only,blocked-missing-source,,0,false,sha256:43b00935854ee5b0ac3ccdc2c44db8128c53b0f73e7ca57b449d50aa241f91f3,sha256:fb2e99691b9b8971e402048dfebda6f5a8cbae8a4169e977a0357f109d46a259
114,scenario.housing.habitability-code.inspection-repair-demand.v1,housing-land-use-regeneration,housing.habitability-code,forecast,Forecast housing inspection and emergency-repair demand,housing inspection and emergency-repair workload,building-history and weather-conditioned case forecasting,priority cases above verified response capacity,weeks,service-area,capacity,model-calibration,forecast,asset-condition|climate-hazard|geographic-identity|housing-market|municipal-demand|operating-capacity,design-only,blocked-missing-source,,0,false,sha256:18b99a2bed677da3121e73e614317c3ceb1220b54e776bcb40ac658e7ecc8428,sha256:4c3a46dfb8856f62e28d881c9fba8ec03950723adb0c77b0a068a2298f32d186
115,scenario.housing.habitability-code.habitability-interventions.v1,housing-land-use-regeneration,housing.habitability-code,prioritize,Prioritize habitability inspection and repair interventions,housing habitability intervention portfolio,"severity-, vulnerability-, evidence-, and deliverability-weighted prioritization",verified severe condition-days unresolved,multi-year,asset,budget,cost-capacity,descriptive|optimization,asset-condition|equity-attribute|financial-cost|geographic-identity|housing-market|municipal-demand,reference-implemented,reference-implemented,deep.housing.request-triage.v1,0,false,sha256:17b68c23fc7ef6fbf9bbb6a5bfaf63a1232f62c9160d65a0f38561e6a47143e5,sha256:fa42a1bb3e529b98a995da471c1366b36619c12f50257a2c1cbc3e21d33edec6
116,scenario.housing.habitability-code.tenant-service-access.v1,housing-land-use-regeneration,housing.habitability-code,site,Site tenant-support and emergency housing access points,tenant-support and emergency housing service locations,"need-, language-, transit-, and capacity-aware service siting",at-risk tenants beyond timely qualified support,multi-year,facility,regulatory,legal-authority,simulation|optimization,equity-attribute|facility-inventory|geographic-identity|housing-market|municipal-demand|transport-network,design-only,blocked-missing-source,,0,false,sha256:54d46698a540d3b8fd5a4056c2d7ebcd4737fc7ca60a3fe32e22a50036ba8647,sha256:06c1d32fcfac87756fb9ec41afc5f1e4c25233239e64c96526d76bfe532bd727
117,scenario.housing.habitability-code.inspectors-repair-support.v1,housing-land-use-regeneration,housing.habitability-code,allocate,Allocate housing inspectors and emergency repair support,"housing inspection, repair, and tenant-protection resources",severity and minimum-service constrained case allocation,verified priority households without assigned response capacity,weeks,service-area,equity,equity-measurement,simulation|optimization,equity-attribute|geographic-identity|housing-market|legal-regulatory|municipal-demand|operating-capacity,design-only,blocked-missing-source,,0,false,sha256:d99f9bf91e986c2d9fe972b6956c89dd6b88d6f24b1ff57e6596481a0442e7a2,sha256:895ea1081e3288bf15b9252449daa9af09f33ade940a9cf76883c864b6156896
118,scenario.housing.habitability-code.inspection-enforcement-calendar.v1,housing-land-use-regeneration,housing.habitability-code,schedule,"Schedule housing inspections, follow-ups, and repairs","housing inspection, enforcement, and repair schedule","severity-, dependency-, and statutory-deadline scheduling",priority case-days beyond lawful response deadlines,weeks,asset,time,temporal-alignment,forecast|optimization,geographic-identity|housing-market|legal-regulatory|municipal-demand|operating-capacity|service-schedule,design-only,blocked-missing-source,,0,false,sha256:43c17446cd04c07c3c8c5f3197af35a55fe529db27f18e996a1bc72827a89716,sha256:25e171b007038c833d002bb5fc676b5ffd233defbcc07b5e01a5d1cc95a57f58
119,scenario.housing.habitability-code.housing-emergency-surge.v1,housing-land-use-regeneration,housing.habitability-code,stress-test,Stress-test housing response during extreme-condition surges,housing habitability response under extreme-condition surge,"case, facility, contractor, and relocation-capacity failure simulation",scenario-weighted priority households without timely protection,seasonal,network,risk,external-validation,forecast|simulation|optimization,climate-hazard|facility-inventory|geographic-identity|housing-market|municipal-demand|operating-capacity,design-only,blocked-missing-source,,0,false,sha256:bb8dfcb8d9757995324b66ba048f0ba5a2dd5cc61c7557962584e3a44181e4c7,sha256:4affd18cfedb9b28d20671b0d342ab2acaa7b1a23bcd1d1cd057fb9d53d46707
120,scenario.housing.habitability-code.proactive-inspection-effect.v1,housing-land-use-regeneration,housing.habitability-code,evaluate,Evaluate proactive housing inspection and repair support,phased proactive inspection and repair-support program,staggered building-level evaluation with tenant outcome panels,change in verified severe condition duration,multi-year,asset,equity,causal-identification,descriptive|causal,asset-condition|equity-attribute|geographic-identity|housing-market|intervention-assignment|legal-regulatory|municipal-demand|outcome-panel,design-only,blocked-multiple-gates,,0,false,sha256:10e33d5d17b777a89b28b1aad4e40743507c740e80decd7f596aa1ad59fdfb54,sha256:cb8270cab3f8167624ad107a44b50ad9d83fd90ee4d95ea1401cd233346e712f
121,scenario.housing.homelessness-prevention.stability-service-gaps.v1,housing-land-use-regeneration,housing.homelessness-prevention,diagnose,Diagnose housing-instability and prevention-service gaps,housing-instability pathways and prevention-service gaps,privacy-preserving longitudinal pathway diagnosis,eligible households entering crisis without prior prevention access,annual,population-group,technical,geographic-alignment,descriptive,community-input|demographic-context|equity-attribute|housing-market|operating-capacity|outcome-panel,design-only,blocked-missing-source,,0,false,sha256:6643213efc97b1501fca35c46adab303242abd3e74a025f9f010bcf784b59cf9,sha256:05e2832778af2ac6014c81cba41f7517fdacaa3fb9a78e121008d8cbcc0cb83e
122,scenario.housing.homelessness-prevention.prevention-service-demand.v1,housing-land-use-regeneration,housing.homelessness-prevention,forecast,Forecast housing-stability service demand,housing-stability and homelessness-prevention demand,"market, court, season, and service-flow forecasting",priority household demand above prevention capacity,weeks,service-area,capacity,model-calibration,forecast,demographic-context|housing-market|municipal-demand|operating-capacity|real-time-state|service-schedule,design-only,blocked-missing-source,,0,false,sha256:df018b88f441f1d21f20d84f6b09cf18eea25b37fcc311d0936949af6da6c5f4,sha256:06911aa4b44d6cd0ae627df6bc1336c8bd5fff024b61bdb65aebe10690d651c6
123,scenario.housing.homelessness-prevention.stability-program-portfolio.v1,housing-land-use-regeneration,housing.homelessness-prevention,prioritize,Prioritize housing-stability prevention programs,housing-stability prevention program portfolio,"outcome-, equity-, cost-, and capacity-aware program prioritization",expected unresolved housing-stability crises,multi-year,service-area,budget,cost-capacity,descriptive|optimization,demographic-context|equity-attribute|financial-cost|housing-market|operating-capacity|outcome-panel,design-only,blocked-missing-source,,0,false,sha256:78d27da969d67ca86ea94ba1a1c48a2880120a7d5b4476bfc2ab769ad718718c,sha256:d09a7b553c8d2c2f70a139c5209a107a28fb0ef2948a35b249e576b08c519903
124,scenario.housing.homelessness-prevention.stability-access-hubs.v1,housing-land-use-regeneration,housing.homelessness-prevention,site,Site low-barrier housing-stability access hubs,low-barrier housing-stability service hubs,"need-, transit-, language-, privacy-, and capacity-aware hub siting",eligible households beyond timely prevention access,multi-year,facility,regulatory,legal-authority,simulation|optimization,demographic-context|equity-attribute|facility-inventory|housing-market|operating-capacity|transport-network,design-only,blocked-missing-source,,0,false,sha256:c0be006aaa4be62be63146fe4a68729e4c2a1bc44eae87151ae01f35cd02ffe1,sha256:f15d194fc2a70bb291de951ce6084d00427cf2baf6b7b7fc13157b35dfb19f13
125,scenario.housing.homelessness-prevention.prevention-assistance.v1,housing-land-use-regeneration,housing.homelessness-prevention,allocate,"Allocate rental, legal, diversion, and navigation assistance",housing-stability prevention assistance,rights-preserving eligibility and minimum-service allocation,eligible urgent households without assigned assistance,weeks,population-group,equity,equity-measurement,simulation|optimization,demographic-context|equity-attribute|housing-market|legal-regulatory|operating-capacity|real-time-state,design-only,blocked-missing-source,,0,false,sha256:ad107b0d623299486366a231ab2bcca97898d7bbc0167669d2cd8f436c1bbf2d,sha256:2e2bb9f89b871a63c55a37a7a0afd8418cd70646a5423d7db1b11586d579e275
126,scenario.housing.homelessness-prevention.prevention-caseflow.v1,housing-land-use-regeneration,housing.homelessness-prevention,schedule,Schedule prevention casework and legal deadlines,housing-stability prevention caseflow schedule,"deadline-, dependency-, and urgency-aware case scheduling",urgent household-days beyond actionable deadlines,weeks,service-area,time,temporal-alignment,forecast|optimization,demographic-context|housing-market|legal-regulatory|operating-capacity|real-time-state|service-schedule,design-only,blocked-missing-source,,0,false,sha256:bd94d65e7570735a31022732f08fa7b684faa66fdc5d8d86cd085808ab8e7b57,sha256:d74b686ac65ee96890ffd01d59f6226c93c35c3d7cf828d296330fc4fe1b3df4
127,scenario.housing.homelessness-prevention.housing-stability-surge.v1,housing-land-use-regeneration,housing.homelessness-prevention,stress-test,Stress-test housing-stability capacity under market shock,housing-stability prevention under compound market shock,"household-flow, funding, legal, and shelter-capacity simulation",scenario-weighted urgent households without timely prevention,seasonal,network,risk,external-validation,forecast|simulation|optimization,climate-hazard|demographic-context|facility-inventory|financial-cost|housing-market|operating-capacity,design-only,blocked-missing-source,,0,false,sha256:c762f6009ac1fc64348d1371a3d3635b580099c197049853bc8bb18fe6ec1ffe,sha256:d55535a9ad7f02d081a4e40d25aacff26afc964e43a695629222d9aa3628efbf
128,scenario.housing.homelessness-prevention.rental-assistance-effect.v1,housing-land-use-regeneration,housing.homelessness-prevention,evaluate,Evaluate rental assistance and legal support,phased rental assistance and legal-support program,randomized lottery or quasi-random eligibility evaluation,change in verified stable housing retention,multi-year,population-group,equity,causal-identification,descriptive|causal,community-input|demographic-context|equity-attribute|housing-market|intervention-assignment|legal-regulatory|operating-capacity|outcome-panel,design-only,blocked-multiple-gates,,0,false,sha256:07dcec67b9fbebf418a097121c9f68a3920ba79887144b98dbf6fd4b7efb35b8,sha256:c3ff331d9a822fbe5a8ef6555cd33f22ed9bd66fd599eed00f6b49c66462f106
129,scenario.housing.affordable-supply.affordability-loss-risk.v1,housing-land-use-regeneration,housing.affordable-supply,diagnose,Diagnose affordable-housing loss and supply gaps,affordable-housing preservation risk and supply gaps,"property-level restriction, condition, finance, and market reconciliation",affordable homes at verified near-term loss risk,annual,parcel,technical,geographic-alignment,descriptive,asset-condition|equity-attribute|financial-cost|geographic-identity|housing-market|land-parcel,design-only,blocked-missing-source,,0,false,sha256:760df56edf6b758b4dde2fa47bf3de3295054382d3758b598d9bc00c04a5136c,sha256:2ee65f6e07ef7871370c7ac4a1af2ad19c054a32f06fa73dfed204d4dea52226
130,scenario.housing.affordable-supply.affordable-pipeline.v1,housing-land-use-regeneration,housing.affordable-supply,forecast,Forecast affordable-housing pipeline and preservation need,affordable-housing pipeline and preservation demand,project-stage survival and restriction-expiry forecasting,net affordable homes below adopted supply targets,weeks,citywide,capacity,model-calibration,forecast,financial-cost|geographic-identity|housing-market|land-parcel|legal-regulatory|real-time-state,design-only,blocked-missing-source,,0,false,sha256:a3c3c890f0bea2183712848a6415f119472b5a3458838acb8b73a17679e50f19,sha256:ddeb87ff6d89320e611f49b9f97501434bc6933c9b4a966f4e514c1884d0acdc
131,scenario.housing.affordable-supply.preservation-development-portfolio.v1,housing-land-use-regeneration,housing.affordable-supply,prioritize,Prioritize affordable-housing preservation and development,affordable-housing preservation and development portfolio,"unit-year, equity, access, risk, and subsidy portfolio optimization",affordable home-years lost relative to targets,multi-year,parcel,budget,cost-capacity,descriptive|optimization,asset-condition|equity-attribute|financial-cost|geographic-identity|housing-market|land-parcel,design-only,blocked-missing-source,,0,false,sha256:c270647f563e8682ffabb52c1ffbae18473b964935a30110d224c277b6f4014a,sha256:4b82d3a273cb9e153f2a27de1aa4346875e1d2f94238a4ca9fe2b7c0ae32c32b
132,scenario.housing.affordable-supply.affordable-housing-sites.v1,housing-land-use-regeneration,housing.affordable-supply,site,Site affordable housing with access and anti-displacement safeguards,affordable-housing development locations,"parcel feasibility, access, hazard, and displacement-aware siting",feasible affordable homes outside opportunity access,multi-year,parcel,regulatory,legal-authority,simulation|optimization,climate-hazard|equity-attribute|geographic-identity|housing-market|land-parcel|legal-regulatory|transport-network,design-only,blocked-missing-source,,0,false,sha256:2abdd3400e71da58a66c9b9a8e365b7010a43995afc7310480261f0c8321c322,sha256:4ba0f36a9c18954051162ae487a95e732200f712ef3c2cc048354e89e54a51e5
133,scenario.housing.affordable-supply.housing-subsidy.v1,housing-land-use-regeneration,housing.affordable-supply,allocate,Allocate housing subsidy and preservation capacity,affordable-housing subsidy and delivery capacity,"affordability-duration, need, leverage, and equity allocation",eligible affordable home-years without assigned subsidy,weeks,parcel,equity,equity-measurement,simulation|optimization,equity-attribute|financial-cost|geographic-identity|housing-market|land-parcel|operating-capacity,design-only,blocked-missing-source,,0,false,sha256:777d03b2ad4feaeee413826ac0405d84dc74c80919475cb14914f7124280af10,sha256:0d090e208e9f63261a9b1587cabe62a8cb7bf74ff3747f63ff587351cdc560be
134,scenario.housing.affordable-supply.housing-pipeline-sequence.v1,housing-land-use-regeneration,housing.affordable-supply,schedule,Schedule affordable-housing pipeline and preservation actions,affordable-housing project and preservation schedule,"dependency-, expiry-, relocation-, and financing-window scheduling",affordable home-years lost to avoidable project delay,weeks,parcel,time,temporal-alignment,forecast|optimization,financial-cost|geographic-identity|housing-market|land-parcel|legal-regulatory|service-schedule,design-only,blocked-missing-source,,0,false,sha256:51f9a90fafe725060b793acc7628eda614052e458bbe3f63e125b307a9d85a6e,sha256:ecd3df03fc37a6946797e4e3b122fec540b807215aee00ed5882105c91bdee57
135,scenario.housing.affordable-supply.housing-finance-shock.v1,housing-land-use-regeneration,housing.affordable-supply,stress-test,Stress-test affordable-housing delivery under finance and cost shocks,affordable-housing portfolio under financing and delivery shock,"project-level finance, cost, delay, and attrition simulation",scenario-weighted affordable home-years not delivered or preserved,seasonal,citywide,risk,external-validation,forecast|simulation|optimization,asset-condition|financial-cost|geographic-identity|housing-market|land-parcel|operating-capacity,design-only,blocked-missing-source,,0,false,sha256:9b5e49f039ec4a2f6e8cb1c4fdce922f2dceff0872ec90894a81bf4b10730477,sha256:485a1da96a7f264a694d1200fd5d12e1208165a8599b8bc8ce5e3dd2998d2004
136,scenario.housing.affordable-supply.preservation-program-effect.v1,housing-land-use-regeneration,housing.affordable-supply,evaluate,Evaluate affordable-housing preservation interventions,phased affordable-housing acquisition and rehabilitation,matched property event-study with tenant and restriction panels,change in verified affordable home-years and tenant retention,multi-year,parcel,equity,causal-identification,descriptive|causal,asset-condition|equity-attribute|geographic-identity|housing-market|intervention-assignment|land-parcel|legal-regulatory|outcome-panel,design-only,blocked-multiple-gates,,0,false,sha256:bfec72e4199c873f19cbcd39a88a4626775ff7bc7be7ea624a7f4ec096ed86f6,sha256:b425da0d91ee16d0e5a8ffde4daaf2cbaeef7e6976af3fe6c6d6d9fad6e33711
137,scenario.housing.land-use-regeneration.land-use-friction.v1,housing-land-use-regeneration,housing.land-use-regeneration,diagnose,"Diagnose land-use capacity, vacancy, and community-asset friction",parcel-level regeneration opportunities and community risks,"zoning, parcel, infrastructure, market, and community-asset diagnosis",priority parcels with unresolved feasibility and community-risk conflicts,annual,parcel,technical,geographic-alignment,descriptive,asset-inventory|climate-hazard|community-input|geographic-identity|housing-market|land-parcel,design-only,blocked-missing-source,,0,false,sha256:78aae751b665ccea05bd4ea9a2b220bd62d5b85c413ac068085fe4c2ad10fd0e,sha256:121c42003f1d617d680ae1f530034180eb19b584c55bf67c6650dd288ace635b
138,scenario.housing.land-use-regeneration.development-displacement.v1,housing-land-use-regeneration,housing.land-use-regeneration,forecast,"Forecast development, affordability, and displacement pressure",neighborhood development and displacement pressure,scenario-conditioned parcel and housing-market forecasting,residents and businesses exposed to modeled involuntary displacement pressure,weeks,neighborhood,capacity,model-calibration,forecast,equity-attribute|financial-cost|geographic-identity|housing-market|land-parcel|outcome-panel,design-only,blocked-missing-source,,0,false,sha256:cff86999028ffea930c5a92b5aa7483efececf3d0ffc44f457d37a089d10e1b3,sha256:59dd88f0152c6bc111f7af271b7b3aebeb5eecfdeb953d1ed028ce294e80d3d8
139,scenario.housing.land-use-regeneration.regeneration-investments.v1,housing-land-use-regeneration,housing.land-use-regeneration,prioritize,Prioritize inclusive regeneration investments,inclusive neighborhood regeneration investment portfolio,"community-benefit, access, risk, and lifecycle portfolio optimization",unmet verified community-benefit and infrastructure need,multi-year,asset,budget,cost-capacity,descriptive|optimization,asset-condition|community-input|financial-cost|geographic-identity|housing-market|land-parcel,design-only,blocked-missing-source,,0,false,sha256:ff22345e2717be81e1567374d0640224d9730b8782559dd4508233db75c684de,sha256:846c1744ce9446e5b64877737ea60f41874fe84b0518573b87a06b61d8af1d6b
140,scenario.housing.land-use-regeneration.community-anchor-sites.v1,housing-land-use-regeneration,housing.land-use-regeneration,site,Site public anchors and mixed-use regeneration projects,public anchor and mixed-use regeneration locations,"parcel, access, heritage, hazard, and community-goal siting",verified service and opportunity need beyond feasible anchor access,multi-year,parcel,regulatory,legal-authority,simulation|optimization,climate-hazard|community-input|geographic-identity|housing-market|land-parcel|legal-regulatory|transport-network,design-only,blocked-missing-source,,0,false,sha256:e5eda20d785ac7cae001169ddecd87f0c78a16c827a4ae30a0e120e6a7a6c70d,sha256:dfa364eb2e5ce6b1b39e80db12c0e8f36afc65addf04804cb487a5cd132ba896
141,scenario.housing.land-use-regeneration.regeneration-benefits.v1,housing-land-use-regeneration,housing.land-use-regeneration,allocate,Allocate regeneration funds and community benefits,regeneration funding and enforceable community benefits,"minimum-benefit, need, deliverability, and displacement-risk allocation",verified community priorities without funded enforceable benefit,weeks,neighborhood,equity,equity-measurement,simulation|optimization,community-input|equity-attribute|financial-cost|geographic-identity|housing-market|land-parcel|legal-regulatory,design-only,blocked-missing-source,,0,false,sha256:d883f7c7fff0362d39022ee388fab7f374b4430c8f4d8faa5b984ca411c64b27,sha256:e2838d3d96452a0459b9846b62f7802877e31607b18de5e52639c53bb9b8e54a
142,scenario.housing.land-use-regeneration.regeneration-phasing.v1,housing-land-use-regeneration,housing.land-use-regeneration,schedule,Schedule regeneration infrastructure and protections,regeneration project and community-protection phasing,dependency and no-net-harm milestone scheduling,resident- and business-days exposed before required protections,weeks,neighborhood,time,temporal-alignment,forecast|optimization,financial-cost|geographic-identity|housing-market|land-parcel|legal-regulatory|service-schedule,design-only,blocked-missing-source,,0,false,sha256:0cadd3cb0a88b11017e7809d516ae08a579a48147eae8563623769b56a358d8c,sha256:f99da621858b01ccb965df0472aa52b46d575eff4e72cdc8d1ad26b3cca1c684
143,scenario.housing.land-use-regeneration.regeneration-market-shock.v1,housing-land-use-regeneration,housing.land-use-regeneration,stress-test,Stress-test regeneration under market and delivery shocks,inclusive regeneration plan under market and delivery shock,"parcel, finance, displacement, infrastructure, and hazard simulation","scenario-weighted loss of protected housing, businesses, and public benefits",seasonal,neighborhood,risk,external-validation,forecast|simulation|optimization,climate-hazard|financial-cost|geographic-identity|housing-market|land-parcel|operating-capacity,design-only,blocked-missing-source,,0,false,sha256:db7e5c72b1979318d51c1c13f0c720a5198d58f3b0ef52e90bea5de275c3222c,sha256:e56ee4a1eb09b897ed081301c7143fd6e51d082d77b6701d9612622896e14f62
144,scenario.housing.land-use-regeneration.regeneration-effect.v1,housing-land-use-regeneration,housing.land-use-regeneration,evaluate,Evaluate regeneration and community-benefit effects,phased regeneration and community-benefit intervention,matched neighborhood event-study with resident and business panels,"change in verified access, stability, and secured community benefits",multi-year,neighborhood,equity,causal-identification,descriptive|causal,community-input|equity-attribute|geographic-identity|housing-market|intervention-assignment|land-parcel|legal-regulatory|outcome-panel,design-only,blocked-multiple-gates,,0,false,sha256:c30135955930348ef924f93b2d459634bf9216a61c991b8fa0570634da3d5ee2,sha256:e5f2b3feb7dcff0842c9337d6d6ca4c07de162a9a98153b0009da02a18789d42
145,scenario.public-service.demand.request-workload.v1,public-service-operations,public-service.demand,diagnose,Diagnose public-service request workload and workflow friction,public-service request workload and workflow friction,taxonomy-aware request-flow and handoff diagnosis,requests with unresolved routing or repeated workflow transitions,annual,service-area,technical,geographic-alignment,descriptive,geographic-identity|municipal-demand|operating-capacity|real-time-state|service-schedule,design-only,blocked-missing-source,,0,false,sha256:24bc68b9382f16a8873ca47ff7b8d180dc019b18eae92a43f1e34780a2c9b448,sha256:e1e0033d585327fefc7760cf24f544276884faa9711364354bdb3f19686a7367
146,scenario.public-service.demand.service-workload.v1,public-service-operations,public-service.demand,forecast,Forecast multichannel public-service workload,multichannel public-service workload,hierarchical category and arrival-process forecasting,request workload above verified handling capacity,weeks,service-area,capacity,model-calibration,forecast,geographic-identity|municipal-demand|operating-capacity|real-time-state|service-schedule,design-only,blocked-missing-source,,0,false,sha256:4f7078643ac840978d301e0515129a99312574a98ca361ec4c902937cb29bc9a,sha256:27e9df2aea3d91a86fe68b3a4346e9a50ea51772c661f5822e61b78eec23b553
147,scenario.public-service.demand.service-improvement-portfolio.v1,public-service-operations,public-service.demand,prioritize,Prioritize public-service workflow improvements,public-service workflow improvement portfolio,"volume, burden, equity, failure-mode, and lifecycle prioritization",expected avoidable request handling and resident effort,multi-year,asset,budget,cost-capacity,descriptive|optimization,community-input|equity-attribute|financial-cost|geographic-identity|municipal-demand|operating-capacity,reference-implemented,reference-implemented,deep.public-service.total-demand.v1,0,false,sha256:01b3dc98d336ce7bc0c3d2860e29b8505e028250d350a02184012c42d8043039,sha256:d0442f9578fd6c926c7393de00bc6bcf5ff82a9eeacf47c611bf374ed145f95d
148,scenario.public-service.demand.service-access-points.v1,public-service-operations,public-service.demand,site,Site multilingual public-service access points,multilingual public-service access locations,"channel-gap, travel, language, privacy, and capacity-aware siting",residents beyond usable public-service access,multi-year,facility,regulatory,legal-authority,simulation|optimization,equity-attribute|facility-inventory|geographic-identity|municipal-demand|operating-capacity|transport-network,design-only,blocked-missing-source,,0,false,sha256:6b6a3b089caad8a5c356a54af2cdc1c2f9528451a1dd50a296d9b25943ea37e4,sha256:d69b1ed6f964c962ec016e72d05ef1a9220e972c73e76b1e1ad67201de07c850
149,scenario.public-service.demand.case-routing-capacity.v1,public-service-operations,public-service.demand,allocate,Allocate service cases and response capacity,public-service cases and response capacity,"skills-, urgency-, equity-, and SLA-constrained queue allocation",priority requests without assigned qualified capacity,weeks,service-area,equity,equity-measurement,simulation|optimization,equity-attribute|geographic-identity|municipal-demand|operating-capacity|real-time-state|service-schedule,design-only,blocked-missing-source,,0,false,sha256:f670e56583514ab85e41d89ad1b60faee717cb81d2714106b875ede7fcdb2c78,sha256:c8150dda0dc01bfc783b8ab75fc5fc75089ca5edd2da8ff9fcb926a4a71a46cd
150,scenario.public-service.demand.seasonal-service-staffing.v1,public-service-operations,public-service.demand,schedule,Schedule seasonal public-service staffing,seasonal public-service staffing and channel schedule,forecast-driven skill and shift scheduling,request-hours above qualified handling capacity,weeks,citywide,time,temporal-alignment,forecast|optimization,geographic-identity|legal-regulatory|municipal-demand|operating-capacity|real-time-state|service-schedule,reference-implemented,reference-implemented,deep.public-service.seasonal-staffing.v1,0,false,sha256:da0c166fd88e805d5fb6a4687d4830fa2ee213bd14b31d23c9625cf6a5dcf357,sha256:57c241c3aafb2dc622c24b41da4cf040c5ac6d23d4d996179ba8f9f18a18a78f
151,scenario.public-service.demand.service-demand-surge.v1,public-service-operations,public-service.demand,stress-test,Stress-test public-service continuity under demand surge,public-service continuity under multichannel demand surge,"arrival, channel, workforce, system, and field-capacity simulation",scenario-weighted priority requests beyond response targets,seasonal,network,risk,external-validation,forecast|simulation|optimization,asset-condition|climate-hazard|geographic-identity|municipal-demand|operating-capacity|real-time-state,design-only,blocked-missing-source,,0,false,sha256:1bcd7ac4bf15391258a8ef99fadebc4c15a3a42292f7a4f4c947891be020cef3,sha256:e865a57b41f2b2086930fec6a6ed5c2fe159c164c9cf9375de8496e43d72ca4e
152,scenario.public-service.demand.channel-redesign-effect.v1,public-service-operations,public-service.demand,evaluate,Evaluate service intake and routing redesign,phased public-service channel and routing redesign,staggered queue or service-area evaluation with outcome panels,change in verified end-to-end handling time and repeat contact,multi-year,service-area,equity,causal-identification,descriptive|causal,community-input|equity-attribute|geographic-identity|intervention-assignment|municipal-demand|operating-capacity|outcome-panel|service-schedule,design-only,blocked-multiple-gates,,0,false,sha256:edf7a7aa89bdba1b0135e840b4d872887739efca9c91107bd5377393bcdf8bb4,sha256:b54f48d389d4a64f2451b755a921c4abcfdfd5a5a4df7a61a3290b2f1be60a58
153,scenario.public-service.sanitation.sanitation-workload.v1,public-service-operations,public-service.sanitation,diagnose,Diagnose sanitation workload and recurring failure patterns,sanitation request workload and recurring service patterns,"taxonomy, route, asset, and work-order reconciliation",verified recurring sanitation tasks without durable resolution,annual,service-area,technical,geographic-alignment,descriptive,asset-condition|asset-inventory|municipal-demand|real-time-state|transport-network,design-only,blocked-missing-source,,0,false,sha256:f90b12a5eaa3ab801a7e9a5f91d66afe8ce36c63c21dd985d53cab8c53710a46,sha256:48871d5dee686560db4058bc2314f096d8015745f1ed1c0b48058c91dd085445
154,scenario.public-service.sanitation.waste-service-demand.v1,public-service-operations,public-service.sanitation,forecast,"Forecast waste, recycling, and cleaning workload",waste collection and street-cleaning workload,"seasonal route, land-use, and event-conditioned forecasting",service workload above route and facility capacity,weeks,network,capacity,model-calibration,forecast,asset-inventory|land-parcel|municipal-demand|operating-capacity|real-time-state|transport-network,design-only,blocked-missing-source,,0,false,sha256:013c459e7a7b8c3a71e0d57c824ffe23f24e1776023a5358911424a9b3799cc8,sha256:da12a4f4761cb4917c9cdc32623b5684641111e4f84952e70961444d7459d99e
155,scenario.public-service.sanitation.sanitation-improvements.v1,public-service-operations,public-service.sanitation,prioritize,Prioritize sanitation assets and service improvements,sanitation asset and service improvement portfolio,"failure, demand, equity, cost, and lifecycle portfolio optimization",expected sanitation service failure and overflow burden,multi-year,asset,budget,cost-capacity,descriptive|optimization,asset-condition|asset-inventory|equity-attribute|financial-cost|municipal-demand|transport-network,reference-implemented,reference-implemented,deep.public-service.sanitation-workload.v1,0,false,sha256:e87ee60f13fca2bace5aa7e8317f2313d9bd2b7d78a4c1ea1ed8bb41b3dcdd9a,sha256:03ec772b9b5ce9667fd5c102c61c34851e14916e65fbe1e0888fad7647661f1a
156,scenario.public-service.sanitation.sanitation-facilities.v1,public-service-operations,public-service.sanitation,site,"Site sanitation depots, public bins, and drop-off facilities","sanitation depot, bin, and drop-off locations","demand, network, parcel, environmental, and burden-aware siting",service demand beyond feasible sanitation facility coverage,multi-year,facility,regulatory,legal-authority,simulation|optimization,asset-inventory|environmental-exposure|equity-attribute|land-parcel|legal-regulatory|municipal-demand|transport-network,design-only,blocked-missing-source,,0,false,sha256:60572d60ec4c926e70dbc020014d586a699cdef9fb859c32b37a4fe7de96ec57,sha256:a90cbc36a244666a3162e7a35728181781a28010bea9cfc0baa38eebd4cbaacb
157,scenario.public-service.sanitation.sanitation-crews-fleet.v1,public-service-operations,public-service.sanitation,allocate,"Allocate sanitation crews, fleet, and prevention capacity","sanitation crews, vehicles, and prevention resources",minimum-service and risk-constrained operational allocation,priority sanitation workload without assigned capacity,weeks,network,equity,equity-measurement,simulation|optimization,asset-inventory|equity-attribute|municipal-demand|operating-capacity|real-time-state|transport-network,design-only,blocked-missing-source,,0,false,sha256:6ac9d73c1fed502eb8f8e20ff440901568b9a314b40e83570c77cbc1d0523e4d,sha256:835a1afecd986e7dd3c93d3aaaad084b48ff3e3e289ad62929dabc6a7ce3afb6
158,scenario.public-service.sanitation.collection-cleaning-routes.v1,public-service-operations,public-service.sanitation,schedule,"Schedule collection, cleaning, inspection, and maintenance routes","sanitation collection, cleaning, and maintenance schedule","demand-, network-, shift-, and facility-constrained routing",priority service-hours outside collection and cleaning targets,weeks,network,time,temporal-alignment,forecast|optimization,asset-inventory|municipal-demand|operating-capacity|real-time-state|service-schedule|transport-network,design-only,blocked-missing-source,,0,false,sha256:e56d624f0f82ec79b4ec57010dc37048044f8101dfdae4a7e40872edb4a5e287,sha256:1e1ddf13328bb3f0aac2278e8b0d7c54fbb554f51ce516b340a6cfd86ce16bce
159,scenario.public-service.sanitation.waste-continuity.v1,public-service-operations,public-service.sanitation,stress-test,Stress-test sanitation continuity under compound disruption,sanitation continuity under compound operational disruption,"waste-flow, route, fleet, facility, workforce, and market simulation",scenario-weighted essential collection left unserved,seasonal,network,risk,external-validation,forecast|simulation|optimization,asset-condition|asset-inventory|climate-hazard|facility-inventory|municipal-demand|transport-network,design-only,blocked-missing-source,,0,false,sha256:fe3efa15456e090a7e535e1b44b5797959b863ee8f9e540f5469e4d2c1d20318,sha256:883ab87d2544acd20fe57096eb0e7fbd9f5e277f5d579470bd754039080a8230
160,scenario.public-service.sanitation.waste-prevention-effect.v1,public-service-operations,public-service.sanitation,evaluate,Evaluate waste prevention and collection redesign,phased sanitation service and waste-prevention redesign,matched route or district event-study with spillover measurement,"change in verified overflow, contamination, and missed collection",multi-year,service-area,equity,causal-identification,descriptive|causal,asset-inventory|community-input|environmental-exposure|equity-attribute|intervention-assignment|municipal-demand|outcome-panel|transport-network,design-only,blocked-multiple-gates,,0,false,sha256:bb1921577a391c0274ed6dbceb65b80e2c97e300cf74727dfd4722747b3ca6fb,sha256:89e991b828281d4b857322642a60f83a03d0724cf9ed139d3cd54771bd215377
161,scenario.public-service.emergency-response.response-coverage-gaps.v1,public-service-operations,public-service.emergency-response,diagnose,Diagnose emergency response coverage and workflow gaps,emergency response workflow and coverage gaps,stage-resolved call-to-unit process diagnosis,priority incidents outside verified response targets,annual,service-area,technical,geographic-alignment,descriptive,equity-attribute|municipal-demand|operating-capacity|real-time-state|service-schedule|transport-network,design-only,blocked-missing-source,,0,false,sha256:e27b8be2c0814b76fea01cfa8acc10f6fab177356c45baf3c74e9a08f379cbde,sha256:769fcdd7a0c405c6cdf329465140c10254fa2c41e3d87d78a0bfb8534a3045b1
162,scenario.public-service.emergency-response.incident-unit-demand.v1,public-service-operations,public-service.emergency-response,forecast,Forecast emergency call and unit demand,emergency call and unit-hour demand,spatiotemporal incident and service-time forecasting,priority unit-hours above deployable capacity,weeks,service-area,capacity,model-calibration,forecast,climate-hazard|municipal-demand|operating-capacity|real-time-state|service-schedule|transport-network,design-only,blocked-missing-source,,0,false,sha256:9b586dfebcf6f6cb5e7c10c39e0623de0ee43ee320e2e8a4b19674949ed2aa1f,sha256:e5c37a43d0de20c5ea9470e6309a6de9fce755109446b539cc2e11f07efb554c
163,scenario.public-service.emergency-response.response-readiness-portfolio.v1,public-service-operations,public-service.emergency-response,prioritize,Prioritize emergency response readiness investments,emergency response readiness investment portfolio,"coverage, resilience, safety, equity, and lifecycle prioritization",expected priority response-capacity shortfall,multi-year,asset,budget,cost-capacity,descriptive|optimization,asset-condition|equity-attribute|financial-cost|municipal-demand|operating-capacity|transport-network,design-only,blocked-missing-source,,0,false,sha256:24b63f3a2e582a8c236322231d655c73bcffe602176efb98a0ecd0b4ed953c35,sha256:0488c8b91c870837d72c0683315ea1d4be5306aa97b1b18260204f67f90cd4eb
164,scenario.public-service.emergency-response.response-bases.v1,public-service-operations,public-service.emergency-response,site,Site emergency response and standby bases,emergency response base and standby locations,capacitated time-dependent coverage location-allocation,priority demand beyond resilient response coverage,multi-year,facility,regulatory,legal-authority,simulation|optimization,facility-inventory|land-parcel|municipal-demand|operating-capacity|real-time-state|transport-network,design-only,blocked-missing-source,,0,false,sha256:a79c1450d74dceb0f735ee3f29d2edf0a49808f8c736f60a60887a073efbcfa8,sha256:3f908446461001bef243238c5c7bcbe5e72e0503679ee0d68d97270bffe9629e
165,scenario.public-service.emergency-response.response-units.v1,public-service-operations,public-service.emergency-response,allocate,Allocate emergency response units and standby capacity,emergency response units and standby capacity,minimum-coverage and workload-balanced unit allocation,priority demand without resilient unit coverage,weeks,network,equity,equity-measurement,simulation|optimization,equity-attribute|municipal-demand|operating-capacity|real-time-state|service-schedule|transport-network,design-only,blocked-missing-source,,0,false,sha256:96700c558c258f69d4c1e660989603c80c1ca8e0052a91fcafd730daf4f652c9,sha256:677b8d9e44c6cbfe56edebcf9443728603e49ec930d471438793719d58268286
166,scenario.public-service.emergency-response.readiness-coverage.v1,public-service-operations,public-service.emergency-response,schedule,Schedule emergency readiness and coverage,emergency response readiness and coverage schedule,"demand-, skill-, rest-, maintenance-, and coverage-constrained scheduling",priority demand-hours below minimum deployable coverage,weeks,network,time,temporal-alignment,forecast|optimization,legal-regulatory|municipal-demand|operating-capacity|real-time-state|service-schedule|transport-network,design-only,blocked-missing-source,,0,false,sha256:b98fb2cb8e24fd5523805b9a90da0d6ee4b45f37111faeb9985f691d4202bc15,sha256:a66d889dfe5ebb9613d869d6ccb136bcaf2a2b228918dd5775b15aa376322c65
167,scenario.public-service.emergency-response.multi-incident-surge.v1,public-service-operations,public-service.emergency-response,stress-test,Stress-test emergency response under correlated surge,emergency response under correlated incident and capacity surge,"incident, service-time, network, facility, and workforce failure simulation",scenario-weighted priority incidents without timely unit coverage,seasonal,network,risk,external-validation,forecast|simulation|optimization,asset-condition|climate-hazard|facility-inventory|municipal-demand|operating-capacity|transport-network,design-only,blocked-missing-source,,0,false,sha256:f9c0cd8e327d3c19532350b0d12590eff90581bb17dd995c1d3934f26fe2198b,sha256:265069abf8f80e351795f491b5f49ec822399146cb2316011bc24ab0a2da8459
168,scenario.public-service.emergency-response.dispatch-process-effect.v1,public-service-operations,public-service.emergency-response,evaluate,Evaluate emergency communications and deployment redesign,phased emergency communications and deployment redesign,staggered operational evaluation with incident-mix adjustment,change in stage-resolved priority response time and coverage,multi-year,service-area,equity,causal-identification,descriptive|causal,equity-attribute|intervention-assignment|municipal-demand|operating-capacity|outcome-panel|real-time-state|service-schedule|transport-network,design-only,blocked-multiple-gates,,0,false,sha256:63225657ffafbbb8204234fe556ed9ff5ba7d53ca4e6a40c7a87e410c419bb43,sha256:a2474791811b83ed22e07447099ca3ecd9d22f86d2270d4d94718a912e53dfac
169,scenario.public-service.digital-access.service-journey-friction.v1,public-service-operations,public-service.digital-access,diagnose,Diagnose digital and assisted-service journey friction,end-to-end public-service journey friction,"privacy-preserving event, application, appointment, and contact journey diagnosis",eligible service journeys with unresolved verified friction,annual,population-group,technical,geographic-alignment,descriptive,community-input|demographic-context|equity-attribute|municipal-demand|real-time-state|service-schedule,design-only,blocked-missing-source,,0,false,sha256:8ac3bdc9644032b56a5b6340c10a2456b1630d4cb5c38d5a2da74790471e5dce,sha256:1d941b0acff84ea9d05b11092219d3a342d7e6aa470974f5d990a27ff10fa37a
170,scenario.public-service.digital-access.channel-support-demand.v1,public-service-operations,public-service.digital-access,forecast,"Forecast digital, phone, and in-person support demand",multichannel administrative service and support demand,service-event and journey-stage workload forecasting,eligible journey demand above qualified channel capacity,weeks,service-area,capacity,model-calibration,forecast,demographic-context|equity-attribute|municipal-demand|operating-capacity|real-time-state|service-schedule,design-only,blocked-missing-source,,0,false,sha256:44c387d44c5e64b626d9615f48849e3eee4176e598ca49a77ddfe8daaae7c4a0,sha256:dafdca1813b467fb178aec9d74e1bb4f506f41e918783feb0c60499789d87d1a
171,scenario.public-service.digital-access.service-redesign-portfolio.v1,public-service-operations,public-service.digital-access,prioritize,Prioritize accessible public-service redesign,accessible administrative service redesign portfolio,"journey-friction, equity, risk, privacy, and lifecycle prioritization",verified user effort and preventable service failure,multi-year,asset,budget,cost-capacity,descriptive|optimization,demographic-context|equity-attribute|financial-cost|legal-regulatory|municipal-demand|service-schedule,design-only,blocked-missing-source,,0,false,sha256:6d4053f717d9e7e792a671a67d231b3d87dd990ec356a45040eafe12110b6696,sha256:7cc50780cb90696a1ecbe9420f5dc9ddfeada9dc9eb3b7d5940e3c9a3043823a
172,scenario.public-service.digital-access.assisted-digital-access.v1,public-service-operations,public-service.digital-access,site,Site assisted digital and administrative access,assisted digital and administrative service locations,"access, privacy, language, connectivity, and capacity-aware siting",eligible residents beyond usable assisted service access,multi-year,facility,regulatory,legal-authority,simulation|optimization,demographic-context|equity-attribute|facility-inventory|municipal-demand|service-schedule|transport-network,design-only,blocked-missing-source,,0,false,sha256:0a22e2773b5f11e3abd69d86c2ec7e4560c11f749e07ce986e9f096470b62639,sha256:c952cadcefeb21f329e1e40c33163aa4b4e13a1a8a2ce6e6004fc15e3d2671d7
173,scenario.public-service.digital-access.navigation-support.v1,public-service-operations,public-service.digital-access,allocate,"Allocate navigation, language, and accessibility support",administrative service navigation and access support,minimum-access and journey-complexity allocation,eligible complex journeys without qualified support,weeks,population-group,equity,equity-measurement,simulation|optimization,demographic-context|equity-attribute|municipal-demand|operating-capacity|real-time-state|service-schedule,design-only,blocked-missing-source,,0,false,sha256:0f8cda764b18e9a2892625d5fa6e36760dd0ff008b91a92984312dbea9c8724a,sha256:63658c502d04919d2de5db5ef4f4d5e5e97c0263e5856dd383c70c77cd4b6c18
174,scenario.public-service.digital-access.appointments-support.v1,public-service-operations,public-service.digital-access,schedule,Schedule appointments and multichannel support,administrative appointment and support schedule,"skill, language, channel, accessibility, and deadline-aware scheduling",eligible journey-hours outside service targets,weeks,service-area,time,temporal-alignment,forecast|optimization,demographic-context|equity-attribute|municipal-demand|operating-capacity|real-time-state|service-schedule,design-only,blocked-missing-source,,0,false,sha256:e7779a0f51951a3b834bb25c8e9e86fb6ee59deedf5ef3611f2272ecf883342f,sha256:091b71de68dc36dea39d7a00370761f76d5f8ebeba40934ae3ce97851d37f347
175,scenario.public-service.digital-access.digital-service-continuity.v1,public-service-operations,public-service.digital-access,stress-test,Stress-test public-service continuity during digital outage,administrative service continuity under digital and operational failure,"journey, platform, identity, channel, vendor, and capacity failure simulation",scenario-weighted eligible journeys without lawful service path,seasonal,network,risk,external-validation,forecast|simulation|optimization,asset-condition|demographic-context|facility-inventory|legal-regulatory|municipal-demand|service-schedule,design-only,blocked-missing-source,,0,false,sha256:23937f4fa3a049e377b16e43c56f795ee1f02a28dee7deb6e6cb76c601e4dcc1,sha256:c1daac7efd433ac0cf0dfb2fad82f9aca5358119d015d8472b5a144949b9d61a
176,scenario.public-service.digital-access.assisted-service-effect.v1,public-service-operations,public-service.digital-access,evaluate,Evaluate assisted digital service redesign,phased accessible digital and assisted-service redesign,randomized encouragement or staggered service evaluation,change in verified eligible journey completion and user effort,multi-year,population-group,equity,causal-identification,descriptive|causal,community-input|demographic-context|equity-attribute|intervention-assignment|legal-regulatory|municipal-demand|outcome-panel|service-schedule,design-only,blocked-multiple-gates,,0,false,sha256:ffacf5b0c8ed1221a8adf135f38fd96cd60bc8625f4a7e682501295452480e09,sha256:d09ffbda636019323c578b6a1e3e516cdd91380a2ea7b901abbb5cd5a7b32f30
177,scenario.infrastructure.roads-bridges.asset-condition-failure.v1,infrastructure-finance-asset-risk,infrastructure.roads-bridges,diagnose,Diagnose roadway and bridge condition and failure patterns,road and bridge condition and failure patterns,"inspection, sensor, work-order, request, and dependency reconciliation",high-consequence assets with unresolved verified defects,annual,asset,technical,geographic-alignment,descriptive,asset-condition|asset-inventory|geographic-identity|municipal-demand|real-time-state|transport-network,design-only,blocked-missing-source,,0,false,sha256:a5c660144ab5e285d9ec2a3415aa7deb68f5bc95501ef1c7c7cab1a3b939038a,sha256:23d2e245cbf4ec698f1213c4860432668b3ccc131135dd1d32bdffe40f525e20
178,scenario.infrastructure.roads-bridges.asset-deterioration.v1,infrastructure-finance-asset-risk,infrastructure.roads-bridges,forecast,Forecast road and bridge deterioration and work demand,road and bridge deterioration and maintenance demand,"inspection-history, load, climate, and treatment-conditioned forecasting",lane- and asset-days below condition targets,weeks,asset,capacity,model-calibration,forecast,asset-condition|asset-inventory|climate-hazard|geographic-identity|operating-capacity|transport-network,design-only,blocked-missing-source,,0,false,sha256:def90bcc24f8fd64b2c219ab9aa08a1af3fb39fd6e65f9c86f2e8b8a273ad26f,sha256:0fef9c0bede2eddddb295fa8292b07e890c56918326eec3e95559f2e51f3c300
179,scenario.infrastructure.roads-bridges.maintenance-renewal.v1,infrastructure-finance-asset-risk,infrastructure.roads-bridges,prioritize,Prioritize road and bridge maintenance and renewal,road and bridge maintenance and renewal portfolio,"condition, consequence, access, lifecycle cost, and deliverability optimization",expected risk-adjusted deficient asset-years,multi-year,asset,budget,cost-capacity,descriptive|optimization,asset-condition|asset-inventory|equity-attribute|financial-cost|geographic-identity|transport-network,reference-implemented,reference-implemented,deep.infrastructure.maintenance-portfolio.v1,0,false,sha256:d2e07bee1ab0a4f304e0486d722c85e4b3ce6ba2eb2680d7b977d978d1bc750c,sha256:e9302539d29e32df17e699ddf749511212d72aec24c75840a4b3a6541734aa57
180,scenario.infrastructure.roads-bridges.maintenance-depots.v1,infrastructure-finance-asset-risk,infrastructure.roads-bridges,site,Site maintenance depots and material staging,road and bridge maintenance depot and staging locations,"network coverage, hazard, parcel, and burden-aware facility siting",high-consequence assets beyond feasible maintenance response,multi-year,facility,regulatory,legal-authority,simulation|optimization,asset-condition|asset-inventory|climate-hazard|equity-attribute|geographic-identity|land-parcel|transport-network,design-only,blocked-missing-source,,0,false,sha256:c6669b12d428e7bdb7656081882641b771c67e084325243eb8994c09338d9730,sha256:519c30a4ead065b51d29d2ebcdb7dfd31fed4db8651ee5696b296ed32d1bf081
181,scenario.infrastructure.roads-bridges.maintenance-crews-equipment.v1,infrastructure-finance-asset-risk,infrastructure.roads-bridges,allocate,"Allocate maintenance crews, equipment, and materials",road and bridge maintenance resources,"risk-, skill-, network-, and minimum-service allocation",high-consequence work without assigned qualified capacity,weeks,network,equity,equity-measurement,simulation|optimization,asset-condition|asset-inventory|equity-attribute|geographic-identity|operating-capacity|real-time-state,design-only,blocked-missing-source,,0,false,sha256:44c75b2d042e14a62c1452e07b9e153be1f5cf91100544015ca4e72343542b2b,sha256:65cdab80d43fd4359c8248df50b0d34e9d3c89e067ca74661543e253966e503f
182,scenario.infrastructure.roads-bridges.maintenance-construction.v1,infrastructure-finance-asset-risk,infrastructure.roads-bridges,schedule,"Schedule inspections, maintenance, and construction windows",road and bridge inspection and maintenance schedule,"condition-, dependency-, traffic-, weather-, and crew-aware scheduling",high-consequence asset-days beyond treatment thresholds,weeks,network,time,temporal-alignment,forecast|optimization,asset-condition|asset-inventory|climate-hazard|geographic-identity|service-schedule|transport-network,design-only,blocked-missing-source,,0,false,sha256:b564534d6bf70b70b13b9187c5ebdc4b7fbf56db52789a4e1e102f1cedd36eda,sha256:5963f6c5a67bd535ba39778f9a580ef3c95d951d8de4f21398fa84ad29d780b7
183,scenario.infrastructure.roads-bridges.transport-asset-failure.v1,infrastructure-finance-asset-risk,infrastructure.roads-bridges,stress-test,Stress-test transport infrastructure under compound failure,road and bridge network continuity under compound failure,"asset deterioration, network closure, material, workforce, and hazard simulation",scenario-weighted essential trips disconnected,seasonal,network,risk,external-validation,forecast|simulation|optimization,asset-condition|asset-inventory|climate-hazard|geographic-identity|operating-capacity|transport-network,design-only,blocked-missing-source,,0,false,sha256:f411b99614d6cc6e70621508361b2fe94c6d3db23fb24b8ceb1485533d0e85a1,sha256:cc1d255a79007452c6fe82297726ecd56c399ebcdc7cb602b8614107f0ac9969
184,scenario.infrastructure.roads-bridges.preventive-maintenance-effect.v1,infrastructure-finance-asset-risk,infrastructure.roads-bridges,evaluate,Evaluate preventive maintenance and treatment strategies,phased road and bridge preventive maintenance treatment,matched asset event-study with inspection and traffic panels,change in verified condition life and unplanned restriction days,multi-year,asset,equity,causal-identification,descriptive|causal,asset-condition|asset-inventory|financial-cost|geographic-identity|intervention-assignment|outcome-panel|real-time-state|transport-network,design-only,blocked-multiple-gates,,0,false,sha256:291748e867e2ea1acffbca454fb917e653d583010f8111ae478b92d129aa18c5,sha256:7f1669490e7b0581034f9beefa2d2b809e629e0c7b8f5156c5b27d4b1558a6bc
185,scenario.infrastructure.water-wastewater.utility-failure-patterns.v1,infrastructure-finance-asset-risk,infrastructure.water-wastewater,diagnose,Diagnose water and wastewater asset failure patterns,water and wastewater asset failure patterns,"network-linked incident, sensor, inspection, laboratory, and work diagnosis",high-consequence assets with unresolved failure evidence,annual,network,technical,geographic-alignment,descriptive,asset-condition|asset-inventory|environmental-exposure|geographic-identity|municipal-demand|real-time-state,design-only,blocked-missing-source,,0,false,sha256:ce34f9e265fdeb078de83dd38efffaf6d79addf101914a02b0f1976c6ce04e12,sha256:f97cbfe30b34b36099e2640d58e9412916475150277bf2e52a3b5650209c3d63
186,scenario.infrastructure.water-wastewater.utility-demand-failures.v1,infrastructure-finance-asset-risk,infrastructure.water-wastewater,forecast,"Forecast utility demand, failures, and treatment load","water and wastewater demand, failure, and treatment load","weather, condition, hydraulic, and process-load forecasting",service demand and failure load above operable capacity,weeks,network,capacity,model-calibration,forecast,asset-condition|asset-inventory|climate-hazard|geographic-identity|operating-capacity|real-time-state,design-only,blocked-missing-source,,0,false,sha256:ab4a22e065dd736ef60f3987f77eb63fb7db09790ffbbd749ccc6e4f6059ebf4,sha256:d4aff501e5af399e89d5cada505b5523ca94b6c7a10c9ba9d310526bf59ce424
187,scenario.infrastructure.water-wastewater.utility-renewal.v1,infrastructure-finance-asset-risk,infrastructure.water-wastewater,prioritize,Prioritize water and wastewater renewal,water and wastewater renewal portfolio,"condition, consequence, compliance, equity, and lifecycle optimization",expected risk-adjusted service interruption and compliance burden,multi-year,asset,budget,cost-capacity,descriptive|optimization,asset-condition|asset-inventory|environmental-exposure|equity-attribute|financial-cost|geographic-identity,design-only,blocked-missing-source,,0,false,sha256:bff9404fd0622144c3be685eef99cb90336ad7216e582bbf891b6f2e7cae74f0,sha256:874bbe070e36699e91882c9d501f50b4ea73491d5493364e39e573f4a7810c2f
188,scenario.infrastructure.water-wastewater.utility-facilities.v1,infrastructure-finance-asset-risk,infrastructure.water-wastewater,site,"Site utility storage, pumping, treatment, and recovery facilities",water and wastewater facility locations,"hydraulic, parcel, hazard, environmental, and burden-aware siting",critical service demand beyond resilient facility capacity,multi-year,facility,regulatory,legal-authority,simulation|optimization,asset-condition|asset-inventory|climate-hazard|equity-attribute|geographic-identity|land-parcel|legal-regulatory,design-only,blocked-missing-source,,0,false,sha256:9bd84b6e98b5f6cdae37fcce5aa3b620473da28960e4fe44f5a4826cb9842e74,sha256:52e3579aaefd413e186ab3617f01ab0d6089a21e95eb66645890b168e9927801
189,scenario.infrastructure.water-wastewater.utility-repair-capacity.v1,infrastructure-finance-asset-risk,infrastructure.water-wastewater,allocate,"Allocate utility repair, inspection, and emergency capacity",water and wastewater repair and emergency resources,"consequence-, skill-, time-, and minimum-service allocation",critical utility work without assigned qualified capacity,weeks,network,equity,equity-measurement,simulation|optimization,asset-condition|asset-inventory|environmental-exposure|geographic-identity|operating-capacity|real-time-state,design-only,blocked-missing-source,,0,false,sha256:95ea89e0fd567ee1d775b0818313c74b8b611c3fe989b08251b5acc693e24f2c,sha256:db9cd60ffe244d2576f98dafbb3344de7b4c0ef3e39287d58af2b45ffa353afb
190,scenario.infrastructure.water-wastewater.utility-maintenance.v1,infrastructure-finance-asset-risk,infrastructure.water-wastewater,schedule,"Schedule utility inspection, maintenance, and renewal",water and wastewater maintenance and renewal schedule,"condition, hydraulic, permit, dependency, and crew scheduling",critical asset-days beyond maintenance and compliance windows,weeks,network,time,temporal-alignment,forecast|optimization,asset-condition|asset-inventory|geographic-identity|legal-regulatory|operating-capacity|service-schedule,design-only,blocked-missing-source,,0,false,sha256:628489acea3dfeb7030841a474fcae49ac74295e471601efb42c6da911c5bfd7,sha256:6cde2fb7e25945357ce11b99043874d86a8e69cfb49bed348d7da6c4431990c7
191,scenario.infrastructure.water-wastewater.utility-continuity.v1,infrastructure-finance-asset-risk,infrastructure.water-wastewater,stress-test,Stress-test water and wastewater continuity,water and wastewater continuity under compound disruption,"hydraulic, process, quality, power, asset, and workforce failure simulation",scenario-weighted essential service interruption,seasonal,network,risk,external-validation,forecast|simulation|optimization,asset-condition|asset-inventory|climate-hazard|environmental-exposure|geographic-identity|operating-capacity,design-only,blocked-missing-source,,0,false,sha256:c220d7a498f2b27f042e91a9cce327ba16b600f9392ac1139cced08ce96d60d2,sha256:d35d691e8b0adf08cbf6ae04f36b1e28efb903fd96a43af2b6a935d2c0e9884c
192,scenario.infrastructure.water-wastewater.renewal-strategy-effect.v1,infrastructure-finance-asset-risk,infrastructure.water-wastewater,evaluate,Evaluate utility renewal and pressure-management strategies,phased utility renewal and pressure-management intervention,matched asset event-study with hydraulic and work panels,change in verified failures and service interruption,multi-year,asset,equity,causal-identification,descriptive|causal,asset-condition|asset-inventory|environmental-exposure|financial-cost|geographic-identity|intervention-assignment|outcome-panel|real-time-state,design-only,blocked-multiple-gates,,0,false,sha256:ecfc770030be5a78a888ce33b22a3e1ebbb2c456eb85b1298268262d716fd9dc,sha256:6f4cecec041f1bfdbf1dccc99255a1ae73358455ca4a469c1523063b774d9cd0
193,scenario.infrastructure.energy-buildings.building-energy-performance.v1,infrastructure-finance-asset-risk,infrastructure.energy-buildings,diagnose,Diagnose municipal building energy and emissions performance,"municipal building energy, comfort, and emissions anomalies","meter, weather, occupancy, equipment, and work-order reconciliation",verified excess energy and emissions above building baselines,annual,asset,technical,geographic-alignment,descriptive,asset-condition|asset-inventory|environmental-exposure|financial-cost|operating-capacity|real-time-state,design-only,blocked-missing-source,,0,false,sha256:6de976c970a2370ce565eeb9998d188a48648ad5e07a024810abbc48e4393b6a,sha256:ddb02e3970fa167a4d77faf440e6506c3f1c54398700aff38a4ed39f2110f8f3
194,scenario.infrastructure.energy-buildings.building-load-emissions.v1,infrastructure-finance-asset-risk,infrastructure.energy-buildings,forecast,"Forecast municipal building load, cost, and emissions","municipal building energy load, cost, and emissions","weather, occupancy, tariff, and project-conditioned load forecasting",energy demand above contracted and resilient capacity,weeks,asset,capacity,model-calibration,forecast,asset-inventory|climate-hazard|environmental-exposure|financial-cost|operating-capacity|real-time-state,design-only,blocked-missing-source,,0,false,sha256:c55b9161e0e571cd459c7416a615b4da1df1f1ba0343f9c8bcff89556c019ae8,sha256:758d5593df2d20c5b4511a93cd33cd5ec73f5b19aa35691ca63afc9015e95357
195,scenario.infrastructure.energy-buildings.decarbonization-portfolio.v1,infrastructure-finance-asset-risk,infrastructure.energy-buildings,prioritize,Prioritize municipal building decarbonization,municipal building decarbonization portfolio,"carbon, comfort, resilience, equity, cost, and lifecycle optimization",remaining lifecycle greenhouse-gas emissions,multi-year,asset,budget,cost-capacity,descriptive|optimization,asset-condition|asset-inventory|environmental-exposure|equity-attribute|financial-cost|legal-regulatory,design-only,blocked-missing-source,,0,false,sha256:034491823294dd24ca5643990215ae5a827239cba928ed03aba188bc93e4bc38,sha256:8606c8ca9781348c408a49587cd694f80eabe84a26c9e2b183add41e7a6b361a
196,scenario.infrastructure.energy-buildings.distributed-clean-energy.v1,infrastructure-finance-asset-risk,infrastructure.energy-buildings,site,"Site solar, storage, charging, and thermal assets",municipal distributed clean-energy asset locations,"electrical, structural, parcel, load, resilience, and community-value siting",critical load without feasible clean-energy resilience coverage,multi-year,facility,regulatory,legal-authority,simulation|optimization,asset-condition|asset-inventory|environmental-exposure|financial-cost|land-parcel|legal-regulatory|operating-capacity,design-only,blocked-missing-source,,0,false,sha256:1ba1768d165ca42c6d0debd9d0474ce1f13c60035e7c51c29463b5f9d96cb896,sha256:baeec0338364d18f61ebe6a3db666ec1a0ff1b399137d72220a4406b12d50c14
197,scenario.infrastructure.energy-buildings.energy-capital-capacity.v1,infrastructure-finance-asset-risk,infrastructure.energy-buildings,allocate,"Allocate energy capital, incentives, and delivery capacity",municipal energy capital and project delivery capacity,"carbon, resilience, readiness, and minimum-service allocation",qualified emissions-reduction projects without assigned capacity,weeks,asset,equity,equity-measurement,simulation|optimization,asset-condition|asset-inventory|environmental-exposure|equity-attribute|financial-cost|operating-capacity,design-only,blocked-missing-source,,0,false,sha256:e294a9ef142364512e96d429e2ce59f987cb1d98d6a67fd9d5b5ef52a184f124,sha256:45b78005b235d6238a043e4b8e50b23f074b37c33604e5bb2e4ac1a2c60a0b3e
198,scenario.infrastructure.energy-buildings.decarbonization-projects.v1,infrastructure-finance-asset-risk,infrastructure.energy-buildings,schedule,Schedule building decarbonization and commissioning,municipal building decarbonization project schedule,"dependency, occupancy, procurement, season, and workforce scheduling",project-days beyond feasible emissions-reduction milestones,weeks,asset,time,temporal-alignment,forecast|optimization,asset-inventory|environmental-exposure|financial-cost|legal-regulatory|operating-capacity|service-schedule,design-only,blocked-missing-source,,0,false,sha256:26f0205c92f13637defd54f5558901cf07334f0d99ccb21f028503e3f2daaf47,sha256:81848ed7f779eabf3c3168799644afdf67da238090feff08c982ac589dd6db9e
199,scenario.infrastructure.energy-buildings.building-grid-stress.v1,infrastructure-finance-asset-risk,infrastructure.energy-buildings,stress-test,Stress-test municipal buildings under grid and climate stress,municipal building energy continuity under grid and climate stress,"load, weather, grid, equipment, storage, and backup-power simulation",scenario-weighted critical-load service interruption,seasonal,network,risk,external-validation,forecast|simulation|optimization,asset-condition|asset-inventory|climate-hazard|environmental-exposure|financial-cost|operating-capacity,design-only,blocked-missing-source,,0,false,sha256:5449461d52d6c37862db488871e4d6444f03b2c85fd90625055e32c9e8049bc8,sha256:0a1156f20895693116875c3883d3b0c4500a2d88de3434764a94eadc4e11141b
200,scenario.infrastructure.energy-buildings.retrofit-performance.v1,infrastructure-finance-asset-risk,infrastructure.energy-buildings,evaluate,Evaluate municipal building retrofit performance,phased municipal building energy retrofit,matched building difference-in-differences with meter panels,change in weather- and occupancy-normalized energy use,multi-year,asset,equity,causal-identification,descriptive|causal,asset-condition|asset-inventory|environmental-exposure|financial-cost|intervention-assignment|operating-capacity|outcome-panel|real-time-state,design-only,blocked-multiple-gates,,0,false,sha256:bd41de21c60e7022c6099c5d5d6d4f19d857c1ba468143fe9a329f045fa67327,sha256:c147ff3e5e041553bfbe635ce068caa1cbf83027b7b273bb09d4ee0009528efc
201,scenario.infrastructure.capital-finance.capital-obligation-friction.v1,infrastructure-finance-asset-risk,infrastructure.capital-finance,diagnose,"Diagnose capital obligations, backlog, and delivery friction","capital obligation, backlog, and delivery risk",asset-budget-contract-schedule reconciliation,verified high-consequence unfunded or delayed obligations,annual,asset,technical,geographic-alignment,descriptive,asset-condition|asset-inventory|financial-cost|legal-regulatory|operating-capacity|real-time-state,design-only,blocked-missing-source,,0,false,sha256:c1fa35ac874c80f312edc0baa61dc774ea886868148d0112efd96d958ed3de7e,sha256:495bb10adc88498c508e083b56f79bdc282aeb1ac1287cafebfbb3286ad91859
202,scenario.infrastructure.capital-finance.capital-fiscal-outlook.v1,infrastructure-finance-asset-risk,infrastructure.capital-finance,forecast,"Forecast capital cost, revenue, debt, and delivery capacity",multi-year municipal capital and fiscal outlook,"scenario-based revenue, cost, cash-flow, and project-stage forecasting",capital obligation above affordable deliverable capacity,weeks,citywide,capacity,model-calibration,forecast,asset-condition|asset-inventory|financial-cost|legal-regulatory|operating-capacity|real-time-state,design-only,blocked-missing-source,,0,false,sha256:df8912da2b7c363790ea7263f08e82dfc65fc42a5605ca8c45c830b314a73bbe,sha256:c5ca3eee0cccd673067cdaed5fd5e9d136e8790a83f562830dbc8462f6fdf1b0
203,scenario.infrastructure.capital-finance.capital-investment-portfolio.v1,infrastructure-finance-asset-risk,infrastructure.capital-finance,prioritize,Prioritize the municipal capital investment portfolio,municipal capital investment portfolio,"risk, service, equity, lifecycle, dependency, and fiscal optimization",expected risk-adjusted unmet capital-service need,multi-year,asset,budget,cost-capacity,descriptive|optimization,asset-condition|asset-inventory|equity-attribute|financial-cost|legal-regulatory|operating-capacity,design-only,blocked-missing-source,,0,false,sha256:371ba2bb2077c43ac2e3c2943cdeb378ab0eb63cf1d37ea2082634ecb1be96eb,sha256:0333f081879c843af4b177bc8d5499bb78237594f806a200a2a31cc7e47e66b8
204,scenario.infrastructure.capital-finance.capital-reserve-assets.v1,infrastructure-finance-asset-risk,infrastructure.capital-finance,site,Site strategic reserve and shared municipal assets,shared municipal reserve and continuity asset locations,"cross-department network, hazard, parcel, cost, and burden-aware siting",critical municipal services beyond resilient reserve coverage,multi-year,facility,regulatory,legal-authority,simulation|optimization,asset-inventory|climate-hazard|equity-attribute|financial-cost|land-parcel|operating-capacity|transport-network,design-only,blocked-missing-source,,0,false,sha256:92dc6b3fbf03e32ff42c95f5d8dbdfcae02b40845450834143c12571a4d07946,sha256:4a5b612f29956962822e4e1d5489d80301f52f0887234ea9699b903c53bfe0d5
205,scenario.infrastructure.capital-finance.capital-funding.v1,infrastructure-finance-asset-risk,infrastructure.capital-finance,allocate,Allocate capital funding and delivery capacity,municipal capital funding and delivery capacity,"legal, fiscal, dependency, readiness, and minimum-service allocation",priority capital need without assigned affordable capacity,weeks,asset,equity,equity-measurement,simulation|optimization,asset-condition|asset-inventory|equity-attribute|financial-cost|legal-regulatory|operating-capacity,design-only,blocked-missing-source,,0,false,sha256:9e87c155a83ba4e74ede6f47f767869ad076dcf121401b417b1467741bd7675e,sha256:6513387550197da8ffc81b26416b1961964ae9fd35444009c5d7182bda9bd3c4
206,scenario.infrastructure.capital-finance.capital-delivery.v1,infrastructure-finance-asset-risk,infrastructure.capital-finance,schedule,Schedule capital procurement and delivery,municipal capital project delivery schedule,"funding, dependency, permit, procurement, season, and workforce scheduling",priority project-days beyond service and compliance milestones,weeks,asset,time,temporal-alignment,forecast|optimization,asset-inventory|financial-cost|legal-regulatory|operating-capacity|real-time-state|service-schedule,design-only,blocked-missing-source,,0,false,sha256:49ffdda0614777e50fd6f9222c6bf4ed77cddb58d265739c0c949f4a757bc8a7,sha256:dff72abe16f76f38d7a1b04f8919976907d8ce27f8d173d2a6d12971b85b99da
207,scenario.infrastructure.capital-finance.fiscal-capital-shock.v1,infrastructure-finance-asset-risk,infrastructure.capital-finance,stress-test,Stress-test the capital plan under fiscal and delivery shocks,municipal capital plan under fiscal and delivery stress,"correlated fiscal, cost, schedule, asset, and hazard simulation",scenario-weighted critical service and fiscal threshold breach,seasonal,citywide,risk,external-validation,forecast|simulation|optimization,asset-condition|asset-inventory|climate-hazard|financial-cost|legal-regulatory|operating-capacity,design-only,blocked-missing-source,,0,false,sha256:1052ffda34586418d4958d1f3d6991950ffe7eafffcd7c82f4b89efbc6992b85,sha256:d5068cde2e166454f5e239425498f67e19ec330952a991dc7e5a7764d5df379e
208,scenario.infrastructure.capital-finance.delivery-reform-effect.v1,infrastructure-finance-asset-risk,infrastructure.capital-finance,evaluate,Evaluate capital delivery and financing reforms,phased municipal capital delivery and financing reform,matched project cohort event-study with scope-change controls,change in scope-adjusted cost and delivery variance,multi-year,asset,equity,causal-identification,descriptive|causal,asset-condition|asset-inventory|financial-cost|intervention-assignment|legal-regulatory|operating-capacity|outcome-panel|real-time-state,design-only,blocked-multiple-gates,,0,false,sha256:46f48a8a654b7e65c4f72b8b12b65dc2360e6089e0d8d95075c90dae88212c1c,sha256:fd200cdeba92ad3f5499556043300dae9770cfefb4b6b9353294a75e55e4a5cf
209,scenario.equity.distributional-service.service-disparities.v1,behavioral-policy-equity,equity.distributional-service,diagnose,Diagnose distributional service-access and quality disparities,need-adjusted public-service access and quality disparities,denominator-aware multistage service disparity decomposition,unexplained service-access and quality gap,annual,population-group,technical,geographic-alignment,descriptive,community-input|demographic-context|equity-attribute|municipal-demand|outcome-panel|service-schedule,design-only,blocked-missing-source,,0,false,sha256:1bab8aa5532fa6456923e0c22dc78b9cb3d6b9f524eb41c0f1fc6be24adcf76d,sha256:841d8e481a5e563ba9db4a4e8f292068198bacba9eec646907ff2a2ca9e21975
210,scenario.equity.distributional-service.equitable-service-need.v1,behavioral-policy-equity,equity.distributional-service,forecast,Forecast service need and capacity by population group,population-specific eligible service need and capacity,"denominator, eligibility, season, and access-conditioned forecasting",eligible need above minimum service capacity,weeks,population-group,capacity,model-calibration,forecast,demographic-context|equity-attribute|municipal-demand|operating-capacity|outcome-panel|real-time-state,design-only,blocked-missing-source,,0,false,sha256:485d66db16f85e06ce8d772beb29716546ca76f4c11377d2c5d4e3f9086000dc,sha256:ad45414fa3a92e924b7f79301d63d3d1a163581427af155eefa8fa2c44486a1f
211,scenario.equity.distributional-service.equity-improvement-portfolio.v1,behavioral-policy-equity,equity.distributional-service,prioritize,Prioritize cross-agency equity improvements,cross-agency service-equity improvement portfolio,"need, rights, disparity, evidence, cost, and deliverability prioritization",population-weighted verified minimum-service gap,multi-year,service-area,budget,cost-capacity,descriptive|optimization,community-input|demographic-context|equity-attribute|financial-cost|legal-regulatory|municipal-demand,design-only,blocked-missing-source,,0,false,sha256:8a947f5af67c2183af01352650751209f5534bce98b8bee684895284c06d318c,sha256:8ba4394e7bb47a6deac104a2b7b08971f4a0147f561957290c15f7b0194b666e
212,scenario.equity.distributional-service.equitable-service-network.v1,behavioral-policy-equity,equity.distributional-service,site,Site an equitable network of public-service access points,equitable public-service access locations,"need-, rights-, travel-, language-, and capacity-aware facility siting",eligible people beyond usable qualified service access,multi-year,facility,regulatory,legal-authority,simulation|optimization,community-input|demographic-context|equity-attribute|facility-inventory|municipal-demand|transport-network,design-only,blocked-missing-source,,0,false,sha256:b8dfd7cdf2863b9f7d7b551b587d197695b6b0cad9cd1cbf2bc8392197ce005d,sha256:0a4d38202d95c5e3304fe7d76e37ea48a400daa69aa0ea82edd65ef771fbc2f6
213,scenario.equity.distributional-service.minimum-service-capacity.v1,behavioral-policy-equity,equity.distributional-service,allocate,Allocate capacity under minimum equitable service guarantees,cross-agency minimum-service capacity,needs-based allocation with explicit equity floors and uncertainty,eligible population below minimum service coverage,weeks,population-group,equity,equity-measurement,simulation|optimization,community-input|demographic-context|equity-attribute|municipal-demand|operating-capacity|service-schedule,reference-implemented,reference-implemented,deep.equity.area-balance.v1,0,false,sha256:3209ab84e56aaba8cee044bd86677efd2feb366ad6f9c43c4383d7e68bafd6ac,sha256:cd683b13933e790c14cf1ceab2ffaf677de38bbd0b6ac83159f7194829e1d613
214,scenario.equity.distributional-service.equity-remediation.v1,behavioral-policy-equity,equity.distributional-service,schedule,Schedule equity remediation and service reviews,cross-agency equity remediation and review schedule,"rights-, severity-, dependency-, capacity-, and accountability scheduling",person-days below verified minimum service standards,weeks,service-area,time,temporal-alignment,forecast|optimization,community-input|demographic-context|equity-attribute|legal-regulatory|municipal-demand|service-schedule,design-only,blocked-missing-source,,0,false,sha256:97a4f74b2b91013cc2886c378a99521a3571b330e8f0c984596951d449c2dd3a,sha256:b9ca7873d3c718e475b018112b4919840f21f57cee8c8b14f4c04bcd0907ac74
215,scenario.equity.distributional-service.equity-under-disruption.v1,behavioral-policy-equity,equity.distributional-service,stress-test,Stress-test equitable service under disruption,minimum equitable service continuity under disruption,"group-specific access, demand, channel, facility, and workforce failure simulation",scenario-weighted people below minimum service guarantees,seasonal,network,risk,external-validation,forecast|simulation|optimization,climate-hazard|demographic-context|equity-attribute|facility-inventory|municipal-demand|operating-capacity,design-only,blocked-missing-source,,0,false,sha256:db2267addaff1192dc67d562fa7a71e06974a9fd2c6c678fe343736af07f3e18,sha256:7f46eba5545f9b7aaf9aa0084af9bab0ca0a34cb3be4ee8f1c07f541049871b1
216,scenario.equity.distributional-service.equity-policy-effect.v1,behavioral-policy-equity,equity.distributional-service,evaluate,Evaluate service-equity interventions,phased cross-agency service-equity intervention,staggered service-area evaluation with need and outcome panels,change in need-adjusted service access and outcome gaps,multi-year,population-group,equity,causal-identification,descriptive|causal,community-input|demographic-context|equity-attribute|intervention-assignment|legal-regulatory|municipal-demand|outcome-panel|service-schedule,design-only,blocked-multiple-gates,,0,false,sha256:fd89e399000a5a0e4d86f96292cc07a06e135ac71ae78a72ed9a0475ec78e64b,sha256:4e279e85b97bfaf4c5cba43dc6b3c754ea74560433c2eb932e13da1e7aa1298b
217,scenario.equity.participation-communication.participation-gaps.v1,behavioral-policy-equity,equity.participation-communication,diagnose,"Diagnose participation, representation, and feedback gaps",public participation and feedback-process gaps,stage-specific denominator and contribution pathway diagnosis,affected people without usable participation and feedback access,annual,population-group,technical,geographic-alignment,descriptive,community-input|demographic-context|equity-attribute|geographic-identity|outcome-panel|service-schedule,design-only,blocked-missing-source,,0,false,sha256:dd90b82eddafb39689ca36731e6b70866120cf0b5f06b904a037b3098daa1da7,sha256:f761e2aa079b49ab71109729e1bbb862eef8070c9583ec4684dbcb57c811025c
218,scenario.equity.participation-communication.engagement-demand.v1,behavioral-policy-equity,equity.participation-communication,forecast,Forecast participation and communication demand,public participation and risk-communication demand,"issue-, channel-, language-, and event-conditioned engagement forecasting",affected participation demand above usable channel capacity,weeks,population-group,capacity,model-calibration,forecast,community-input|demographic-context|equity-attribute|geographic-identity|operating-capacity|real-time-state,design-only,blocked-missing-source,,0,false,sha256:325e1d6f90ebf9299f0f23bc7430645c80d4e357123d7253074fe63c856759b0,sha256:29314d589f08fc6a06a5eddab88023b893c04878fe06472aecb6f3e05a82078f
219,scenario.equity.participation-communication.inclusive-engagement-portfolio.v1,behavioral-policy-equity,equity.participation-communication,prioritize,Prioritize inclusive participation and communication improvements,inclusive participation and communication improvement portfolio,"representation, rights, usability, trust-risk, cost, and evidence prioritization",affected-population participation and feedback access gap,multi-year,service-area,budget,cost-capacity,descriptive|optimization,community-input|demographic-context|equity-attribute|financial-cost|geographic-identity|legal-regulatory,design-only,blocked-missing-source,,0,false,sha256:702b1ad4e8352969d6f546eb9443c3e77e82b04f97150424a1db8b979207e34c,sha256:c2e139aee90cc2cdeecea064c994f33e161a466eaf186f85009a16abd46bcd71
220,scenario.equity.participation-communication.engagement-venues.v1,behavioral-policy-equity,equity.participation-communication,site,Site accessible participation and communication venues,accessible participation and communication locations,"travel, language, accessibility, privacy, trust, and capacity-aware siting",affected people beyond usable participation access,multi-year,facility,regulatory,legal-authority,simulation|optimization,community-input|demographic-context|equity-attribute|facility-inventory|geographic-identity|transport-network,design-only,blocked-missing-source,,0,false,sha256:ed75351786e8b4864798079caa007e771d24a26fcc310e17415b1446dc3273ef,sha256:1ee4296fb7137ac80bd9567d6fcea8d15f28cbab5be6e6e6aa368b8f9bfbc919
221,scenario.equity.participation-communication.engagement-support.v1,behavioral-policy-equity,equity.participation-communication,allocate,"Allocate engagement, translation, and participation support",public participation and communication support resources,affected-population and minimum-access allocation,affected engagement needs without assigned usable support,weeks,population-group,equity,equity-measurement,simulation|optimization,community-input|demographic-context|equity-attribute|geographic-identity|operating-capacity|service-schedule,design-only,blocked-missing-source,,0,false,sha256:348d8647e5a4860756ecd76bb106e7926847c4db55a811999b3abd6c776820b0,sha256:55e621e3e783112eeafd05da74325997f92c6f2d5f792d4c85750b3f89eaaec0
222,scenario.equity.participation-communication.engagement-feedback-cycle.v1,behavioral-policy-equity,equity.participation-communication,schedule,"Schedule participation, communication, and feedback closure",public participation and feedback-closure schedule,"notice, accessibility, dependency, deliberation, and accountability scheduling",affected person-days without timely participation or response,weeks,citywide,time,temporal-alignment,forecast|optimization,community-input|demographic-context|geographic-identity|legal-regulatory|operating-capacity|service-schedule,design-only,blocked-missing-source,,0,false,sha256:311ba3b78c817461894ab41fd18223203cea725961a61a224f2520e224874143,sha256:9f2d3441212ed9d9b9ed9f33b00a464029bf17b70721314edfbd4dfe0a800ef2
223,scenario.equity.participation-communication.communication-failure.v1,behavioral-policy-equity,equity.participation-communication,stress-test,Stress-test public communication under crisis and channel failure,public risk communication under crisis and channel failure,"message, channel, language, trust, misinformation, and capacity simulation",scenario-weighted affected people without timely usable information,seasonal,network,risk,external-validation,forecast|simulation|optimization,community-input|demographic-context|facility-inventory|geographic-identity|operating-capacity|real-time-state,design-only,blocked-missing-source,,0,false,sha256:01737cf89380ebac0ee0c696dd25da28f8815b1d6f5b61016790e44e0b1b164c,sha256:6e619930571f49866a964704bfeb3782af5a1f77e91a45e32fca0bc3da4f2e3e
224,scenario.equity.participation-communication.engagement-design-effect.v1,behavioral-policy-equity,equity.participation-communication,evaluate,Evaluate inclusive engagement and risk communication,phased inclusive engagement and communication redesign,randomized encouragement or staggered process evaluation,change in verified usable participation and comprehension,multi-year,population-group,equity,causal-identification,descriptive|causal,community-input|demographic-context|equity-attribute|geographic-identity|intervention-assignment|legal-regulatory|outcome-panel|service-schedule,design-only,blocked-multiple-gates,,0,false,sha256:786b7f127313e020b5aa8a6ae3f41a9e61fe9fea22594e52ad75538cc3836195,sha256:341d5a51b32ac4b08e92fc01cd0b00111fa498f6138d8283d15ccf0a9fd4161e
225,scenario.equity.compliance-incentives.compliance-process-friction.v1,behavioral-policy-equity,equity.compliance-incentives,diagnose,Diagnose compliance and administrative-burden pathways,compliance assistance and administrative-burden pathways,rights-aware stage and denominator process diagnosis,eligible or regulated cases with unresolved process barriers,annual,population-group,technical,geographic-alignment,descriptive,community-input|demographic-context|equity-attribute|legal-regulatory|municipal-demand|outcome-panel,design-only,blocked-missing-source,,0,false,sha256:e122996843b38fc5546ca38bc2d6a13061fb233a64c9e4da2b673a70091dbaa3,sha256:c5bd8115a4a5db2a2e1b82f66d14ad08c6e22b94dd3a470833208ab47d051b7a
226,scenario.equity.compliance-incentives.assistance-inspection-demand.v1,behavioral-policy-equity,equity.compliance-incentives,forecast,Forecast compliance assistance and inspection demand,compliance assistance and inspection workload,"deadline, policy, channel, case-mix, and season forecasting",priority assistance and inspection demand above capacity,weeks,service-area,capacity,model-calibration,forecast,demographic-context|legal-regulatory|municipal-demand|operating-capacity|real-time-state|service-schedule,design-only,blocked-missing-source,,0,false,sha256:3ac4d9a3edb49589e9ca83435acddf37a03c1fe2d070484456303724ca882617,sha256:6a0b4071cec1b0938ed373b160d5a307b475e098a8b2587d35e97e4d6c73e01a
227,scenario.equity.compliance-incentives.compliance-policy-portfolio.v1,behavioral-policy-equity,equity.compliance-incentives,prioritize,Prioritize compliance assistance and policy redesign,rights-preserving compliance and assistance portfolio,"burden, effectiveness evidence, rights, equity, cost, and deliverability prioritization",verified unresolved compliance burden and harm risk,multi-year,service-area,budget,cost-capacity,descriptive|optimization,community-input|demographic-context|equity-attribute|financial-cost|legal-regulatory|municipal-demand,design-only,blocked-missing-source,,0,false,sha256:e56cc51f81b9a9b79cd3abf88e0c655d8d4e2bafe879746057bbeca0ed457a97,sha256:0cf77ff25f8928bad6324d66a1f419d366e1818226d68b40e6ce168001b58fe4
228,scenario.equity.compliance-incentives.compliance-assistance-access.v1,behavioral-policy-equity,equity.compliance-incentives,site,Site compliance assistance and technical-support access,compliance assistance and technical-support locations,"access, privacy, language, neutrality, skill, and capacity-aware siting",eligible cases beyond usable qualified assistance,multi-year,facility,regulatory,legal-authority,simulation|optimization,demographic-context|equity-attribute|facility-inventory|legal-regulatory|municipal-demand|transport-network,design-only,blocked-missing-source,,0,false,sha256:9ac750bf7eabecbe4ac20e0c5617b72db324f46279619066c151355431fe7183,sha256:20aebf6c7f1618ee6fe893bc24139a4d16d0b1772f57df615d1eb78a2bf6a708
229,scenario.equity.compliance-incentives.assistance-enforcement-capacity.v1,behavioral-policy-equity,equity.compliance-incentives,allocate,Allocate compliance assistance and inspection capacity,"compliance assistance, inspection, and appeal resources","rights, severity, minimum-assistance, skill, and equity allocation",priority cases without qualified assistance or review capacity,weeks,population-group,equity,equity-measurement,simulation|optimization,demographic-context|equity-attribute|legal-regulatory|municipal-demand|operating-capacity|service-schedule,design-only,blocked-missing-source,,0,false,sha256:b453ebd29c0c874a77e6085ea54f391993602ce21d72cddd06b67c834448bf2a,sha256:c78321aa452d6c8f59f8eae9f3e04a551dc8af03c1ef70c181417bd6723d3770
230,scenario.equity.compliance-incentives.notice-assistance-inspection.v1,behavioral-policy-equity,equity.compliance-incentives,schedule,"Schedule notices, assistance, inspections, and appeals","compliance notice, assistance, inspection, and appeal schedule","rights, deadline, dependency, capacity, and burden-aware scheduling","case-days outside lawful notice, assistance, and review windows",weeks,service-area,time,temporal-alignment,forecast|optimization,demographic-context|equity-attribute|legal-regulatory|municipal-demand|operating-capacity|service-schedule,design-only,blocked-missing-source,,0,false,sha256:09cc835fd6fc1447adbce974896f166b735e52d6d01d5d80d80111f7517391bb,sha256:0fa695875a333d25662c95db41e7cefe4e0305451a7b1314028453b9d0468839
231,scenario.equity.compliance-incentives.policy-response-uncertainty.v1,behavioral-policy-equity,equity.compliance-incentives,stress-test,Stress-test behavioral policy under heterogeneous response,behavioral compliance policy under heterogeneous response,"agent, administrative burden, uptake, substitution, and capacity simulation",scenario-weighted unresolved harm and administrative burden,seasonal,population-group,risk,external-validation,forecast|simulation|optimization,community-input|demographic-context|equity-attribute|legal-regulatory|municipal-demand|operating-capacity,design-only,blocked-missing-source,,0,false,sha256:0bedb113f76c72445c01cd0f985a2cb1e718462fba53b574f379296a48e0f192,sha256:4f538030c0c823bd51c35ad14e9022ed5f0ad4cc1f545624c01eebe46f4276ed
232,scenario.equity.compliance-incentives.assistance-incentive-effect.v1,behavioral-policy-equity,equity.compliance-incentives,evaluate,Evaluate compliance assistance and incentives,randomized or phased compliance assistance and incentive,randomized encouragement or threshold-based policy evaluation,change in verified timely lawful completion and administrative burden,multi-year,population-group,equity,causal-identification,descriptive|causal,community-input|demographic-context|equity-attribute|intervention-assignment|legal-regulatory|municipal-demand|outcome-panel,design-only,blocked-multiple-gates,,0,false,sha256:e66e7f146adcf8b23e68ad057633d1f0c31e335ba3b009a1da59df3af01a0dbc,sha256:410a78e8ca07194b6dbdd252243e807bf4113590f36e8350f5344101b3e34a88
233,scenario.equity.algorithmic-governance.decision-system-risks.v1,behavioral-policy-equity,equity.algorithmic-governance,diagnose,Diagnose algorithmic decision-system risks and control gaps,algorithmic decision-system evidence and control gaps,"end-to-end claim, lineage, decision, recourse, and outcome diagnosis",high-impact decision pathways with unresolved controls,annual,network,technical,geographic-alignment,descriptive,community-input|equity-attribute|intervention-assignment|legal-regulatory|outcome-panel|service-schedule,design-only,blocked-missing-source,,0,false,sha256:83e2dd2cec675b943beb86499ab67bc3dcb26ccf367c8f1b32cf20ce6f605f59,sha256:d6416ae6b979cb4a33d1cd64b75a8a8bd4d2d2eccff990fb22ebc9ccc5904a71
234,scenario.equity.algorithmic-governance.review-appeal-demand.v1,behavioral-policy-equity,equity.algorithmic-governance,forecast,"Forecast human review, recourse, and audit demand","algorithmic decision review, appeal, and audit demand","decision-volume, drift, incident, recourse, and policy-change forecasting",high-impact decisions above qualified review capacity,weeks,service-area,capacity,model-calibration,forecast,equity-attribute|legal-regulatory|operating-capacity|outcome-panel|real-time-state|service-schedule,design-only,blocked-missing-source,,0,false,sha256:e402b74c93ce1ebbab3a7308213735fc64efb251450b5cd2b34e74d4452ecfba,sha256:1ac79dcf47a87f2e57b51556be581fd1489eada34d4ea1db2603f5d43ff05e83
235,scenario.equity.algorithmic-governance.governance-controls.v1,behavioral-policy-equity,equity.algorithmic-governance,prioritize,Prioritize algorithmic governance controls,algorithmic governance and risk-control portfolio,"impact, evidence gap, rights, feasibility, dependency, and lifecycle prioritization",high-impact decision volume without verified controls,multi-year,asset,budget,cost-capacity,descriptive|optimization,community-input|equity-attribute|financial-cost|legal-regulatory|operating-capacity|outcome-panel,design-only,blocked-missing-source,,0,false,sha256:a534214b1efeabb88abd9f9eb6f9dbaa819485cfb3fb31e0fd21473707840912,sha256:3e5192cafe9ed543b7788982468802820408b8a6d89d5c27f24dc414ee048cce
236,scenario.equity.algorithmic-governance.human-review-access.v1,behavioral-policy-equity,equity.algorithmic-governance,site,Site independent review and recourse access,algorithmic decision review and recourse locations,"rights, privacy, language, independence, access, and capacity-aware siting",affected people beyond usable independent review access,multi-year,facility,regulatory,legal-authority,simulation|optimization,community-input|equity-attribute|facility-inventory|legal-regulatory|outcome-panel|transport-network,design-only,blocked-missing-source,,0,false,sha256:c1d8da27a456fbea779a92ebdcf7e637581c1b6bc00214276f8901cfffd114d7,sha256:aa35e1d9d5c48673a5706ff52688de4794154aacea50b4461792159faf57a629
237,scenario.equity.algorithmic-governance.oversight-capacity.v1,behavioral-policy-equity,equity.algorithmic-governance,allocate,Allocate human review and oversight capacity,algorithmic human review and oversight resources,"impact, rights, expertise, conflict, and minimum-review allocation",high-impact decisions without qualified independent review capacity,weeks,service-area,equity,equity-measurement,simulation|optimization,community-input|equity-attribute|legal-regulatory|operating-capacity|outcome-panel|service-schedule,design-only,blocked-missing-source,,0,false,sha256:81358caf7593093e9555db6e39bba178f11816233c912a6c9eb38c64acde4641,sha256:79151e6cbc395474d96114bdc7914709d8ba7d386dc69e6c4a7bd345efd8bb76
238,scenario.equity.algorithmic-governance.audit-monitoring-cycle.v1,behavioral-policy-equity,equity.algorithmic-governance,schedule,"Schedule algorithmic audit, monitoring, review, and sunset",algorithmic system audit and governance schedule,"impact, change, drift, incident, dependency, and legal-deadline scheduling",high-impact system-days outside verified governance controls,weeks,asset,time,temporal-alignment,forecast|optimization,community-input|equity-attribute|legal-regulatory|outcome-panel|real-time-state|service-schedule,design-only,blocked-missing-source,,0,false,sha256:7d67348fa9451fcd77d4895cdb318b65f582f650818779bfde55461b4e3ac977,sha256:bf9a862d2ef185fd79c9ed798badd00d01d6c19c2eb2db5c42175848f25af3a5
239,scenario.equity.algorithmic-governance.algorithmic-failure.v1,behavioral-policy-equity,equity.algorithmic-governance,stress-test,Stress-test algorithmic systems and human fallback,algorithmic decision support under technical and institutional failure,"data, model, interface, human, vendor, attack, and capacity failure simulation",scenario-weighted high-impact decisions outside safe fallback,seasonal,network,risk,external-validation,forecast|simulation|optimization,community-input|equity-attribute|legal-regulatory|operating-capacity|outcome-panel|real-time-state,design-only,blocked-missing-source,,0,false,sha256:2605e938ce7c3df8744a2e79fc115bfb3763285767a21b324344ea30cfe10269,sha256:1dc142a28a267efaa23ac073fbe2313e77dabd3dc0e94280a65e3d04c07b0af8
240,scenario.equity.algorithmic-governance.decision-support-effect.v1,behavioral-policy-equity,equity.algorithmic-governance,evaluate,Evaluate algorithmic decision support and human review,phased algorithmic decision-support and human-review system,randomized rollout or threshold-based socio-technical evaluation,"change in verified service outcome, error, override, and recourse gaps",multi-year,population-group,equity,causal-identification,descriptive|causal,community-input|equity-attribute|intervention-assignment|legal-regulatory|operating-capacity|outcome-panel|service-schedule,reference-implemented,reference-implemented,deep.equity.causal-service-effectiveness.v1,0,false,sha256:ffe81b2e2f9e11200ec1b4aea127ca1dfd24cde43ab81183a2e06f65e9784f6f,sha256:652ce438169c833d886ccb5eaebe3bc4d2066381c2611c6dc5c98c5e3d956eaa
