{"type":"FeatureCollection","features":[{"type":"Feature","geometry":{"type":"MultiPolygon","coordinates":[[[[-97.93835,30.33669],[-97.93835,30.33659],[-97.93833,30.3364],[-97.93827,30.33617],[-97.93821,30.33605],[-97.93817,30.33596],[-97.93811,30.33586],[-97.93796,30.33566],[-97.9378,30.33552],[-97.93769,30.33542],[-97.93746,30.33528],[-97.93721,30.33517],[-97.93723,30.33502],[-97.93725,30.33474],[-97.93726,30.33455],[-97.93725,30.33429],[-97.93723,30.33401],[-97.9372,30.33372],[-97.93716,30.33345],[-97.93709,30.33312],[-97.93704,30.33296],[-97.93699,30.33281],[-97.93699,30.33274],[-97.93694,30.33232],[-97.93683,30.33197],[-97.93672,30.33175],[-97.93668,30.3317],[-97.93665,30.33161],[-97.93659,30.33145],[-97.93652,30.33132],[-97.93642,30.33114],[-97.9363,30.33092],[-97.93637,30.33075],[-97.93641,30.33062],[-97.9365,30.33044],[-97.93658,30.33022],[-97.93661,30.32998],[-97.93659,30.32974],[-97.93653,30.32951],[-97.93641,30.32929],[-97.93626,30.32909],[-97.93617,30.32899],[-97.93611,30.32895],[-97.93602,30.32887],[-97.93579,30.32872],[-97.93555,30.32862],[-97.93528,30.32855],[-97.93501,30.32853],[-97.93473,30.32854],[-97.93446,30.32861],[-97.93437,30.32852],[-97.93428,30.32844],[-97.93419,30.32835],[-97.93409,30.32826],[-97.93401,30.32818],[-97.93391,30.32809],[-97.93381,30.32801],[-97.93372,30.32793],[-97.93362,30.32785],[-97.93352,30.32777],[-97.93342,30.32769],[-97.93332,30.32761],[-97.93322,30.32753],[-97.93307,30.32743],[-97.9328,30.32723],[-97.93248,30.32702],[-97.93223,30.32682],[-97.93201,30.32666],[-97.93179,30.3265],[-97.93157,30.32635],[-97.93123,30.32613],[-97.93107,30.32602],[-97.93103,30.32594],[-97.93087,30.32574],[-97.93068,30.32557],[-97.93043,30.32541],[-97.93033,30.32539],[-97.9289,30.32502],[-97.92818,30.32484],[-97.92762,30.3246],[-97.92742,30.32461],[-97.92644,30.32467],[-97.92354,30.32439],[-97.92172,30.32393],[-97.92155,30.32421],[-97.92112,30.3249],[-97.92108,30.32494],[-97.9209,30.32492],[-97.92084,30.3248],[-97.9209,30.32455],[-97.92091,30.32451],[-97.92096,30.32428],[-97.92097,30.32421],[-97.92102,30.32408],[-97.92106,30.32392],[-97.9211,30.32379],[-97.92102,30.32379],[-97.92096,30.32379],[-97.92072,30.32421],[-97.92063,30.32438],[-97.92063,30.32456],[-97.92064,30.32492],[-97.92028,30.32502],[-97.92018,30.32505],[-97.9201,30.32504],[-97.91993,30.32488],[-97.91973,30.32512],[-97.91951,30.32519],[-97.91909,30.32533],[-97.91901,30.32536],[-97.91815,30.32559],[-97.91785,30.32576],[-97.91762,30.32585],[-97.9174,30.32592],[-97.91695,30.32604],[-97.91651,30.32618],[-97.91579,30.3264],[-97.91509,30.32662],[-97.91489,30.32669],[-97.91479,30.32672],[-97.91451,30.32688],[-97.91441,30.32693],[-97.91398,30.32712],[-97.91345,30.32736],[-97.91303,30.32761],[-97.91261,30.32783],[-97.91221,30.32804],[-97.91204,30.32812],[-97.91183,30.32822],[-97.91171,30.32831],[-97.91152,30.32845],[-97.91143,30.3285],[-97.9113,30.32858],[-97.91126,30.32859],[-97.91119,30.32861],[-97.91109,30.32855],[-97.91108,30.32837],[-97.91113,30.32815],[-97.91115,30.32813],[-97.91117,30.32808],[-97.9112,30.32803],[-97.91122,30.32797],[-97.91123,30.32792],[-97.91124,30.32786],[-97.91124,30.32781],[-97.91123,30.32775],[-97.91122,30.32769],[-97.91121,30.32764],[-97.91118,30.32759],[-97.91115,30.32754],[-97.91112,30.32749],[-97.9111,30.32747],[-97.91089,30.32745],[-97.91073,30.32736],[-97.91062,30.32746],[-97.91059,30.32749],[-97.91051,30.32762],[-97.91067,30.32801],[-97.91071,30.3281],[-97.91072,30.32822],[-97.91073,30.32849],[-97.91074,30.32855],[-97.91075,30.32861],[-97.91075,30.32867],[-97.91074,30.32872],[-97.91073,30.32877],[-97.91071,30.32883],[-97.91069,30.32888],[-97.91065,30.32895],[-97.91061,30.32901],[-97.91057,30.32905],[-97.91055,30.32907],[-97.91039,30.32914],[-97.91031,30.32917],[-97.91021,30.32921],[-97.91012,30.32925],[-97.91007,30.32928],[-97.91001,30.3293],[-97.90956,30.32955],[-97.90941,30.32964],[-97.90922,30.32976],[-97.90914,30.32981],[-97.90909,30.32984],[-97.90879,30.33001],[-97.90873,30.33004],[-97.90852,30.3301],[-97.90835,30.33016],[-97.90836,30.32991],[-97.90823,30.32953],[-97.90818,30.3294],[-97.90791,30.32882],[-97.90771,30.32842],[-97.90764,30.32828],[-97.90738,30.32777],[-97.90771,30.32727],[-97.90795,30.32689],[-97.91169,30.32108],[-97.91136,30.32072],[-97.91123,30.32028],[-97.91091,30.31983],[-97.91079,30.31947],[-97.91075,30.31914],[-97.91076,30.31879],[-97.91067,30.31834],[-97.91063,30.31806],[-97.91051,30.31762],[-97.91043,30.31721],[-97.91053,30.31673],[-97.91054,30.31634],[-97.91059,30.31604],[-97.91063,30.31572],[-97.91067,30.31544],[-97.91062,30.31537],[-97.91042,30.31493],[-97.91022,30.31448],[-97.91018,30.31434],[-97.91001,30.31374],[-97.90992,30.31359],[-97.90954,30.31301],[-97.90951,30.3129],[-97.90888,30.31065],[-97.90885,30.31055],[-97.90881,30.31009],[-97.90854,30.31012],[-97.90834,30.31042],[-97.90689,30.31254],[-97.90247,30.31911],[-97.89951,30.32335],[-97.89921,30.32378],[-97.89748,30.32655],[-97.89728,30.32686],[-97.89637,30.32826],[-97.89582,30.3291],[-97.89505,30.33022],[-97.89339,30.32944],[-97.89269,30.3291],[-97.89146,30.32853],[-97.89136,30.32854],[-97.89132,30.32856],[-97.89111,30.32868],[-97.89011,30.33038],[-97.88965,30.33115],[-97.88901,30.33224],[-97.8886,30.33293],[-97.88866,30.33295],[-97.88877,30.33299],[-97.88883,30.33302],[-97.88889,30.33304],[-97.88894,30.33308],[-97.889,30.33313],[-97.88903,30.33318],[-97.88906,30.33323],[-97.88908,30.33328],[-97.88911,30.33341],[-97.88925,30.33393],[-97.88928,30.33419],[-97.88928,30.33436],[-97.88929,30.33456],[-97.88926,30.33511],[-97.88919,30.33535],[-97.88917,30.33608],[-97.88912,30.33632],[-97.88901,30.33649],[-97.88896,30.33656],[-97.88888,30.33664],[-97.8888,30.33672],[-97.88855,30.33693],[-97.88834,30.33701],[-97.88798,30.33718],[-97.8878,30.33732],[-97.88741,30.33763],[-97.88721,30.33771],[-97.88696,30.3377],[-97.88689,30.3377],[-97.88671,30.33789],[-97.88661,30.33808],[-97.88649,30.3382],[-97.88647,30.33822],[-97.88619,30.33843],[-97.88611,30.33849],[-97.88598,30.33856],[-97.88587,30.33862],[-97.88553,30.3388],[-97.88535,30.33889],[-97.88518,30.33898],[-97.88506,30.339],[-97.88482,30.33901],[-97.8853,30.34007],[-97.8854,30.34032],[-97.88542,30.34039],[-97.88503,30.34042],[-97.88485,30.34043],[-97.88477,30.34041],[-97.88467,30.34042],[-97.88459,30.34046],[-97.88452,30.34055],[-97.8845,30.34061],[-97.88441,30.34065],[-97.88396,30.34063],[-97.88388,30.34061],[-97.88378,30.34065],[-97.88373,30.34075],[-97.88369,30.34079],[-97.88363,30.34082],[-97.88358,30.34085],[-97.88352,30.34088],[-97.88346,30.34091],[-97.88339,30.34092],[-97.88333,30.34094],[-97.88228,30.34131],[-97.88231,30.34121],[-97.88236,30.34114],[-97.8824,30.34107],[-97.88243,30.341],[-97.88246,30.34092],[-97.88249,30.34085],[-97.88251,30.34077],[-97.88252,30.3407],[-97.88253,30.34062],[-97.88253,30.3406],[-97.88253,30.34054],[-97.88253,30.34046],[-97.88253,30.34039],[-97.88252,30.34031],[-97.8825,30.34023],[-97.88248,30.34015],[-97.88246,30.34008],[-97.88243,30.34001],[-97.88239,30.33994],[-97.88235,30.33987],[-97.88231,30.3398],[-97.88226,30.33973],[-97.88225,30.33972],[-97.88221,30.33967],[-97.88215,30.33961],[-97.88209,30.33955],[-97.88203,30.3395],[-97.882,30.33947],[-97.88189,30.3394],[-97.88182,30.33935],[-97.88174,30.33931],[-97.88166,30.33927],[-97.88158,30.33924],[-97.8815,30.33921],[-97.88141,30.33919],[-97.88132,30.33917],[-97.88124,30.33915],[-97.88115,30.33914],[-97.88106,30.33913],[-97.88097,30.33912],[-97.88086,30.33913],[-97.88079,30.33913],[-97.8807,30.33914],[-97.88061,30.33915],[-97.88052,30.33917],[-97.88044,30.3392],[-97.88035,30.33922],[-97.88027,30.33925],[-97.88019,30.33929],[-97.88011,30.33932],[-97.88004,30.33937],[-97.87996,30.33941],[-97.8799,30.33946],[-97.87983,30.33952],[-97.87977,30.33957],[-97.87971,30.33963],[-97.87965,30.33969],[-97.8796,30.33976],[-97.87954,30.33984],[-97.87951,30.33989],[-97.87947,30.33996],[-97.87944,30.34003],[-97.87941,30.34011],[-97.87939,30.34019],[-97.87937,30.34026],[-97.87936,30.34034],[-97.87935,30.34039],[-97.87935,30.34042],[-97.87935,30.34049],[-97.87935,30.34057],[-97.87936,30.34065],[-97.87931,30.3407],[-97.87926,30.34076],[-97.87922,30.34081],[-97.87919,30.34087],[-97.87916,30.34093],[-97.87913,30.341],[-97.87911,30.34106],[-97.87909,30.34113],[-97.87908,30.34119],[-97.87907,30.34126],[-97.87907,30.34132],[-97.87908,30.34139],[-97.87908,30.34146],[-97.87894,30.34144],[-97.87888,30.34144],[-97.87885,30.34144],[-97.87877,30.34144],[-97.87868,30.34145],[-97.87859,30.34146],[-97.8785,30.34148],[-97.87842,30.3415],[-97.87834,30.34152],[-97.87825,30.34155],[-97.87817,30.34158],[-97.8781,30.34161],[-97.87802,30.34165],[-97.87795,30.34169],[-97.87788,30.34174],[-97.87781,30.34179],[-97.87775,30.34185],[-97.87769,30.3419],[-97.87763,30.34196],[-97.87758,30.34202],[-97.87753,30.34209],[-97.87749,30.34215],[-97.87745,30.34222],[-97.87742,30.34229],[-97.87739,30.34237],[-97.87737,30.34244],[-97.87735,30.34251],[-97.87733,30.34259],[-97.87732,30.34266],[-97.87732,30.34274],[-97.87732,30.34282],[-97.87721,30.34278],[-97.8771,30.34279],[-97.87701,30.34283],[-97.87694,30.34291],[-97.87681,30.34291],[-97.87673,30.34288],[-97.87666,30.34286],[-97.87658,30.34284],[-97.87649,30.34283],[-97.87641,30.34282],[-97.87633,30.34282],[-97.87625,30.34282],[-97.87617,30.34282],[-97.87609,30.34283],[-97.87601,30.34284],[-97.87593,30.34286],[-97.87585,30.34288],[-97.87577,30.34291],[-97.8757,30.34294],[-97.87562,30.34297],[-97.87555,30.34301],[-97.87549,30.34305],[-97.87542,30.3431],[-97.87536,30.34314],[-97.87532,30.34319],[-97.87488,30.34358],[-97.87465,30.34372],[-97.87444,30.34379],[-97.87431,30.34385],[-97.87428,30.34386],[-97.87417,30.34368],[-97.87357,30.34437],[-97.87342,30.34447],[-97.87304,30.34463],[-97.87269,30.34477],[-97.87251,30.34483],[-97.87233,30.34493],[-97.87216,30.34503],[-97.872,30.34502],[-97.87199,30.34505],[-97.87194,30.3451],[-97.87177,30.34521],[-97.8716,30.34533],[-97.87151,30.34535],[-97.87142,30.34538],[-97.87134,30.34541],[-97.87126,30.34545],[-97.87118,30.34549],[-97.8711,30.34553],[-97.87101,30.34557],[-97.87093,30.34562],[-97.87085,30.34566],[-97.87077,30.34571],[-97.87069,30.34577],[-97.87062,30.34582],[-97.87055,30.34588],[-97.87049,30.34595],[-97.87043,30.34601],[-97.8691,30.34706],[-97.86897,30.3472],[-97.86878,30.34735],[-97.86866,30.34744],[-97.86854,30.34753],[-97.8685,30.3475],[-97.86848,30.34748],[-97.86841,30.34743],[-97.86833,30.34738],[-97.86826,30.34734],[-97.86818,30.34731],[-97.8681,30.34727],[-97.86802,30.34724],[-97.86793,30.34722],[-97.86785,30.34719],[-97.86776,30.34717],[-97.86767,30.34716],[-97.86758,30.34715],[-97.86754,30.34715],[-97.86749,30.34715],[-97.8674,30.34715],[-97.86731,30.34715],[-97.86722,30.34716],[-97.86713,30.34717],[-97.86705,30.34719],[-97.86696,30.34721],[-97.86687,30.34724],[-97.86679,30.34726],[-97.86674,30.34729],[-97.86671,30.3473],[-97.86663,30.34733],[-97.86656,30.34737],[-97.86648,30.34742],[-97.86641,30.34747],[-97.86635,30.34752],[-97.86628,30.34758],[-97.86622,30.34764],[-97.86617,30.34769],[-97.86611,30.34776],[-97.86607,30.34783],[-97.86602,30.34789],[-97.86598,30.34796],[-97.86595,30.34804],[-97.86592,30.34811],[-97.8659,30.34817],[-97.86585,30.34823],[-97.8658,30.34829],[-97.86576,30.34836],[-97.86573,30.34842],[-97.8657,30.34849],[-97.86567,30.34856],[-97.86565,30.34863],[-97.86563,30.3487],[-97.86562,30.34877],[-97.86561,30.34884],[-97.86561,30.3489],[-97.86561,30.34892],[-97.86561,30.34899],[-97.86562,30.34906],[-97.86563,30.34913],[-97.86565,30.3492],[-97.86568,30.34929],[-97.86561,30.34931],[-97.86555,30.34934],[-97.86548,30.34938],[-97.86543,30.34941],[-97.86538,30.34945],[-97.86532,30.34949],[-97.86528,30.34954],[-97.86523,30.34959],[-97.86517,30.34967],[-97.8651,30.34971],[-97.86504,30.34974],[-97.86498,30.34978],[-97.86492,30.34983],[-97.86487,30.34987],[-97.86482,30.34992],[-97.86478,30.34997],[-97.86466,30.34999],[-97.86458,30.34997],[-97.86449,30.34995],[-97.86443,30.34994],[-97.86441,30.34994],[-97.86432,30.34993],[-97.86424,30.34993],[-97.86415,30.34994],[-97.86406,30.34994],[-97.86404,30.34995],[-97.86397,30.34995],[-97.86389,30.34997],[-97.86381,30.34999],[-97.86372,30.35001],[-97.86364,30.35004],[-97.86356,30.35007],[-97.86349,30.35011],[-97.86341,30.35014],[-97.86334,30.35019],[-97.86328,30.35024],[-97.86321,30.35029],[-97.86315,30.35034],[-97.86309,30.3504],[-97.86304,30.35045],[-97.86299,30.35052],[-97.86294,30.35058],[-97.86286,30.35069],[-97.8628,30.35064],[-97.86273,30.3506],[-97.86265,30.35055],[-97.86258,30.35051],[-97.86251,30.35047],[-97.86242,30.35044],[-97.86234,30.35041],[-97.86226,30.35038],[-97.86217,30.35036],[-97.86208,30.35034],[-97.86199,30.35033],[-97.8619,30.35032],[-97.86181,30.35031],[-97.86172,30.35031],[-97.86163,30.35032],[-97.86154,30.35032],[-97.86145,30.35034],[-97.86136,30.35036],[-97.86127,30.35038],[-97.86119,30.3504],[-97.86111,30.35043],[-97.86102,30.35047],[-97.86094,30.3505],[-97.86087,30.35055],[-97.86079,30.35059],[-97.86072,30.35064],[-97.86065,30.35069],[-97.86059,30.35075],[-97.86055,30.35079],[-97.86053,30.35081],[-97.86047,30.35087],[-97.86042,30.35093],[-97.86037,30.351],[-97.86033,30.35107],[-97.86029,30.35114],[-97.86025,30.35121],[-97.86022,30.35128],[-97.8602,30.35136],[-97.86018,30.35143],[-97.86017,30.35145],[-97.86016,30.35153],[-97.86006,30.35173],[-97.85994,30.35191],[-97.85983,30.35191],[-97.85972,30.35194],[-97.85966,30.35195],[-97.85961,30.35197],[-97.85959,30.35198],[-97.85954,30.35201],[-97.85943,30.35201],[-97.85938,30.35202],[-97.85932,30.35202],[-97.85921,30.35203],[-97.85911,30.35205],[-97.859,30.35207],[-97.85892,30.35202],[-97.85884,30.35197],[-97.85874,30.35195],[-97.85864,30.35194],[-97.85854,30.35195],[-97.85845,30.35197],[-97.85835,30.35202],[-97.85826,30.35197],[-97.85816,30.35194],[-97.85805,30.35193],[-97.85795,30.35193],[-97.85784,30.35194],[-97.85775,30.35198],[-97.85777,30.35191],[-97.85779,30.35184],[-97.85779,30.3518],[-97.8578,30.35177],[-97.85781,30.3517],[-97.85781,30.35163],[-97.85781,30.3516],[-97.8578,30.35156],[-97.85786,30.35148],[-97.85791,30.35141],[-97.85795,30.35134],[-97.85799,30.35128],[-97.85803,30.3512],[-97.85806,30.35113],[-97.85809,30.35106],[-97.85811,30.35098],[-97.85812,30.35094],[-97.85813,30.3509],[-97.85814,30.35082],[-97.85814,30.35075],[-97.85815,30.35067],[-97.85814,30.35059],[-97.85813,30.35051],[-97.85811,30.35041],[-97.8581,30.35036],[-97.85808,30.35028],[-97.85805,30.35021],[-97.85802,30.35013],[-97.85798,30.35006],[-97.85794,30.34999],[-97.85789,30.34992],[-97.85784,30.34986],[-97.85778,30.3498],[-97.85773,30.34974],[-97.8577,30.34972],[-97.85766,30.34968],[-97.8576,30.34963],[-97.85753,30.34958],[-97.85745,30.34953],[-97.85736,30.34946],[-97.85728,30.34943],[-97.8572,30.34939],[-97.85712,30.34936],[-97.85703,30.34934],[-97.85695,30.34932],[-97.85686,30.3493],[-97.85677,30.34929],[-97.85671,30.34928],[-97.85668,30.34928],[-97.85651,30.34927],[-97.85642,30.34928],[-97.85633,30.34929],[-97.85624,30.3493],[-97.85616,30.34932],[-97.85607,30.34934],[-97.85599,30.34937],[-97.8559,30.3494],[-97.85583,30.34943],[-97.85575,30.34947],[-97.85567,30.34951],[-97.8556,30.34956],[-97.85553,30.34961],[-97.85547,30.34966],[-97.85544,30.34969],[-97.85541,30.34972],[-97.85535,30.34978],[-97.8553,30.34983],[-97.85519,30.34982],[-97.85508,30.34982],[-97.85504,30.34981],[-97.85497,30.34982],[-97.85485,30.34983],[-97.85474,30.34983],[-97.85463,30.34985],[-97.85452,30.34987],[-97.85445,30.34989],[-97.85432,30.34996],[-97.85431,30.34987],[-97.85429,30.3498],[-97.85427,30.34973],[-97.85425,30.34965],[-97.85422,30.34957],[-97.85419,30.3495],[-97.85415,30.34943],[-97.8541,30.34936],[-97.85406,30.34929],[-97.854,30.34923],[-97.85395,30.34917],[-97.85389,30.34911],[-97.85382,30.34905],[-97.85376,30.349],[-97.85369,30.34895],[-97.85361,30.3489],[-97.85354,30.34886],[-97.85346,30.34882],[-97.85338,30.34879],[-97.85329,30.34876],[-97.85321,30.34873],[-97.85312,30.34871],[-97.85303,30.34869],[-97.85297,30.3486],[-97.85297,30.34856],[-97.85297,30.34853],[-97.85296,30.34845],[-97.85295,30.34837],[-97.85293,30.3483],[-97.85291,30.34823],[-97.85289,30.34815],[-97.85286,30.34808],[-97.85282,30.34801],[-97.85278,30.34794],[-97.85273,30.34788],[-97.85268,30.34781],[-97.85265,30.34778],[-97.85263,30.34775],[-97.85257,30.3477],[-97.85251,30.34764],[-97.85245,30.34759],[-97.85238,30.34754],[-97.8523,30.3475],[-97.85223,30.34745],[-97.85215,30.34742],[-97.85207,30.34738],[-97.85199,30.34735],[-97.85194,30.34734],[-97.85191,30.34733],[-97.85183,30.34731],[-97.85173,30.34729],[-97.85165,30.34728],[-97.85156,30.34727],[-97.85148,30.34726],[-97.85139,30.34726],[-97.85136,30.34726],[-97.8513,30.34727],[-97.85121,30.34728],[-97.85112,30.34729],[-97.85105,30.34727],[-97.85111,30.34721],[-97.85116,30.34715],[-97.85121,30.34709],[-97.85127,30.34702],[-97.85131,30.34696],[-97.85135,30.34689],[-97.85139,30.34681],[-97.85142,30.34674],[-97.85144,30.34667],[-97.85146,30.34659],[-97.85148,30.34651],[-97.85149,30.34644],[-97.8515,30.34637],[-97.85149,30.34628],[-97.85149,30.34621],[-97.85148,30.34613],[-97.85147,30.34605],[-97.85145,30.34598],[-97.85142,30.3459],[-97.85139,30.34583],[-97.85136,30.34576],[-97.85132,30.34569],[-97.85128,30.34562],[-97.85123,30.34555],[-97.85118,30.34549],[-97.85112,30.34543],[-97.85106,30.34537],[-97.851,30.34532],[-97.85093,30.34527],[-97.85086,30.34522],[-97.85079,30.34517],[-97.85071,30.34513],[-97.85064,30.3451],[-97.85055,30.34506],[-97.85047,30.34503],[-97.85043,30.34502],[-97.85036,30.34508],[-97.85024,30.34509],[-97.84998,30.34512],[-97.84947,30.34518],[-97.84874,30.34526],[-97.84829,30.34531],[-97.84828,30.34524],[-97.84831,30.3452],[-97.84828,30.34518],[-97.84822,30.34514],[-97.8482,30.34511],[-97.8482,30.34508],[-97.84824,30.34503],[-97.84825,30.34498],[-97.84826,30.34496],[-97.84827,30.34493],[-97.84825,30.3449],[-97.84824,30.34486],[-97.84818,30.34483],[-97.84818,30.34479],[-97.84821,30.34476],[-97.84818,30.34473],[-97.84815,30.3447],[-97.84817,30.34467],[-97.84815,30.34464],[-97.84814,30.34461],[-97.84814,30.34459],[-97.84817,30.34458],[-97.84828,30.34459],[-97.84833,30.34458],[-97.84835,30.34454],[-97.84836,30.34452],[-97.84833,30.3445],[-97.8483,30.34447],[-97.84828,30.34446],[-97.84824,30.34447],[-97.84822,30.34449],[-97.84816,30.34449],[-97.84811,30.34447],[-97.84807,30.34446],[-97.84806,30.34443],[-97.84806,30.3444],[-97.84802,30.34428],[-97.84798,30.34413],[-97.84794,30.3441],[-97.84795,30.34407],[-97.84798,30.34405],[-97.84803,30.34406],[-97.84806,30.34406],[-97.84811,30.344],[-97.84809,30.34399],[-97.84806,30.34399],[-97.848,30.34399],[-97.84799,30.34393],[-97.84793,30.34391],[-97.84795,30.34384],[-97.84894,30.34374],[-97.84901,30.34399],[-97.8491,30.34398],[-97.84979,30.3439],[-97.84978,30.34386],[-97.84976,30.3438],[-97.84974,30.34374],[-97.84972,30.34369],[-97.8497,30.34366],[-97.84969,30.34364],[-97.84965,30.34359],[-97.84961,30.34354],[-97.84957,30.34351],[-97.84952,30.34346],[-97.84947,30.34342],[-97.84942,30.34338],[-97.84944,30.34328],[-97.84945,30.34317],[-97.84943,30.34307],[-97.84941,30.34303],[-97.8494,30.34297],[-97.84935,30.34289],[-97.84927,30.34279],[-97.84927,30.34272],[-97.84927,30.34264],[-97.84926,30.34257],[-97.84925,30.34251],[-97.84924,30.34244],[-97.84922,30.34237],[-97.84919,30.3423],[-97.84919,30.34229],[-97.84918,30.34227],[-97.84916,30.34224],[-97.84913,30.34218],[-97.84909,30.34212],[-97.84915,30.34211],[-97.84917,30.34211],[-97.84927,30.34212],[-97.84929,30.34212],[-97.84938,30.34213],[-97.84948,30.34213],[-97.84958,30.34213],[-97.84968,30.34212],[-97.84978,30.34211],[-97.84988,30.3421],[-97.84998,30.34208],[-97.85008,30.34205],[-97.85017,30.34203],[-97.85027,30.342],[-97.85036,30.34196],[-97.85045,30.34192],[-97.85054,30.34188],[-97.85063,30.34183],[-97.85071,30.34178],[-97.8508,30.34176],[-97.85088,30.34174],[-97.85096,30.34171],[-97.85105,30.34168],[-97.85112,30.34165],[-97.8512,30.34161],[-97.85128,30.34157],[-97.85135,30.34152],[-97.85142,30.34147],[-97.85148,30.34142],[-97.85154,30.34136],[-97.8516,30.34131],[-97.85165,30.34125],[-97.8517,30.34118],[-97.85175,30.34112],[-97.85179,30.34105],[-97.85182,30.34098],[-97.85186,30.3409],[-97.85194,30.34092],[-97.85203,30.34093],[-97.85212,30.34094],[-97.85221,30.34094],[-97.8523,30.34094],[-97.85239,30.34093],[-97.85248,30.34092],[-97.85257,30.34091],[-97.85266,30.34089],[-97.85274,30.34087],[-97.85283,30.34084],[-97.85291,30.34081],[-97.85299,30.34077],[-97.85307,30.34073],[-97.85314,30.34069],[-97.85321,30.34065],[-97.85328,30.3406],[-97.85335,30.34054],[-97.85341,30.34049],[-97.85347,30.34043],[-97.85351,30.34038],[-97.85352,30.34037],[-97.85357,30.3403],[-97.85362,30.34024],[-97.85366,30.34017],[-97.85369,30.34009],[-97.85373,30.34002],[-97.85375,30.33995],[-97.85377,30.33989],[-97.85378,30.33987],[-97.8538,30.3398],[-97.85381,30.33972],[-97.85381,30.33964],[-97.85382,30.33957],[-97.85381,30.33949],[-97.85381,30.33941],[-97.8538,30.33933],[-97.85379,30.33929],[-97.85378,30.33926],[-97.85375,30.33918],[-97.85373,30.33911],[-97.85369,30.33904],[-97.85339,30.33904],[-97.85232,30.33896],[-97.85171,30.3388],[-97.85122,30.33868],[-97.85119,30.3393],[-97.85095,30.33932],[-97.85054,30.33926],[-97.85051,30.33925],[-97.85042,30.33919],[-97.85035,30.33915],[-97.85031,30.33913],[-97.85021,30.33905],[-97.85015,30.33899],[-97.85012,30.33896],[-97.84993,30.3388],[-97.84991,30.33875],[-97.8499,30.33872],[-97.84989,30.3387],[-97.84988,30.33865],[-97.84987,30.33864],[-97.84979,30.33858],[-97.84974,30.33854],[-97.84971,30.33852],[-97.84964,30.33847],[-97.84961,30.33844],[-97.84957,30.33841],[-97.8495,30.33836],[-97.84942,30.3383],[-97.84938,30.33826],[-97.85064,30.33782],[-97.85043,30.33739],[-97.85037,30.33727],[-97.85026,30.33721],[-97.85021,30.33715],[-97.85016,30.33709],[-97.8501,30.33703],[-97.85004,30.33698],[-97.84997,30.33693],[-97.8499,30.33688],[-97.84983,30.33684],[-97.84976,30.3368],[-97.84968,30.33677],[-97.8496,30.33673],[-97.84954,30.3367],[-97.84944,30.33664],[-97.84934,30.3366],[-97.84922,30.33658],[-97.84914,30.33654],[-97.84907,30.33651],[-97.84899,30.33649],[-97.84891,30.33646],[-97.84883,30.33645],[-97.84875,30.33643],[-97.84866,30.33642],[-97.8486,30.33638],[-97.84853,30.33629],[-97.84845,30.3362],[-97.84837,30.33612],[-97.84838,30.3361],[-97.84841,30.33606],[-97.84847,30.33601],[-97.84853,30.33595],[-97.84858,30.33589],[-97.84862,30.33584],[-97.84867,30.33577],[-97.8487,30.33572],[-97.84875,30.33565],[-97.84879,30.33555],[-97.84881,30.3355],[-97.84883,30.33543],[-97.84885,30.33535],[-97.84887,30.33528],[-97.84888,30.3352],[-97.84888,30.33512],[-97.84888,30.33505],[-97.84887,30.33497],[-97.84886,30.3349],[-97.84884,30.33482],[-97.84882,30.33474],[-97.8488,30.33467],[-97.84877,30.3346],[-97.84873,30.33453],[-97.84869,30.33446],[-97.84865,30.33439],[-97.8486,30.33433],[-97.84855,30.33427],[-97.84849,30.33421],[-97.84843,30.33415],[-97.84836,30.3341],[-97.84829,30.33405],[-97.84828,30.33399],[-97.84834,30.33391],[-97.84837,30.33384],[-97.8484,30.33377],[-97.84843,30.3337],[-97.84845,30.33362],[-97.84846,30.33355],[-97.84847,30.33347],[-97.84848,30.3334],[-97.84848,30.33332],[-97.84847,30.33325],[-97.84846,30.33317],[-97.84844,30.3331],[-97.84842,30.33303],[-97.8484,30.33295],[-97.84837,30.33288],[-97.84833,30.33282],[-97.84831,30.33274],[-97.84828,30.33268],[-97.84824,30.33261],[-97.84819,30.33255],[-97.84815,30.33249],[-97.84809,30.33244],[-97.84804,30.33239],[-97.84798,30.33234],[-97.84792,30.33229],[-97.84785,30.33225],[-97.84766,30.33201],[-97.84766,30.33191],[-97.84762,30.33182],[-97.84762,30.33174],[-97.84762,30.33167],[-97.84762,30.3316],[-97.84761,30.33152],[-97.8476,30.33146],[-97.84759,30.33139],[-97.84757,30.33132],[-97.84754,30.33125],[-97.84755,30.33118],[-97.84756,30.33111],[-97.84756,30.33104],[-97.84756,30.33097],[-97.84755,30.33091],[-97.84754,30.33084],[-97.84752,30.33077],[-97.8475,30.33071],[-97.84747,30.33064],[-97.84744,30.33058],[-97.84741,30.33052],[-97.84737,30.33046],[-97.84732,30.3304],[-97.84727,30.33035],[-97.84722,30.33026],[-97.8472,30.33016],[-97.84716,30.33004],[-97.84714,30.32994],[-97.8471,30.32985],[-97.84707,30.32976],[-97.84714,30.32971],[-97.84722,30.32969],[-97.84731,30.32965],[-97.84739,30.32962],[-97.84746,30.32958],[-97.84754,30.32954],[-97.84761,30.32949],[-97.84768,30.32945],[-97.84774,30.32939],[-97.8478,30.32934],[-97.84786,30.32928],[-97.84791,30.32922],[-97.84796,30.32916],[-97.84801,30.32909],[-97.84805,30.32902],[-97.84809,30.32895],[-97.84812,30.32888],[-97.84815,30.3288],[-97.84817,30.32873],[-97.84818,30.32866],[-97.8482,30.32858],[-97.8482,30.3285],[-97.84821,30.32843],[-97.8482,30.32835],[-97.84819,30.32827],[-97.84819,30.32822],[-97.84818,30.32819],[-97.84816,30.32812],[-97.84814,30.32805],[-97.84811,30.32797],[-97.84808,30.3279],[-97.84804,30.32783],[-97.848,30.32776],[-97.84795,30.3277],[-97.8479,30.32763],[-97.84785,30.32757],[-97.84779,30.32752],[-97.84773,30.32746],[-97.84771,30.32745],[-97.84766,30.32741],[-97.84759,30.32736],[-97.84752,30.32732],[-97.84743,30.32727],[-97.84729,30.3272],[-97.84721,30.32717],[-97.84713,30.32715],[-97.84704,30.32713],[-97.84695,30.32711],[-97.84686,30.3271],[-97.84678,30.32709],[-97.84667,30.32706],[-97.84657,30.32703],[-97.84646,30.32705],[-97.84639,30.32696],[-97.84629,30.32691],[-97.84617,30.3269],[-97.8461,30.32681],[-97.846,30.32675],[-97.84588,30.32673],[-97.84578,30.32674],[-97.84574,30.3267],[-97.84569,30.32666],[-97.84565,30.32662],[-97.8456,30.32658],[-97.84555,30.32655],[-97.84548,30.32652],[-97.84544,30.32645],[-97.84542,30.32635],[-97.8454,30.32626],[-97.84537,30.32616],[-97.84533,30.32607],[-97.84529,30.32597],[-97.84524,30.32588],[-97.8452,30.32579],[-97.84514,30.3257],[-97.84521,30.32565],[-97.84527,30.32559],[-97.84528,30.32557],[-97.84533,30.32552],[-97.84538,30.32546],[-97.84543,30.32539],[-97.84548,30.32532],[-97.84552,30.32525],[-97.84556,30.32518],[-97.84559,30.3251],[-97.84562,30.32502],[-97.84564,30.32495],[-97.84566,30.32487],[-97.84573,30.32481],[-97.84579,30.32475],[-97.84586,30.32468],[-97.8459,30.32464],[-97.84595,30.32457],[-97.846,30.32451],[-97.84604,30.32444],[-97.84607,30.32437],[-97.84609,30.32434],[-97.84611,30.3243],[-97.84614,30.32423],[-97.84616,30.32416],[-97.84618,30.32408],[-97.84619,30.32401],[-97.8462,30.32393],[-97.8462,30.32385],[-97.8462,30.32378],[-97.84619,30.3237],[-97.84618,30.32362],[-97.84618,30.3236],[-97.84616,30.32355],[-97.84614,30.32347],[-97.84611,30.3234],[-97.84608,30.32333],[-97.84604,30.32326],[-97.84601,30.32319],[-97.84596,30.32313],[-97.84591,30.32306],[-97.84586,30.323],[-97.84583,30.3229],[-97.84582,30.32282],[-97.84581,30.32275],[-97.84579,30.32267],[-97.84577,30.3226],[-97.84575,30.32254],[-97.84574,30.32252],[-97.84571,30.32245],[-97.84567,30.32238],[-97.84563,30.32231],[-97.84559,30.32224],[-97.84554,30.32218],[-97.84548,30.32212],[-97.84543,30.32206],[-97.84536,30.322],[-97.84531,30.32195],[-97.84523,30.3219],[-97.84516,30.32185],[-97.84508,30.32181],[-97.84501,30.32177],[-97.84493,30.32173],[-97.84484,30.3217],[-97.84476,30.32167],[-97.84467,30.32165],[-97.84459,30.32163],[-97.8445,30.32162],[-97.84441,30.32161],[-97.84432,30.3216],[-97.84423,30.3216],[-97.84414,30.3216],[-97.84405,30.32161],[-97.84396,30.32162],[-97.84392,30.32163],[-97.84379,30.32166],[-97.8437,30.32168],[-97.84362,30.32171],[-97.84354,30.32174],[-97.84346,30.32178],[-97.84338,30.32182],[-97.84331,30.32186],[-97.84324,30.32191],[-97.84317,30.32196],[-97.8431,30.32202],[-97.84305,30.32207],[-97.84298,30.32215],[-97.84289,30.32215],[-97.8428,30.32215],[-97.84271,30.32216],[-97.84262,30.32217],[-97.84253,30.32219],[-97.84245,30.32221],[-97.84237,30.32223],[-97.84228,30.32226],[-97.8422,30.3223],[-97.84216,30.32232],[-97.84213,30.32233],[-97.8421,30.32235],[-97.84205,30.32237],[-97.84198,30.32242],[-97.84191,30.32247],[-97.84184,30.32252],[-97.84178,30.32257],[-97.84172,30.32263],[-97.84167,30.32269],[-97.84155,30.32274],[-97.84144,30.32271],[-97.84136,30.32271],[-97.84126,30.32262],[-97.84121,30.32258],[-97.84115,30.32254],[-97.84109,30.32251],[-97.84104,30.32248],[-97.84097,30.32245],[-97.8409,30.32243],[-97.84083,30.32241],[-97.84076,30.32239],[-97.84069,30.32238],[-97.84062,30.32237],[-97.8405,30.32234],[-97.8404,30.3223],[-97.8402,30.32224],[-97.84,30.32218],[-97.8399,30.32215],[-97.8398,30.32212],[-97.8396,30.32207],[-97.83949,30.32204],[-97.8394,30.32202],[-97.8393,30.322],[-97.83909,30.32196],[-97.83889,30.32192],[-97.83878,30.3219],[-97.83868,30.32189],[-97.83858,30.32187],[-97.83847,30.32186],[-97.83837,30.32185],[-97.83806,30.32182],[-97.83797,30.3218],[-97.83785,30.32177],[-97.83773,30.32175],[-97.83762,30.32173],[-97.8375,30.32171],[-97.83738,30.3217],[-97.83726,30.3217],[-97.83714,30.32169],[-97.83702,30.3217],[-97.8369,30.3217],[-97.83679,30.32171],[-97.83667,30.32173],[-97.83655,30.32175],[-97.83646,30.32177],[-97.83638,30.32175],[-97.8363,30.32174],[-97.83622,30.32174],[-97.83614,30.32173],[-97.83606,30.32172],[-97.83598,30.32172],[-97.83582,30.32171],[-97.83558,30.3217],[-97.83549,30.32171],[-97.83541,30.32171],[-97.83533,30.32171],[-97.83525,30.32171],[-97.83517,30.32172],[-97.83501,30.32173],[-97.83485,30.32175],[-97.83477,30.32176],[-97.83469,30.32177],[-97.83461,30.32179],[-97.83453,30.3218],[-97.83445,30.32182],[-97.83437,30.32183],[-97.83436,30.32184],[-97.83372,30.32201],[-97.8337,30.32202],[-97.83362,30.32204],[-97.83358,30.32203],[-97.8335,30.32202],[-97.83338,30.32205],[-97.83325,30.32209],[-97.83315,30.32209],[-97.83305,30.32209],[-97.83295,30.3221],[-97.83285,30.32212],[-97.83275,30.32214],[-97.83266,30.32216],[-97.83256,30.32218],[-97.83247,30.32221],[-97.8324,30.32221],[-97.83233,30.32221],[-97.83226,30.32221],[-97.83219,30.32221],[-97.83212,30.32222],[-97.83205,30.32224],[-97.83198,30.32226],[-97.83192,30.32228],[-97.83186,30.32231],[-97.83182,30.32233],[-97.82982,30.32266],[-97.82967,30.32291],[-97.8296,30.32302],[-97.82957,30.32307],[-97.82953,30.32309],[-97.82949,30.32312],[-97.82938,30.32318],[-97.82924,30.32323],[-97.82879,30.3234],[-97.82853,30.32352],[-97.828,30.3238],[-97.82774,30.32395],[-97.82743,30.32411],[-97.82727,30.32419],[-97.82708,30.32431],[-97.82682,30.32453],[-97.82663,30.32472],[-97.82642,30.32492],[-97.8262,30.32511],[-97.8251,30.32412],[-97.82507,30.32408],[-97.82487,30.3239],[-97.82496,30.32375],[-97.82499,30.3236],[-97.82501,30.32345],[-97.82497,30.32325],[-97.82493,30.32309],[-97.82488,30.32287],[-97.82486,30.32281],[-97.82481,30.32265],[-97.82482,30.32256],[-97.82482,30.32241],[-97.82482,30.32232],[-97.8248,30.32222],[-97.82489,30.32221],[-97.82505,30.32217],[-97.82516,30.32215],[-97.82527,30.32211],[-97.82542,30.32205],[-97.82569,30.32191],[-97.82581,30.32184],[-97.82591,30.32176],[-97.82603,30.32165],[-97.82611,30.32157],[-97.82617,30.32148],[-97.82628,30.32131],[-97.82638,30.32116],[-97.8266,30.32082],[-97.82666,30.32072],[-97.82672,30.32063],[-97.82679,30.3205],[-97.82685,30.3204],[-97.8269,30.32029],[-97.82699,30.32006],[-97.82704,30.31994],[-97.82719,30.31951],[-97.82728,30.31925],[-97.82734,30.31914],[-97.82746,30.31895],[-97.82769,30.31861],[-97.82776,30.31851],[-97.82781,30.31846],[-97.82789,30.31841],[-97.82801,30.31832],[-97.82884,30.31773],[-97.8295,30.31729],[-97.82989,30.31699],[-97.83016,30.31669],[-97.83028,30.31636],[-97.83031,30.31574],[-97.83031,30.31453],[-97.8302,30.3142],[-97.82995,30.31386],[-97.83043,30.31357],[-97.83051,30.31352],[-97.83064,30.31348],[-97.83073,30.31346],[-97.83081,30.31345],[-97.83103,30.31346],[-97.83132,30.31355],[-97.8314,30.31331],[-97.83145,30.31317],[-97.8315,30.31306],[-97.83159,30.31291],[-97.83165,30.31279],[-97.83169,30.3127],[-97.83169,30.31263],[-97.83169,30.31254],[-97.83167,30.31246],[-97.83164,30.31236],[-97.83157,30.31225],[-97.83152,30.31218],[-97.83112,30.31182],[-97.83093,30.31165],[-97.83085,30.31158],[-97.83077,30.31149],[-97.83071,30.31141],[-97.83065,30.31132],[-97.83061,30.31122],[-97.83059,30.31114],[-97.83057,30.31098],[-97.83057,30.31076],[-97.83054,30.31053],[-97.83051,30.3104],[-97.83047,30.3103],[-97.83039,30.31018],[-97.83031,30.31004],[-97.83021,30.3099],[-97.83012,30.30978],[-97.83004,30.30967],[-97.82998,30.30957],[-97.82994,30.30947],[-97.82988,30.30932],[-97.82978,30.30894],[-97.82969,30.30859],[-97.82953,30.30791],[-97.82952,30.30764],[-97.82959,30.30732],[-97.82977,30.30703],[-97.83026,30.30673],[-97.83177,30.30659],[-97.83175,30.30646],[-97.83165,30.30622],[-97.83149,30.30607],[-97.83129,30.30589],[-97.83124,30.30583],[-97.83106,30.30569],[-97.83044,30.30496],[-97.83011,30.30468],[-97.83035,30.30404],[-97.83041,30.30386],[-97.83029,30.3038],[-97.83011,30.30374],[-97.82971,30.30362],[-97.82904,30.30342],[-97.82913,30.30324],[-97.82912,30.30322],[-97.82913,30.30293],[-97.82821,30.30255],[-97.82782,30.30321],[-97.82733,30.30317],[-97.82685,30.30319],[-97.82633,30.30408],[-97.82595,30.30412],[-97.82578,30.30413],[-97.82568,30.30416],[-97.82564,30.30416],[-97.82523,30.30415],[-97.82514,30.3043],[-97.82507,30.30445],[-97.825,30.30458],[-97.82497,30.30467],[-97.82495,30.30473],[-97.82462,30.30488],[-97.82446,30.30481],[-97.82433,30.30477],[-97.82431,30.30477],[-97.82423,30.30476],[-97.82422,30.30475],[-97.82414,30.30475],[-97.82411,30.30475],[-97.82407,30.30476],[-97.82404,30.30476],[-97.824,30.30478],[-97.82394,30.3048],[-97.82389,30.30484],[-97.82383,30.30491],[-97.8238,30.30498],[-97.82377,30.30505],[-97.82376,30.30509],[-97.82365,30.30522],[-97.82356,30.30536],[-97.8235,30.30544],[-97.82347,30.30547],[-97.8234,30.30551],[-97.82331,30.30555],[-97.82314,30.30558],[-97.82307,30.30558],[-97.823,30.30557],[-97.82293,30.30555],[-97.82289,30.30553],[-97.8228,30.30547],[-97.82277,30.30545],[-97.82267,30.30535],[-97.82262,30.30531],[-97.82231,30.30515],[-97.8225,30.30545],[-97.82254,30.30565],[-97.8225,30.30578],[-97.82241,30.30586],[-97.82224,30.30583],[-97.82157,30.30587],[-97.82144,30.3061],[-97.82162,30.30636],[-97.82161,30.30677],[-97.82161,30.30696],[-97.82171,30.30711],[-97.82158,30.30755],[-97.82178,30.30757],[-97.82184,30.30757],[-97.82187,30.30767],[-97.82172,30.30881],[-97.82156,30.30937],[-97.82297,30.30994],[-97.82316,30.31005],[-97.82327,30.31013],[-97.82338,30.31021],[-97.82349,30.31029],[-97.82365,30.31024],[-97.82382,30.3104],[-97.82367,30.3106],[-97.82386,30.3107],[-97.82403,30.31084],[-97.82415,30.31101],[-97.82425,30.31115],[-97.82418,30.3113],[-97.82437,30.31137],[-97.82445,30.31154],[-97.82455,30.31177],[-97.82452,30.31195],[-97.82466,30.31199],[-97.82464,30.31213],[-97.82468,30.31231],[-97.82468,30.31239],[-97.8247,30.31255],[-97.82471,30.3128],[-97.8247,30.31298],[-97.82469,30.3131],[-97.82467,30.31322],[-97.82465,30.31334],[-97.82464,30.3135],[-97.82406,30.31352],[-97.82374,30.31381],[-97.82304,30.31331],[-97.82261,30.31335],[-97.82223,30.31406],[-97.82186,30.3141],[-97.82083,30.31316],[-97.82014,30.31295],[-97.82,30.31233],[-97.81975,30.31216],[-97.81936,30.3122],[-97.81913,30.31207],[-97.81888,30.31163],[-97.81849,30.31145],[-97.81818,30.31145],[-97.81795,30.31096],[-97.81733,30.31048],[-97.8172,30.31019],[-97.81836,30.30964],[-97.81731,30.30787],[-97.81725,30.30776],[-97.81574,30.30704],[-97.81536,30.30688],[-97.81491,30.3067],[-97.81374,30.3085],[-97.81209,30.31105],[-97.811,30.31274],[-97.81054,30.31345],[-97.8103,30.31382],[-97.80956,30.315],[-97.80775,30.31788],[-97.8066,30.31968],[-97.80506,30.32212],[-97.80432,30.3233],[-97.8018,30.32728],[-97.7997,30.33059],[-97.79924,30.33131],[-97.799,30.3317],[-97.79685,30.33511],[-97.79669,30.33537],[-97.79612,30.33627],[-97.79606,30.33637],[-97.79597,30.33651],[-97.79585,30.33669],[-97.79511,30.33787],[-97.795,30.33805],[-97.79453,30.33883],[-97.79441,30.339],[-97.79436,30.33908],[-97.79432,30.33915],[-97.79419,30.33935],[-97.79414,30.3392],[-97.79411,30.33913],[-97.79408,30.33906],[-97.79404,30.33899],[-97.794,30.33892],[-97.79395,30.33886],[-97.7939,30.3388],[-97.79383,30.33873],[-97.79378,30.33868],[-97.79372,30.33863],[-97.79365,30.33858],[-97.79358,30.33853],[-97.79351,30.33848],[-97.79343,30.33844],[-97.79336,30.33841],[-97.79327,30.33837],[-97.79319,30.33835],[-97.7931,30.33832],[-97.79302,30.3383],[-97.79293,30.33829],[-97.79285,30.33828],[-97.79276,30.33827],[-97.79264,30.33827],[-97.79257,30.33827],[-97.79249,30.33828],[-97.7924,30.33829],[-97.79231,30.3383],[-97.79223,30.33832],[-97.79215,30.33834],[-97.79207,30.33837],[-97.79189,30.33842],[-97.79181,30.33846],[-97.79173,30.3385],[-97.79166,30.33854],[-97.79159,30.33858],[-97.79156,30.3386],[-97.79152,30.33863],[-97.79146,30.33868],[-97.7914,30.33874],[-97.79134,30.33879],[-97.79129,30.33885],[-97.79124,30.33892],[-97.79119,30.33884],[-97.79116,30.33878],[-97.79112,30.33874],[-97.79108,30.33869],[-97.79103,30.33864],[-97.79098,30.3386],[-97.79093,30.33857],[-97.79087,30.33853],[-97.79081,30.3385],[-97.79074,30.33847],[-97.79068,30.33845],[-97.79066,30.3384],[-97.79064,30.33834],[-97.79058,30.33826],[-97.79051,30.33818],[-97.79042,30.33812],[-97.79032,30.33806],[-97.79015,30.33784],[-97.7902,30.33777],[-97.79024,30.3377],[-97.79028,30.33762],[-97.79031,30.33755],[-97.79035,30.33747],[-97.79037,30.33739],[-97.79039,30.33731],[-97.79041,30.33723],[-97.79042,30.33715],[-97.79042,30.33707],[-97.79042,30.33698],[-97.79042,30.3369],[-97.79041,30.33682],[-97.79039,30.33674],[-97.79037,30.33666],[-97.79035,30.33658],[-97.79032,30.33651],[-97.79028,30.33643],[-97.79024,30.33636],[-97.7902,30.33628],[-97.79015,30.33621],[-97.7901,30.33614],[-97.79004,30.33608],[-97.78998,30.33602],[-97.78992,30.33596],[-97.78981,30.33588],[-97.78974,30.33583],[-97.78968,30.33579],[-97.78966,30.33578],[-97.78959,30.33573],[-97.7895,30.33569],[-97.78942,30.33566],[-97.78933,30.33562],[-97.78925,30.3356],[-97.78911,30.33556],[-97.78902,30.33554],[-97.78893,30.33553],[-97.78883,30.33552],[-97.78873,30.33551],[-97.78865,30.33551],[-97.78858,30.33551],[-97.78855,30.33552],[-97.78841,30.33553],[-97.78827,30.33555],[-97.78818,30.33558],[-97.78809,30.3356],[-97.78801,30.33563],[-97.78736,30.33489],[-97.78695,30.33456],[-97.78693,30.33448],[-97.78692,30.33443],[-97.78688,30.33432],[-97.78683,30.33423],[-97.78676,30.33415],[-97.78667,30.33408],[-97.78658,30.33403],[-97.78651,30.33399],[-97.78645,30.33394],[-97.78639,30.33389],[-97.78634,30.33384],[-97.78629,30.33379],[-97.78625,30.33373],[-97.78621,30.33367],[-97.78618,30.33362],[-97.78614,30.33355],[-97.78609,30.33347],[-97.78605,30.3334],[-97.78599,30.33334],[-97.78593,30.33327],[-97.78587,30.33321],[-97.78581,30.33315],[-97.78574,30.33309],[-97.78566,30.33304],[-97.78559,30.33299],[-97.78553,30.33293],[-97.78549,30.33287],[-97.78545,30.33282],[-97.78541,30.33276],[-97.78536,30.33267],[-97.78531,30.33261],[-97.78523,30.33255],[-97.78514,30.3325],[-97.78505,30.33241],[-97.78498,30.33232],[-97.78491,30.33223],[-97.78486,30.33212],[-97.78486,30.33205],[-97.78485,30.33199],[-97.78486,30.33192],[-97.78487,30.33185],[-97.78488,30.33179],[-97.7849,30.33172],[-97.78492,30.33167],[-97.78492,30.33166],[-97.78497,30.33161],[-97.78502,30.33156],[-97.78507,30.3315],[-97.78512,30.33144],[-97.78515,30.33138],[-97.78519,30.33132],[-97.78522,30.33125],[-97.78524,30.33118],[-97.78527,30.33111],[-97.78528,30.33105],[-97.78529,30.33098],[-97.7853,30.33091],[-97.7853,30.33086],[-97.7853,30.33076],[-97.78529,30.33068],[-97.78528,30.33061],[-97.78527,30.33054],[-97.78525,30.33047],[-97.78522,30.33039],[-97.78519,30.33032],[-97.78516,30.33026],[-97.78512,30.33019],[-97.78508,30.33013],[-97.78503,30.33007],[-97.78498,30.33001],[-97.78493,30.32995],[-97.78487,30.3299],[-97.7848,30.32985],[-97.78474,30.3298],[-97.78467,30.32976],[-97.78459,30.32972],[-97.78453,30.32968],[-97.78445,30.32964],[-97.78436,30.32961],[-97.78428,30.32957],[-97.78424,30.32956],[-97.78419,30.32955],[-97.7841,30.32952],[-97.78401,30.3295],[-97.78392,30.32948],[-97.78383,30.32947],[-97.78374,30.32947],[-97.78364,30.32946],[-97.78346,30.32947],[-97.78336,30.32948],[-97.78327,30.3295],[-97.78318,30.32952],[-97.78309,30.32954],[-97.78301,30.32957],[-97.78292,30.3296],[-97.78284,30.32963],[-97.7828,30.32965],[-97.78284,30.32951],[-97.78293,30.32914],[-97.78296,30.32904],[-97.78292,30.32903],[-97.78297,30.32901],[-97.78299,30.329],[-97.78306,30.32894],[-97.78314,30.32887],[-97.78321,30.32882],[-97.78328,30.32875],[-97.78334,30.32869],[-97.7834,30.32863],[-97.78345,30.32856],[-97.7835,30.32849],[-97.78355,30.32842],[-97.78356,30.32839],[-97.78359,30.32831],[-97.78362,30.32824],[-97.78364,30.32817],[-97.78366,30.32809],[-97.78367,30.32801],[-97.78368,30.32793],[-97.78368,30.32786],[-97.78368,30.32778],[-97.78367,30.32771],[-97.78365,30.32763],[-97.78364,30.32756],[-97.78362,30.32752],[-97.78361,30.32748],[-97.78358,30.32741],[-97.78355,30.32734],[-97.78351,30.32727],[-97.78347,30.3272],[-97.78343,30.32715],[-97.78339,30.32711],[-97.78337,30.32708],[-97.7833,30.32701],[-97.78323,30.32695],[-97.78316,30.32689],[-97.78308,30.32683],[-97.783,30.32677],[-97.78292,30.32672],[-97.78283,30.32667],[-97.78274,30.32663],[-97.78265,30.32659],[-97.78256,30.32655],[-97.78246,30.32652],[-97.78236,30.32649],[-97.78216,30.32645],[-97.78206,30.32643],[-97.78196,30.32642],[-97.78186,30.32641],[-97.78176,30.32641],[-97.78165,30.32641],[-97.78156,30.32642],[-97.78146,30.32643],[-97.78145,30.32643],[-97.78135,30.32645],[-97.78125,30.32647],[-97.78115,30.32649],[-97.78105,30.32652],[-97.78062,30.32561],[-97.78044,30.32522],[-97.78042,30.32511],[-97.78039,30.32499],[-97.78036,30.32488],[-97.78033,30.32477],[-97.78039,30.32472],[-97.78045,30.32466],[-97.78046,30.32465],[-97.78051,30.3246],[-97.78057,30.32454],[-97.78062,30.32448],[-97.78066,30.32442],[-97.7807,30.32435],[-97.78074,30.32428],[-97.7808,30.32413],[-97.78084,30.32398],[-97.78086,30.32382],[-97.78086,30.32367],[-97.78084,30.32351],[-97.7808,30.32337],[-97.78075,30.32323],[-97.78067,30.32309],[-97.78057,30.32296],[-97.7806,30.32285],[-97.78077,30.32285],[-97.78094,30.32283],[-97.78111,30.3228],[-97.78127,30.32274],[-97.78142,30.32268],[-97.78153,30.32266],[-97.78164,30.32264],[-97.78174,30.32262],[-97.78184,30.3226],[-97.78194,30.32257],[-97.78203,30.32253],[-97.78213,30.32249],[-97.78222,30.32245],[-97.78233,30.32243],[-97.78239,30.32242],[-97.78243,30.32241],[-97.78252,30.32238],[-97.7826,30.32235],[-97.78269,30.32231],[-97.78277,30.32227],[-97.78285,30.32223],[-97.78293,30.32218],[-97.78301,30.32213],[-97.78308,30.32208],[-97.78315,30.32202],[-97.78318,30.32198],[-97.78326,30.32191],[-97.78333,30.32183],[-97.78338,30.32176],[-97.78348,30.32162],[-97.78355,30.32146],[-97.78357,30.3214],[-97.78361,30.32131],[-97.78369,30.32119],[-97.78376,30.32106],[-97.78379,30.32098],[-97.78381,30.32091],[-97.78383,30.32084],[-97.78384,30.32077],[-97.78385,30.3207],[-97.78389,30.32062],[-97.78397,30.32055],[-97.78399,30.32053],[-97.78406,30.32049],[-97.78418,30.32038],[-97.78422,30.32033],[-97.78434,30.32019],[-97.78442,30.32005],[-97.78448,30.31991],[-97.78453,30.31976],[-97.78455,30.3196],[-97.78455,30.31945],[-97.78454,30.31929],[-97.7845,30.31914],[-97.78444,30.31899],[-97.78437,30.31886],[-97.78431,30.31877],[-97.78428,30.31872],[-97.78419,30.31861],[-97.78404,30.31849],[-97.78391,30.31839],[-97.78376,30.31831],[-97.78359,30.31824],[-97.78343,30.31819],[-97.78325,30.31815],[-97.7831,30.31812],[-97.78291,30.3181],[-97.78283,30.3181],[-97.78273,30.3181],[-97.78264,30.31811],[-97.78245,30.31813],[-97.78233,30.31816],[-97.78227,30.31818],[-97.78219,30.3182],[-97.7821,30.31824],[-97.78197,30.31828],[-97.7819,30.3183],[-97.78183,30.31832],[-97.78176,30.31835],[-97.7817,30.31837],[-97.78167,30.31841],[-97.78148,30.31857],[-97.78125,30.31879],[-97.78096,30.31903],[-97.78085,30.31917],[-97.78078,30.31926],[-97.78069,30.31941],[-97.78062,30.3195],[-97.78052,30.31944],[-97.78043,30.31935],[-97.78035,30.31926],[-97.78029,30.31916],[-97.78025,30.31905],[-97.78022,30.31894],[-97.78022,30.31882],[-97.78024,30.31871],[-97.78028,30.3186],[-97.78033,30.31849],[-97.78041,30.3184],[-97.7805,30.31831],[-97.78051,30.31812],[-97.78052,30.31785],[-97.78055,30.31775],[-97.7806,30.31767],[-97.78066,30.31753],[-97.7807,30.31739],[-97.78071,30.31734],[-97.78072,30.31724],[-97.78072,30.31709],[-97.7807,30.31694],[-97.78068,30.31687],[-97.78066,30.3168],[-97.78073,30.31674],[-97.78082,30.31667],[-97.78087,30.31662],[-97.78098,30.3165],[-97.78107,30.31637],[-97.78114,30.31623],[-97.78119,30.31609],[-97.78122,30.31594],[-97.78123,30.31579],[-97.78122,30.31565],[-97.7812,30.31555],[-97.78119,30.31549],[-97.78116,30.31541],[-97.78114,30.31534],[-97.7811,30.31527],[-97.78107,30.31521],[-97.78103,30.31514],[-97.78098,30.31508],[-97.78093,30.31501],[-97.78088,30.31495],[-97.78089,30.31485],[-97.7809,30.31476],[-97.78092,30.31468],[-97.78097,30.31459],[-97.78102,30.31453],[-97.78106,30.31447],[-97.78112,30.3144],[-97.78116,30.31433],[-97.78119,30.31426],[-97.78122,30.31419],[-97.78125,30.31411],[-97.78127,30.31404],[-97.78128,30.31396],[-97.7813,30.31389],[-97.7813,30.31382],[-97.7813,30.31373],[-97.7813,30.31365],[-97.78129,30.31358],[-97.78128,30.3135],[-97.78126,30.31343],[-97.78124,30.31335],[-97.78121,30.31328],[-97.78117,30.31321],[-97.78121,30.31314],[-97.78128,30.31303],[-97.7814,30.313],[-97.78148,30.31297],[-97.78157,30.31294],[-97.78164,30.3129],[-97.78172,30.31286],[-97.78179,30.31282],[-97.78186,30.31277],[-97.78193,30.31272],[-97.782,30.31267],[-97.78206,30.31261],[-97.78211,30.31255],[-97.78217,30.31249],[-97.78224,30.3124],[-97.78226,30.31236],[-97.7823,30.31229],[-97.78233,30.31222],[-97.78236,30.31215],[-97.78239,30.31207],[-97.78241,30.312],[-97.78243,30.31192],[-97.78244,30.31185],[-97.78244,30.31177],[-97.78244,30.31169],[-97.78244,30.31161],[-97.78243,30.31154],[-97.78241,30.31146],[-97.78239,30.31138],[-97.78237,30.31131],[-97.78248,30.31126],[-97.78256,30.31122],[-97.78263,30.31118],[-97.7827,30.31114],[-97.78276,30.31108],[-97.78282,30.31103],[-97.78288,30.31098],[-97.78292,30.31093],[-97.78298,30.31086],[-97.78302,30.31079],[-97.78306,30.31073],[-97.7831,30.31066],[-97.78313,30.31059],[-97.78316,30.31052],[-97.78318,30.31045],[-97.7832,30.31037],[-97.78321,30.3103],[-97.78321,30.31023],[-97.78322,30.31015],[-97.78271,30.31007],[-97.78275,30.30997],[-97.78263,30.30997],[-97.78356,30.30879],[-97.78418,30.30799],[-97.78455,30.30753],[-97.78384,30.30707],[-97.78399,30.30684],[-97.78418,30.30685],[-97.78428,30.30684],[-97.78437,30.30683],[-97.78447,30.30682],[-97.78458,30.3068],[-97.7847,30.30676],[-97.78479,30.30674],[-97.78487,30.30671],[-97.78489,30.3067],[-97.78495,30.30667],[-97.78505,30.30662],[-97.78521,30.30653],[-97.78533,30.30644],[-97.78535,30.30643],[-97.78549,30.30631],[-97.7856,30.30618],[-97.7857,30.30603],[-97.78579,30.30589],[-97.78585,30.30573],[-97.78588,30.30565],[-97.78605,30.30557],[-97.78622,30.30548],[-97.78635,30.30538],[-97.78637,30.30537],[-97.78651,30.30525],[-97.78663,30.30512],[-97.78674,30.30497],[-97.78683,30.30482],[-97.7869,30.30467],[-97.78695,30.30451],[-97.78698,30.30433],[-97.78699,30.3043],[-97.78699,30.30417],[-97.78699,30.304],[-97.78696,30.30383],[-97.78691,30.30368],[-97.78691,30.30366],[-97.78688,30.30358],[-97.78684,30.3035],[-97.7868,30.30343],[-97.78676,30.30335],[-97.78671,30.30328],[-97.78665,30.30321],[-97.78675,30.30299],[-97.78684,30.30295],[-97.78691,30.30289],[-97.78698,30.30282],[-97.78703,30.30274],[-97.78711,30.30269],[-97.78719,30.30265],[-97.78726,30.30261],[-97.78733,30.30257],[-97.7874,30.30252],[-97.78746,30.30247],[-97.78752,30.30241],[-97.78758,30.30236],[-97.78763,30.30229],[-97.78767,30.30224],[-97.78772,30.30217],[-97.78776,30.3021],[-97.78779,30.30203],[-97.78782,30.30196],[-97.78785,30.30189],[-97.78787,30.30182],[-97.78788,30.30174],[-97.78789,30.30167],[-97.7879,30.3016],[-97.7879,30.30152],[-97.7879,30.30143],[-97.78795,30.30136],[-97.78798,30.30127],[-97.78802,30.30122],[-97.78806,30.30115],[-97.78809,30.30109],[-97.78812,30.30103],[-97.78815,30.30096],[-97.78817,30.30089],[-97.78824,30.30071],[-97.7883,30.30059],[-97.78835,30.30051],[-97.78838,30.30043],[-97.78841,30.30035],[-97.78844,30.30026],[-97.78845,30.30021],[-97.7885,30.3003],[-97.78856,30.30039],[-97.78863,30.30048],[-97.7887,30.30056],[-97.78877,30.30064],[-97.78886,30.30072],[-97.78895,30.30079],[-97.78904,30.30086],[-97.78915,30.30093],[-97.78934,30.30102],[-97.78944,30.30106],[-97.78953,30.30108],[-97.78963,30.30111],[-97.78972,30.30113],[-97.78983,30.30114],[-97.78993,30.30115],[-97.79003,30.30116],[-97.79013,30.30116],[-97.79023,30.30116],[-97.79033,30.30115],[-97.79043,30.30114],[-97.79053,30.30112],[-97.79061,30.30116],[-97.79065,30.30126],[-97.79069,30.30135],[-97.79074,30.30144],[-97.79079,30.30153],[-97.79086,30.3016],[-97.79092,30.30167],[-97.79099,30.30173],[-97.79106,30.30179],[-97.79114,30.30185],[-97.79121,30.3019],[-97.7913,30.30196],[-97.79138,30.30201],[-97.79147,30.30206],[-97.79155,30.3021],[-97.79165,30.30213],[-97.79175,30.30216],[-97.79193,30.30235],[-97.79216,30.30253],[-97.79227,30.30262],[-97.79233,30.30266],[-97.79238,30.3027],[-97.79242,30.30274],[-97.79245,30.3028],[-97.79247,30.30285],[-97.79248,30.30291],[-97.79248,30.30297],[-97.79249,30.3031],[-97.79253,30.30319],[-97.79256,30.30328],[-97.7926,30.30337],[-97.79265,30.30346],[-97.7927,30.30355],[-97.79276,30.30364],[-97.79281,30.30372],[-97.79288,30.3038],[-97.79295,30.30388],[-97.79302,30.30396],[-97.7931,30.30403],[-97.79317,30.3041],[-97.79326,30.30417],[-97.79334,30.30423],[-97.79343,30.30429],[-97.79353,30.30435],[-97.79362,30.3044],[-97.79372,30.30445],[-97.79382,30.30449],[-97.79392,30.30453],[-97.79404,30.30457],[-97.79413,30.3046],[-97.79424,30.30463],[-97.79435,30.30466],[-97.79446,30.30468],[-97.79457,30.30469],[-97.79469,30.3047],[-97.7948,30.30471],[-97.79491,30.30471],[-97.79502,30.30471],[-97.79514,30.30471],[-97.79515,30.3047],[-97.79525,30.30469],[-97.79536,30.30468],[-97.79547,30.30466],[-97.79581,30.30452],[-97.79588,30.30448],[-97.79595,30.30441],[-97.79598,30.30431],[-97.79601,30.30422],[-97.79602,30.30415],[-97.79602,30.30408],[-97.79603,30.30401],[-97.79602,30.30394],[-97.79601,30.30387],[-97.796,30.30379],[-97.796,30.30368],[-97.79597,30.30355],[-97.79591,30.30343],[-97.79583,30.30332],[-97.79574,30.30321],[-97.79507,30.30331],[-97.79485,30.303],[-97.7948,30.30294],[-97.79437,30.30265],[-97.79422,30.3024],[-97.79425,30.30206],[-97.79426,30.30192],[-97.79434,30.30189],[-97.79432,30.30185],[-97.79431,30.3018],[-97.79427,30.30163],[-97.79426,30.30159],[-97.79425,30.30155],[-97.79421,30.30148],[-97.79413,30.30134],[-97.79408,30.30136],[-97.79406,30.30132],[-97.79404,30.30129],[-97.79402,30.30126],[-97.79399,30.30123],[-97.79393,30.30117],[-97.79391,30.30115],[-97.79389,30.30112],[-97.79359,30.3008],[-97.7934,30.30061],[-97.79336,30.30058],[-97.79327,30.30053],[-97.79322,30.30051],[-97.79314,30.30046],[-97.79311,30.30044],[-97.79306,30.30041],[-97.79302,30.30038],[-97.793,30.30037],[-97.79298,30.30035],[-97.79294,30.30033],[-97.7929,30.3003],[-97.79284,30.30026],[-97.79281,30.30025],[-97.79278,30.30023],[-97.79274,30.30021],[-97.79268,30.30018],[-97.79253,30.30012],[-97.7925,30.30011],[-97.79245,30.30009],[-97.79236,30.30005],[-97.79229,30.30002],[-97.79227,30.29999],[-97.79225,30.29995],[-97.79223,30.2999],[-97.79219,30.29979],[-97.79218,30.29975],[-97.79216,30.29972],[-97.79216,30.2997],[-97.79208,30.29954],[-97.79207,30.2995],[-97.79203,30.29943],[-97.79202,30.29938],[-97.79201,30.29937],[-97.79201,30.29935],[-97.79201,30.29932],[-97.792,30.29927],[-97.79199,30.29922],[-97.79199,30.29917],[-97.792,30.29915],[-97.792,30.29912],[-97.79193,30.29903],[-97.79193,30.29897],[-97.79193,30.2989],[-97.79193,30.29886],[-97.79192,30.29875],[-97.79185,30.29862],[-97.79187,30.29854],[-97.79185,30.29849],[-97.79179,30.29844],[-97.79181,30.29834],[-97.79181,30.29813],[-97.79175,30.29806],[-97.79171,30.29806],[-97.79151,30.29815],[-97.79045,30.29854],[-97.79045,30.29852],[-97.79043,30.29843],[-97.79042,30.29839],[-97.79041,30.29835],[-97.79028,30.29797],[-97.79021,30.29775],[-97.79019,30.29769],[-97.79028,30.29759],[-97.79032,30.29754],[-97.79049,30.29743],[-97.7906,30.29731],[-97.79063,30.29727],[-97.79069,30.29723],[-97.79075,30.29719],[-97.79086,30.2971],[-97.79093,30.29705],[-97.79103,30.29699],[-97.7911,30.29694],[-97.79121,30.29686],[-97.79131,30.29679],[-97.79167,30.29657],[-97.79172,30.29654],[-97.79184,30.2964],[-97.79192,30.2962],[-97.79193,30.29616],[-97.79194,30.29614],[-97.7918,30.29598],[-97.79173,30.29591],[-97.79171,30.2959],[-97.79165,30.29589],[-97.7916,30.29588],[-97.79158,30.29588],[-97.79139,30.29591],[-97.79139,30.29595],[-97.79139,30.29597],[-97.79136,30.29599],[-97.79134,30.296],[-97.79123,30.29605],[-97.79107,30.29612],[-97.79105,30.29612],[-97.79102,30.29614],[-97.79094,30.29616],[-97.79091,30.29615],[-97.79085,30.29609],[-97.79082,30.29608],[-97.79081,30.29606],[-97.79079,30.29604],[-97.79075,30.29602],[-97.79076,30.29599],[-97.79077,30.29596],[-97.79078,30.29592],[-97.7908,30.29589],[-97.79081,30.29587],[-97.79083,30.29579],[-97.79085,30.29571],[-97.79086,30.29569],[-97.79087,30.29564],[-97.79082,30.2955],[-97.79081,30.29547],[-97.7908,30.29543],[-97.79079,30.2954],[-97.79078,30.29538],[-97.79075,30.29536],[-97.79064,30.29525],[-97.79056,30.29518],[-97.79055,30.29516],[-97.79053,30.29514],[-97.79042,30.29503],[-97.79041,30.29499],[-97.79038,30.29492],[-97.79021,30.29456],[-97.79022,30.29453],[-97.79027,30.29435],[-97.79028,30.29431],[-97.79029,30.29427],[-97.7903,30.29425],[-97.79049,30.29412],[-97.79057,30.29406],[-97.79061,30.29405],[-97.79078,30.294],[-97.79084,30.29399],[-97.79088,30.29398],[-97.79093,30.29401],[-97.79098,30.29403],[-97.79111,30.2941],[-97.79122,30.29416],[-97.79124,30.29418],[-97.79129,30.2942],[-97.79133,30.29422],[-97.79194,30.29455],[-97.79203,30.29461],[-97.79206,30.29463],[-97.79213,30.29469],[-97.79228,30.2949],[-97.79235,30.29492],[-97.79294,30.29515],[-97.79313,30.29522],[-97.79343,30.29511],[-97.79346,30.2951],[-97.79349,30.29488],[-97.79352,30.29471],[-97.79353,30.29463],[-97.79355,30.29454],[-97.79358,30.29436],[-97.79379,30.29423],[-97.79412,30.29404],[-97.79419,30.294],[-97.79432,30.29393],[-97.79448,30.29385],[-97.79502,30.29354],[-97.79523,30.29323],[-97.7953,30.29312],[-97.7955,30.29285],[-97.79567,30.29267],[-97.79571,30.29263],[-97.796,30.29229],[-97.79612,30.29226],[-97.79637,30.29218],[-97.79666,30.2921],[-97.79675,30.29207],[-97.79678,30.29206],[-97.79687,30.29202],[-97.79703,30.29196],[-97.79726,30.29188],[-97.79757,30.29181],[-97.79776,30.29178],[-97.79782,30.29177],[-97.79799,30.29174],[-97.79889,30.29146],[-97.79991,30.28988],[-97.79775,30.28883],[-97.79767,30.2888],[-97.79765,30.28882],[-97.79764,30.28882],[-97.79717,30.28859],[-97.79636,30.2882],[-97.79555,30.2878],[-97.79534,30.2877],[-97.79528,30.28767],[-97.7937,30.28693],[-97.79349,30.28684],[-97.79357,30.28671],[-97.79363,30.28661],[-97.79405,30.28594],[-97.79484,30.28471],[-97.79417,30.28439],[-97.7934,30.28402],[-97.79306,30.28384],[-97.79288,30.28412],[-97.79272,30.28438],[-97.79255,30.28465],[-97.7924,30.28486],[-97.79238,30.28486],[-97.79211,30.28473],[-97.79144,30.28442],[-97.79048,30.28398],[-97.79006,30.28464],[-97.78959,30.2854],[-97.78953,30.28536],[-97.78946,30.28529],[-97.78911,30.28496],[-97.78869,30.28456],[-97.78866,30.28454],[-97.7876,30.28354],[-97.78751,30.28346],[-97.78749,30.28344],[-97.78748,30.28342],[-97.7876,30.28333],[-97.78781,30.28318],[-97.78791,30.28325],[-97.78796,30.2832],[-97.78801,30.28316],[-97.78823,30.28296],[-97.7885,30.2827],[-97.78851,30.28265],[-97.78852,30.28263],[-97.78853,30.28259],[-97.78855,30.2825],[-97.78858,30.28241],[-97.78859,30.28238],[-97.7886,30.28234],[-97.78862,30.28226],[-97.78864,30.2822],[-97.78865,30.28218],[-97.78875,30.282],[-97.78878,30.28195],[-97.78882,30.28189],[-97.78884,30.28186],[-97.78889,30.28179],[-97.78894,30.28181],[-97.78902,30.28184],[-97.78942,30.28203],[-97.78944,30.28201],[-97.78945,30.28199],[-97.78952,30.28187],[-97.7896,30.28175],[-97.78977,30.28146],[-97.78978,30.28142],[-97.78972,30.28139],[-97.78969,30.28137],[-97.78965,30.28136],[-97.78957,30.28131],[-97.78966,30.28114],[-97.78971,30.28107],[-97.78977,30.28098],[-97.78991,30.28105],[-97.79003,30.2811],[-97.79031,30.28122],[-97.79034,30.2812],[-97.79045,30.28102],[-97.79063,30.28072],[-97.79078,30.28048],[-97.791,30.28012],[-97.79058,30.27993],[-97.79051,30.27988],[-97.79044,30.27985],[-97.78966,30.27949],[-97.78951,30.27942],[-97.78925,30.27931],[-97.78919,30.27928],[-97.78915,30.27933],[-97.78913,30.27937],[-97.7891,30.27942],[-97.78908,30.27944],[-97.78846,30.28046],[-97.78815,30.28098],[-97.78808,30.28112],[-97.78783,30.28161],[-97.78771,30.28183],[-97.78755,30.28214],[-97.7874,30.28242],[-97.78732,30.2826],[-97.78724,30.28266],[-97.78707,30.28281],[-97.78693,30.28293],[-97.78609,30.28214],[-97.78529,30.28138],[-97.78469,30.28081],[-97.78374,30.27992],[-97.78297,30.2792],[-97.7825,30.27875],[-97.78088,30.27723],[-97.78055,30.27692],[-97.78019,30.27659],[-97.77982,30.27625],[-97.77899,30.27546],[-97.7773,30.27386],[-97.77728,30.27385],[-97.77714,30.27372],[-97.77774,30.27297],[-97.77782,30.27288],[-97.77809,30.27255],[-97.77831,30.27227],[-97.77857,30.27195],[-97.77869,30.27182],[-97.77882,30.27167],[-97.77878,30.27164],[-97.77883,30.27159],[-97.7789,30.2715],[-97.77892,30.27152],[-97.77915,30.27124],[-97.77963,30.27061],[-97.77994,30.27023],[-97.78012,30.27001],[-97.78037,30.26968],[-97.78041,30.26962],[-97.78089,30.269],[-97.78102,30.26884],[-97.7811,30.26872],[-97.78115,30.26865],[-97.78107,30.26865],[-97.78103,30.26864],[-97.78124,30.26849],[-97.7814,30.26837],[-97.78087,30.26765],[-97.78029,30.26785],[-97.78004,30.26757],[-97.78063,30.26726],[-97.78078,30.26718],[-97.78174,30.26666],[-97.78222,30.26645],[-97.78283,30.26624],[-97.78295,30.26635],[-97.78319,30.26652],[-97.78346,30.26664],[-97.78458,30.26691],[-97.78488,30.26699],[-97.78535,30.26714],[-97.78559,30.26731],[-97.78592,30.26771],[-97.7861,30.2681],[-97.78618,30.26872],[-97.78646,30.26867],[-97.78658,30.26865],[-97.78666,30.26863],[-97.78675,30.26863],[-97.78694,30.26861],[-97.78724,30.2685],[-97.78729,30.26851],[-97.78746,30.26853],[-97.7875,30.26852],[-97.78756,30.2685],[-97.78758,30.26954],[-97.78824,30.27014],[-97.78853,30.27006],[-97.78855,30.27003],[-97.78859,30.26996],[-97.78865,30.26993],[-97.78882,30.26984],[-97.78901,30.26979],[-97.78961,30.26963],[-97.79027,30.26946],[-97.79032,30.26959],[-97.79034,30.26959],[-97.79052,30.26955],[-97.79087,30.26949],[-97.79102,30.26947],[-97.79117,30.26945],[-97.79127,30.26943],[-97.7914,30.26942],[-97.79157,30.26941],[-97.79183,30.2694],[-97.79195,30.2694],[-97.79209,30.2694],[-97.79215,30.26941],[-97.79228,30.26941],[-97.79239,30.26942],[-97.7925,30.26943],[-97.79263,30.26944],[-97.7927,30.26946],[-97.7928,30.26948],[-97.79293,30.26951],[-97.79309,30.26954],[-97.7932,30.26956],[-97.7934,30.26961],[-97.79347,30.26963],[-97.79378,30.26944],[-97.79419,30.26917],[-97.79448,30.26882],[-97.79458,30.26869],[-97.79514,30.26861],[-97.7953,30.26886],[-97.79536,30.26896],[-97.79549,30.26919],[-97.79558,30.26935],[-97.79561,30.26942],[-97.79573,30.26967],[-97.79585,30.26992],[-97.79609,30.26968],[-97.79642,30.27039],[-97.79648,30.2704],[-97.79664,30.27044],[-97.79678,30.27048],[-97.79683,30.27049],[-97.7969,30.27051],[-97.79699,30.27055],[-97.79709,30.27059],[-97.79713,30.27061],[-97.7974,30.27075],[-97.79751,30.27081],[-97.79764,30.27089],[-97.79776,30.27099],[-97.79795,30.27116],[-97.79812,30.27132],[-97.79823,30.27141],[-97.79832,30.27149],[-97.79845,30.27158],[-97.79851,30.27163],[-97.79864,30.27172],[-97.79917,30.27207],[-97.79878,30.27265],[-97.79849,30.2731],[-97.80043,30.2744],[-97.80105,30.2749],[-97.80145,30.27522],[-97.80152,30.27528],[-97.80163,30.27512],[-97.80165,30.2751],[-97.80167,30.27507],[-97.80183,30.2748],[-97.80186,30.27476],[-97.80191,30.27467],[-97.80193,30.27464],[-97.80197,30.27458],[-97.80198,30.27456],[-97.802,30.27453],[-97.80203,30.27447],[-97.80205,30.27444],[-97.80206,30.27442],[-97.80208,30.27439],[-97.8021,30.27436],[-97.80212,30.27432],[-97.80215,30.27428],[-97.80218,30.27425],[-97.80234,30.274],[-97.80236,30.27396],[-97.80238,30.27394],[-97.80242,30.27388],[-97.80246,30.27382],[-97.80248,30.27379],[-97.80255,30.27368],[-97.80256,30.27366],[-97.80259,30.27361],[-97.80262,30.27357],[-97.80266,30.27358],[-97.80269,30.27359],[-97.80278,30.27363],[-97.80281,30.27365],[-97.80284,30.27366],[-97.80295,30.27372],[-97.80311,30.27379],[-97.80317,30.27382],[-97.80335,30.27391],[-97.80338,30.27393],[-97.80341,30.27394],[-97.80344,30.27396],[-97.80347,30.27397],[-97.80356,30.27402],[-97.80362,30.27405],[-97.8038,30.27414],[-97.80383,30.27415],[-97.80392,30.2742],[-97.80395,30.27421],[-97.80398,30.27423],[-97.80401,30.27425],[-97.8041,30.27429],[-97.80415,30.27432],[-97.80419,30.27434],[-97.80425,30.27437],[-97.80428,30.27439],[-97.80436,30.27442],[-97.80441,30.27444],[-97.80459,30.27451],[-97.80468,30.27455],[-97.80473,30.27457],[-97.80477,30.27459],[-97.80484,30.27461],[-97.80501,30.27468],[-97.80506,30.2747],[-97.80513,30.27473],[-97.80522,30.27477],[-97.80525,30.27478],[-97.80528,30.2748],[-97.80531,30.27481],[-97.80533,30.27482],[-97.8054,30.27485],[-97.80545,30.27487],[-97.80546,30.27489],[-97.80548,30.2749],[-97.80569,30.275],[-97.80572,30.27502],[-97.8058,30.27506],[-97.80599,30.27516],[-97.80653,30.27442],[-97.80772,30.27276],[-97.80802,30.27234],[-97.80806,30.27229],[-97.80805,30.27221],[-97.8081,30.27217],[-97.80811,30.27216],[-97.80816,30.2721],[-97.8082,30.27205],[-97.80822,30.27203],[-97.80829,30.27192],[-97.80836,30.27181],[-97.8084,30.27175],[-97.80842,30.27171],[-97.80864,30.27174],[-97.80903,30.27179],[-97.80918,30.27178],[-97.80925,30.27178],[-97.8094,30.27178],[-97.81046,30.27183],[-97.81047,30.27197],[-97.81049,30.27216],[-97.81114,30.27214],[-97.81115,30.27223],[-97.81109,30.27257],[-97.81121,30.27309],[-97.81141,30.27348],[-97.8115,30.27354],[-97.81236,30.27398],[-97.81225,30.27434],[-97.81244,30.27436],[-97.81254,30.27439],[-97.8127,30.27445],[-97.81304,30.27459],[-97.814,30.27502],[-97.81415,30.27508],[-97.81582,30.27585],[-97.81731,30.27657],[-97.81744,30.27663],[-97.81829,30.27704],[-97.81825,30.27713],[-97.81837,30.27718],[-97.81839,30.2772],[-97.81842,30.27722],[-97.81845,30.27724],[-97.81848,30.27726],[-97.81851,30.27729],[-97.81852,30.2773],[-97.81857,30.27733],[-97.81858,30.27734],[-97.81861,30.27734],[-97.81861,30.27736],[-97.81866,30.2774],[-97.8187,30.27743],[-97.81874,30.27747],[-97.81875,30.27748],[-97.81882,30.27754],[-97.81887,30.2776],[-97.81889,30.27761],[-97.81892,30.27765],[-97.81929,30.27812],[-97.81938,30.27824],[-97.81969,30.27866],[-97.81987,30.2789],[-97.82016,30.2793],[-97.82081,30.28016],[-97.82117,30.28065],[-97.82138,30.28093],[-97.82164,30.28128],[-97.82217,30.28207],[-97.82226,30.28222],[-97.8225,30.28254],[-97.82284,30.283],[-97.82321,30.28332],[-97.8233,30.28342],[-97.82343,30.28354],[-97.82356,30.28371],[-97.82399,30.28429],[-97.82478,30.28536],[-97.82496,30.28559],[-97.82506,30.28573],[-97.82511,30.2858],[-97.82534,30.28612],[-97.82538,30.28616],[-97.82563,30.2865],[-97.82573,30.28664],[-97.82576,30.28669],[-97.8258,30.28674],[-97.82587,30.28683],[-97.82639,30.28754],[-97.82641,30.28757],[-97.82644,30.28761],[-97.82645,30.28762],[-97.82649,30.28766],[-97.82652,30.2877],[-97.82655,30.28776],[-97.82668,30.28794],[-97.82673,30.28802],[-97.82676,30.28807],[-97.8268,30.28813],[-97.82687,30.28824],[-97.82692,30.28832],[-97.82694,30.28835],[-97.82697,30.2884],[-97.82699,30.28845],[-97.82701,30.28847],[-97.82704,30.28853],[-97.82706,30.28857],[-97.82709,30.28863],[-97.82711,30.28867],[-97.82713,30.2887],[-97.82716,30.28876],[-97.82717,30.28879],[-97.8272,30.28884],[-97.82735,30.28914],[-97.8274,30.28925],[-97.82743,30.2893],[-97.82745,30.28933],[-97.82746,30.28935],[-97.82749,30.28941],[-97.82751,30.28951],[-97.82753,30.28957],[-97.82757,30.28974],[-97.82758,30.28978],[-97.8276,30.28985],[-97.82769,30.29021],[-97.82771,30.29031],[-97.82778,30.29059],[-97.82778,30.29061],[-97.82782,30.29086],[-97.82783,30.2909],[-97.82786,30.29112],[-97.82786,30.29116],[-97.82787,30.29119],[-97.82786,30.29123],[-97.82786,30.29129],[-97.82782,30.29217],[-97.82781,30.29229],[-97.82778,30.29302],[-97.82777,30.29332],[-97.82776,30.29343],[-97.8277,30.29357],[-97.82722,30.29456],[-97.82718,30.29462],[-97.82757,30.29476],[-97.82802,30.29492],[-97.82827,30.295],[-97.82872,30.29516],[-97.82913,30.29531],[-97.82921,30.29564],[-97.82926,30.29592],[-97.82928,30.29603],[-97.82949,30.29608],[-97.83132,30.29651],[-97.83247,30.29672],[-97.83282,30.29673],[-97.83336,30.29672],[-97.83338,30.29683],[-97.83362,30.29788],[-97.83364,30.29805],[-97.83491,30.29804],[-97.835,30.29807],[-97.83508,30.29811],[-97.83515,30.29817],[-97.83521,30.29824],[-97.83524,30.29832],[-97.83565,30.29898],[-97.83713,30.29871],[-97.83728,30.29869],[-97.83726,30.29867],[-97.8372,30.29858],[-97.83703,30.29824],[-97.83683,30.29796],[-97.8366,30.29762],[-97.83634,30.29737],[-97.83598,30.29712],[-97.83563,30.29695],[-97.83514,30.2968],[-97.83473,30.29668],[-97.83473,30.2965],[-97.83467,30.29633],[-97.83462,30.29621],[-97.83459,30.2961],[-97.83459,30.29602],[-97.83459,30.29599],[-97.83462,30.29592],[-97.83444,30.29591],[-97.83396,30.29589],[-97.83364,30.29573],[-97.83317,30.29552],[-97.83294,30.29542],[-97.83286,30.29539],[-97.83279,30.29535],[-97.83267,30.2953],[-97.83218,30.29509],[-97.83164,30.29486],[-97.83152,30.29481],[-97.83106,30.29461],[-97.83059,30.29442],[-97.83062,30.29431],[-97.83105,30.29302],[-97.83097,30.29299],[-97.83055,30.29283],[-97.83066,30.29259],[-97.83072,30.29235],[-97.83076,30.29205],[-97.83066,30.29201],[-97.83068,30.29192],[-97.83084,30.29167],[-97.8311,30.29127],[-97.83073,30.29104],[-97.83126,30.29023],[-97.8317,30.28955],[-97.83189,30.28927],[-97.83197,30.28914],[-97.83218,30.28882],[-97.83235,30.28857],[-97.8326,30.28815],[-97.83275,30.28791],[-97.83277,30.28787],[-97.83279,30.28766],[-97.83278,30.28746],[-97.83277,30.28724],[-97.83276,30.287],[-97.83275,30.28677],[-97.83274,30.28654],[-97.83273,30.2863],[-97.83272,30.28606],[-97.83272,30.28596],[-97.83275,30.28578],[-97.83278,30.28555],[-97.83282,30.28533],[-97.83284,30.28519],[-97.83289,30.28499],[-97.833,30.28461],[-97.83294,30.2846],[-97.83265,30.28452],[-97.83236,30.28444],[-97.83207,30.28437],[-97.83166,30.28425],[-97.83147,30.28422],[-97.83123,30.28438],[-97.83058,30.28485],[-97.8303,30.28498],[-97.83022,30.28499],[-97.83021,30.28489],[-97.83009,30.28459],[-97.83017,30.28454],[-97.83029,30.28446],[-97.83031,30.28445],[-97.8304,30.28439],[-97.83023,30.28429],[-97.83019,30.28426],[-97.8299,30.28408],[-97.8298,30.28402],[-97.8295,30.28383],[-97.82912,30.2836],[-97.82904,30.28355],[-97.82881,30.28315],[-97.8286,30.28279],[-97.82866,30.28276],[-97.82885,30.28289],[-97.82932,30.28297],[-97.82938,30.28276],[-97.8294,30.2827],[-97.82942,30.28264],[-97.82949,30.28238],[-97.82986,30.28234],[-97.83044,30.28233],[-97.83063,30.28267],[-97.83067,30.28273],[-97.8307,30.28279],[-97.83077,30.28292],[-97.83082,30.28301],[-97.83087,30.28311],[-97.83095,30.28325],[-97.83098,30.2833],[-97.83107,30.28346],[-97.8311,30.28352],[-97.83116,30.28363],[-97.83118,30.28366],[-97.83123,30.28374],[-97.83131,30.28368],[-97.83145,30.28359],[-97.83164,30.28346],[-97.83175,30.28339],[-97.83166,30.28298],[-97.83169,30.28296],[-97.83179,30.2829],[-97.83232,30.28259],[-97.83223,30.28247],[-97.83215,30.28237],[-97.83203,30.28222],[-97.83198,30.28215],[-97.83181,30.28194],[-97.83174,30.28186],[-97.83163,30.28172],[-97.83157,30.28163],[-97.83146,30.2815],[-97.83135,30.28136],[-97.83128,30.28127],[-97.83118,30.28115],[-97.83109,30.28103],[-97.83095,30.28086],[-97.83084,30.28071],[-97.83081,30.28068],[-97.83074,30.28059],[-97.83068,30.28052],[-97.83067,30.2805],[-97.83056,30.28036],[-97.83054,30.28034],[-97.83052,30.28031],[-97.83039,30.28015],[-97.83037,30.28013],[-97.83033,30.28008],[-97.83022,30.27994],[-97.83013,30.27983],[-97.83003,30.27969],[-97.82979,30.27939],[-97.82963,30.2792],[-97.82955,30.27908],[-97.8295,30.27902],[-97.82949,30.279],[-97.82935,30.27884],[-97.82942,30.27875],[-97.8295,30.27865],[-97.82955,30.27857],[-97.82964,30.27847],[-97.82983,30.27822],[-97.83006,30.27792],[-97.83023,30.27769],[-97.83029,30.27753],[-97.83033,30.2774],[-97.83034,30.27736],[-97.83036,30.2773],[-97.83045,30.27702],[-97.83052,30.27681],[-97.83061,30.27655],[-97.83069,30.2763],[-97.83074,30.27616],[-97.83077,30.27607],[-97.83078,30.27602],[-97.8308,30.27597],[-97.83084,30.27585],[-97.83086,30.27578],[-97.83096,30.27549],[-97.83097,30.27545],[-97.83104,30.27524],[-97.8311,30.27506],[-97.83112,30.27499],[-97.83114,30.27495],[-97.83116,30.27486],[-97.83118,30.27485],[-97.8312,30.27477],[-97.83123,30.27469],[-97.83123,30.27467],[-97.83123,30.27466],[-97.83124,30.27458],[-97.83125,30.27432],[-97.83127,30.27405],[-97.83129,30.27372],[-97.83131,30.27346],[-97.83137,30.2733],[-97.83141,30.27319],[-97.83156,30.27281],[-97.83196,30.27288],[-97.83244,30.27298],[-97.83258,30.27311],[-97.83261,30.27313],[-97.83282,30.27334],[-97.83287,30.27339],[-97.83303,30.27361],[-97.83316,30.27372],[-97.83331,30.27385],[-97.83336,30.27401],[-97.83358,30.27419],[-97.83362,30.27422],[-97.83378,30.27435],[-97.83383,30.2744],[-97.83397,30.27455],[-97.8342,30.27471],[-97.83441,30.27482],[-97.83443,30.27483],[-97.83461,30.27492],[-97.83467,30.27495],[-97.83477,30.275],[-97.83492,30.27508],[-97.83515,30.27519],[-97.83537,30.2753],[-97.83549,30.27535],[-97.83557,30.2754],[-97.83565,30.27545],[-97.83563,30.27573],[-97.83529,30.27616],[-97.83513,30.27638],[-97.83502,30.27651],[-97.83501,30.27652],[-97.83492,30.27665],[-97.8348,30.2768],[-97.83475,30.27687],[-97.83462,30.27703],[-97.83457,30.27709],[-97.83442,30.27729],[-97.83424,30.27751],[-97.83407,30.27774],[-97.83387,30.278],[-97.83366,30.27826],[-97.83361,30.27832],[-97.83357,30.27838],[-97.83345,30.27853],[-97.83345,30.27857],[-97.83345,30.2786],[-97.83344,30.27871],[-97.83343,30.27887],[-97.8334,30.27921],[-97.83361,30.27931],[-97.83368,30.27934],[-97.83374,30.27937],[-97.83383,30.27942],[-97.83391,30.27946],[-97.83395,30.27941],[-97.83404,30.27927],[-97.83418,30.27907],[-97.83421,30.27902],[-97.83434,30.27883],[-97.83448,30.27863],[-97.8345,30.27861],[-97.83469,30.2783],[-97.83475,30.2782],[-97.83482,30.27809],[-97.83488,30.27799],[-97.83496,30.27786],[-97.83509,30.27766],[-97.83525,30.27742],[-97.83542,30.27716],[-97.83553,30.27699],[-97.83565,30.27681],[-97.83567,30.27677],[-97.83624,30.276],[-97.83626,30.27597],[-97.83633,30.27586],[-97.8365,30.27564],[-97.83655,30.27557],[-97.83683,30.27515],[-97.83706,30.27481],[-97.83765,30.27391],[-97.8433,30.2653],[-97.84344,30.26508],[-97.84467,30.2632],[-97.84566,30.26168],[-97.84572,30.26131],[-97.84577,30.26104],[-97.84591,30.26046],[-97.84604,30.25994],[-97.84809,30.25682],[-97.84908,30.25532],[-97.84896,30.25525],[-97.8474,30.25454],[-97.84584,30.25383],[-97.8462,30.25332],[-97.84872,30.24959],[-97.85047,30.25045],[-97.85658,30.25334],[-97.85693,30.25352],[-97.85711,30.25361],[-97.8617,30.25589],[-97.86397,30.25702],[-97.86558,30.25782],[-97.86872,30.25934],[-97.87026,30.26009],[-97.87051,30.26021],[-97.87323,30.26152],[-97.87369,30.26174],[-97.87496,30.25991],[-97.87504,30.25976],[-97.87566,30.25997],[-97.87596,30.26007],[-97.88113,30.26256],[-97.88186,30.2629],[-97.88182,30.26298],[-97.88202,30.26309],[-97.88218,30.26317],[-97.88368,30.26391],[-97.88437,30.26427],[-97.88488,30.26451],[-97.88741,30.26571],[-97.88565,30.26846],[-97.8844,30.27042],[-97.88404,30.27099],[-97.8834,30.27203],[-97.88348,30.27208],[-97.88421,30.27245],[-97.88464,30.27267],[-97.88593,30.27332],[-97.8888,30.27473],[-97.88849,30.27518],[-97.8881,30.27577],[-97.88802,30.27575],[-97.888,30.27573],[-97.88794,30.2757],[-97.88789,30.27565],[-97.88773,30.27554],[-97.88742,30.27539],[-97.88733,30.27534],[-97.88713,30.27523],[-97.88674,30.27506],[-97.88681,30.27527],[-97.88682,30.2754],[-97.88684,30.27573],[-97.88683,30.27587],[-97.8868,30.27621],[-97.88674,30.27659],[-97.88667,30.27732],[-97.88666,30.27756],[-97.88665,30.27777],[-97.88664,30.27793],[-97.88667,30.27806],[-97.88614,30.27888],[-97.8859,30.27926],[-97.88577,30.27945],[-97.88572,30.27953],[-97.88621,30.27977],[-97.88609,30.27996],[-97.88531,30.28114],[-97.88518,30.28134],[-97.88516,30.28136],[-97.88532,30.28144],[-97.88567,30.28161],[-97.88966,30.28353],[-97.88958,30.28371],[-97.88957,30.28402],[-97.88957,30.28408],[-97.88957,30.28424],[-97.88955,30.28427],[-97.8894,30.28457],[-97.88929,30.28481],[-97.8888,30.28536],[-97.88849,30.28572],[-97.88806,30.28673],[-97.88715,30.28722],[-97.88643,30.28685],[-97.8861,30.28663],[-97.88607,30.28662],[-97.88598,30.28658],[-97.88566,30.28646],[-97.88541,30.28603],[-97.88539,30.28599],[-97.88518,30.28535],[-97.88459,30.28513],[-97.8842,30.28511],[-97.88293,30.28386],[-97.88304,30.28422],[-97.88304,30.28433],[-97.88303,30.28444],[-97.88302,30.28501],[-97.88296,30.28516],[-97.8829,30.28533],[-97.88288,30.28538],[-97.88282,30.28546],[-97.88275,30.28556],[-97.88269,30.28568],[-97.88265,30.28574],[-97.88263,30.28577],[-97.88256,30.28596],[-97.88251,30.28611],[-97.88247,30.28622],[-97.88242,30.28659],[-97.88241,30.28662],[-97.88266,30.2865],[-97.88304,30.28648],[-97.88369,30.28663],[-97.88385,30.28674],[-97.88421,30.28697],[-97.885,30.2878],[-97.88613,30.28919],[-97.88621,30.2899],[-97.8868,30.29144],[-97.8872,30.29246],[-97.88729,30.29268],[-97.88741,30.293],[-97.88756,30.29322],[-97.88797,30.29386],[-97.88804,30.29395],[-97.88829,30.29431],[-97.88831,30.29433],[-97.88884,30.29488],[-97.8892,30.29525],[-97.89061,30.29568],[-97.89164,30.29541],[-97.89221,30.29487],[-97.89284,30.29418],[-97.89311,30.2939],[-97.89457,30.29239],[-97.89462,30.29233],[-97.89466,30.29229],[-97.89522,30.29171],[-97.8954,30.29152],[-97.89561,30.2913],[-97.89598,30.29096],[-97.89641,30.29059],[-97.89654,30.29048],[-97.89688,30.29025],[-97.89734,30.28998],[-97.89751,30.28987],[-97.89797,30.28962],[-97.89852,30.2895],[-97.89897,30.28939],[-97.89995,30.2893],[-97.9007,30.28926],[-97.90123,30.29014],[-97.9016,30.2908],[-97.90173,30.29103],[-97.90186,30.29128],[-97.90195,30.29146],[-97.90199,30.29153],[-97.90201,30.29158],[-97.90214,30.29184],[-97.90203,30.29222],[-97.90201,30.29229],[-97.90184,30.29262],[-97.90177,30.29273],[-97.9017,30.29278],[-97.90125,30.29321],[-97.90122,30.29323],[-97.9009,30.29353],[-97.9006,30.29383],[-97.90034,30.29408],[-97.8998,30.29449],[-97.8996,30.2946],[-97.89926,30.29472],[-97.89892,30.29485],[-97.89891,30.29485],[-97.8989,30.29486],[-97.89819,30.29539],[-97.89815,30.29542],[-97.89784,30.29585],[-97.89698,30.29693],[-97.89729,30.29791],[-97.89772,30.29845],[-97.89788,30.29866],[-97.89873,30.29933],[-97.89938,30.29986],[-97.89958,30.30004],[-97.89978,30.30023],[-97.89982,30.30027],[-97.89989,30.30032],[-97.90188,30.30195],[-97.9027,30.30262],[-97.90302,30.30285],[-97.90359,30.30319],[-97.90401,30.30341],[-97.9045,30.30357],[-97.90467,30.30362],[-97.90478,30.30365],[-97.90525,30.30387],[-97.90569,30.30401],[-97.90615,30.3041],[-97.90634,30.30418],[-97.9067,30.30436],[-97.90714,30.30459],[-97.90713,30.30471],[-97.90694,30.30739],[-97.90681,30.3092],[-97.90682,30.30939],[-97.90713,30.30947],[-97.90762,30.30957],[-97.90883,30.3097],[-97.90877,30.30951],[-97.90877,30.30944],[-97.90875,30.30928],[-97.90861,30.30895],[-97.90857,30.30887],[-97.90857,30.30884],[-97.90856,30.3087],[-97.9085,30.30793],[-97.90839,30.30647],[-97.90838,30.30635],[-97.9084,30.3062],[-97.90861,30.30455],[-97.90864,30.30431],[-97.90874,30.30384],[-97.90899,30.30275],[-97.90922,30.30223],[-97.90934,30.30195],[-97.90919,30.30189],[-97.90912,30.30118],[-97.90919,30.30073],[-97.90929,30.30026],[-97.90995,30.29874],[-97.91004,30.29843],[-97.91015,30.29811],[-97.91026,30.29779],[-97.91037,30.29748],[-97.9105,30.29717],[-97.91063,30.29686],[-97.91077,30.29656],[-97.91092,30.29626],[-97.91107,30.29596],[-97.91123,30.29566],[-97.9114,30.29536],[-97.91158,30.29507],[-97.91176,30.29479],[-97.91195,30.2945],[-97.91214,30.29422],[-97.91235,30.29394],[-97.91256,30.29367],[-97.91277,30.2934],[-97.91299,30.29313],[-97.91325,30.29284],[-97.91349,30.29258],[-97.9137,30.29236],[-97.91395,30.29211],[-97.9142,30.29187],[-97.91446,30.29163],[-97.91472,30.29139],[-97.91499,30.29116],[-97.91527,30.29094],[-97.91555,30.29072],[-97.91583,30.2905],[-97.91612,30.29029],[-97.91642,30.29009],[-97.91668,30.28991],[-97.91695,30.28974],[-97.91722,30.28958],[-97.9175,30.28941],[-97.91769,30.28931],[-97.91763,30.28918],[-97.91759,30.2891],[-97.91742,30.28873],[-97.91708,30.28778],[-97.91662,30.2865],[-97.91657,30.28559],[-97.91663,30.28459],[-97.91689,30.28166],[-97.91672,30.28054],[-97.91659,30.28017],[-97.91648,30.27984],[-97.91471,30.27643],[-97.91634,30.27624],[-97.91568,30.275],[-97.91546,30.27455],[-97.91519,30.27401],[-97.915,30.27366],[-97.91473,30.27314],[-97.91391,30.27176],[-97.91365,30.27135],[-97.91326,30.27075],[-97.91319,30.27064],[-97.91266,30.26985],[-97.91252,30.26967],[-97.9123,30.26934],[-97.91215,30.26911],[-97.91195,30.26883],[-97.91178,30.2686],[-97.91158,30.26829],[-97.91143,30.26805],[-97.91131,30.26784],[-97.91107,30.26733],[-97.91091,30.26699],[-97.91081,30.26678],[-97.91075,30.26667],[-97.91066,30.26641],[-97.91057,30.26618],[-97.91042,30.26577],[-97.91036,30.26552],[-97.91021,30.26509],[-97.91009,30.26464],[-97.91001,30.26422],[-97.90996,30.26402],[-97.90989,30.2637],[-97.90978,30.26322],[-97.9097,30.26285],[-97.90967,30.26269],[-97.90955,30.26215],[-97.90941,30.2616],[-97.90926,30.26104],[-97.90921,30.26083],[-97.90913,30.26054],[-97.90903,30.26027],[-97.90902,30.26023],[-97.90898,30.26015],[-97.90895,30.26008],[-97.90946,30.26003],[-97.90965,30.26],[-97.90973,30.25999],[-97.90985,30.25995],[-97.90995,30.25991],[-97.91008,30.25986],[-97.91035,30.25975],[-97.91064,30.25963],[-97.911,30.25947],[-97.91132,30.25933],[-97.91194,30.25906],[-97.91258,30.25878],[-97.91258,30.25882],[-97.9131,30.2586],[-97.91349,30.25819],[-97.91374,30.25796],[-97.91455,30.25701],[-97.91491,30.25664],[-97.91655,30.25489],[-97.91692,30.25448],[-97.91806,30.2533],[-97.91859,30.25274],[-97.91911,30.25217],[-97.91988,30.25138],[-97.9205,30.25071],[-97.9207,30.25051],[-97.92085,30.25037],[-97.92112,30.25011],[-97.92129,30.24995],[-97.92144,30.2498],[-97.9223,30.24898],[-97.92318,30.24815],[-97.9234,30.24794],[-97.92421,30.24733],[-97.92739,30.24633],[-97.92727,30.24628],[-97.92671,30.24596],[-97.92603,30.24557],[-97.92576,30.24533],[-97.92551,30.24512],[-97.92511,30.24477],[-97.9237,30.24354],[-97.92342,30.24331],[-97.92071,30.24089],[-97.92046,30.24065],[-97.92035,30.24054],[-97.91984,30.24134],[-97.91871,30.24308],[-97.91853,30.24293],[-97.91844,30.24288],[-97.91826,30.24279],[-97.91983,30.24034],[-97.91993,30.24019],[-97.91991,30.24017],[-97.91982,30.24009],[-97.91949,30.23977],[-97.91904,30.23939],[-97.91852,30.24022],[-97.917,30.24256],[-97.91559,30.24471],[-97.91451,30.24637],[-97.91355,30.24783],[-97.91305,30.24861],[-97.91316,30.24906],[-97.91312,30.24912],[-97.9127,30.24977],[-97.91843,30.25259],[-97.91674,30.25429],[-97.91335,30.25264],[-97.91229,30.25213],[-97.91213,30.25241],[-97.91138,30.25364],[-97.91121,30.25343],[-97.91045,30.25366],[-97.90927,30.25434],[-97.90851,30.25492],[-97.90741,30.25482],[-97.90735,30.25488],[-97.90712,30.25511],[-97.90562,30.25452],[-97.90523,30.25465],[-97.90471,30.25487],[-97.90432,30.25444],[-97.90415,30.25426],[-97.90424,30.25411],[-97.9048,30.25321],[-97.90507,30.2528],[-97.90659,30.25036],[-97.90769,30.24866],[-97.90846,30.24741],[-97.90878,30.2469],[-97.90898,30.24662],[-97.90508,30.24471],[-97.90454,30.24444],[-97.90446,30.2444],[-97.90393,30.24414],[-97.90507,30.24235],[-97.90615,30.24069],[-97.90734,30.23878],[-97.90981,30.23495],[-97.91001,30.23468],[-97.90995,30.23468],[-97.9094,30.23461],[-97.90911,30.23457],[-97.90883,30.23452],[-97.90847,30.23445],[-97.90848,30.23439],[-97.90838,30.23432],[-97.90171,30.2324],[-97.90185,30.23224],[-97.90119,30.23205],[-97.90116,30.23204],[-97.90077,30.23299],[-97.90073,30.23307],[-97.90041,30.23292],[-97.9004,30.23292],[-97.90043,30.23286],[-97.9007,30.2322],[-97.90041,30.23212],[-97.90031,30.23209],[-97.90026,30.23207],[-97.9,30.23273],[-97.89958,30.23254],[-97.89956,30.23253],[-97.89958,30.23248],[-97.89973,30.23211],[-97.8998,30.23193],[-97.89938,30.23181],[-97.89946,30.2315],[-97.8992,30.23142],[-97.89893,30.23133],[-97.89556,30.23032],[-97.89487,30.23013],[-97.89482,30.23032],[-97.8946,30.23121],[-97.89361,30.23108],[-97.89371,30.23017],[-97.89374,30.22987],[-97.89358,30.22985],[-97.8916,30.22956],[-97.89157,30.22955],[-97.89144,30.22954],[-97.89155,30.22877],[-97.89156,30.22875],[-97.89194,30.22879],[-97.89223,30.22882],[-97.89258,30.22887],[-97.89297,30.22892],[-97.89328,30.22898],[-97.89374,30.22906],[-97.8941,30.22824],[-97.89416,30.22811],[-97.89468,30.22686],[-97.89512,30.22583],[-97.89522,30.22567],[-97.89531,30.22553],[-97.89552,30.2252],[-97.89559,30.22509],[-97.89553,30.22506],[-97.89287,30.22377],[-97.89182,30.22327],[-97.89221,30.22263],[-97.8926,30.222],[-97.89322,30.22106],[-97.89362,30.22006],[-97.89397,30.21919],[-97.89423,30.21853],[-97.89433,30.21829],[-97.89444,30.21798],[-97.89469,30.21732],[-97.8965,30.2144],[-97.89684,30.21386],[-97.89688,30.21381],[-97.89688,30.2138],[-97.89673,30.21372],[-97.8967,30.21372],[-97.89667,30.21373],[-97.89665,30.21368],[-97.89617,30.21343],[-97.89615,30.21342],[-97.89611,30.2134],[-97.89581,30.21324],[-97.89516,30.21291],[-97.89499,30.21282],[-97.89475,30.21269],[-97.89461,30.21262],[-97.89445,30.21254],[-97.89433,30.21252],[-97.89407,30.21226],[-97.8938,30.21201],[-97.89373,30.21197],[-97.89396,30.21164],[-97.89399,30.21159],[-97.89401,30.21156],[-97.89405,30.21151],[-97.89407,30.21148],[-97.89442,30.21096],[-97.89447,30.21089],[-97.89512,30.20994],[-97.89568,30.20914],[-97.89573,30.20917],[-97.89614,30.2086],[-97.89643,30.20778],[-97.89672,30.20729],[-97.89752,30.2059],[-97.89779,30.206],[-97.89793,30.20606],[-97.89815,30.20616],[-97.89829,30.20623],[-97.89842,30.20628],[-97.89864,30.20637],[-97.89886,30.20648],[-97.89908,30.20656],[-97.89926,30.20662],[-97.89974,30.2068],[-97.89989,30.20684],[-97.89998,30.20687],[-97.90013,30.20694],[-97.90021,30.207],[-97.90028,30.20704],[-97.90038,30.20707],[-97.90048,30.20708],[-97.90059,30.20709],[-97.90092,30.20707],[-97.90098,30.20708],[-97.90106,30.2071],[-97.90101,30.20725],[-97.90082,30.20758],[-97.9008,30.20772],[-97.90078,30.20777],[-97.90116,30.20793],[-97.90121,30.20795],[-97.90143,30.20804],[-97.90196,30.20827],[-97.90266,30.20856],[-97.90291,30.20896],[-97.90286,30.2093],[-97.90336,30.2093],[-97.90357,30.20932],[-97.90377,30.20933],[-97.90392,30.20935],[-97.9063,30.20991],[-97.90751,30.20996],[-97.90827,30.20968],[-97.90883,30.20933],[-97.90929,30.20883],[-97.91027,30.20728],[-97.91106,30.20602],[-97.91159,30.2051],[-97.91179,30.20495],[-97.912,30.20479],[-97.91276,30.20447],[-97.91368,30.20427],[-97.9153,30.20392],[-97.91581,30.2038],[-97.91594,30.20377],[-97.91648,30.20366],[-97.91756,30.20317],[-97.91797,30.20287],[-97.91837,30.20244],[-97.91857,30.20213],[-97.91922,30.20113],[-97.91953,30.20064],[-97.91958,30.20057],[-97.91991,30.20005],[-97.92108,30.19836],[-97.92117,30.19811],[-97.9225,30.19603],[-97.9232,30.19495],[-97.92351,30.1945],[-97.92411,30.19367],[-97.92443,30.19334],[-97.9252,30.1924],[-97.92535,30.19223],[-97.9256,30.19191],[-97.92603,30.19138],[-97.9264,30.19086],[-97.92652,30.19067],[-97.92696,30.18995],[-97.9279,30.18839],[-97.92845,30.18748],[-97.9287,30.18693],[-97.92886,30.1862],[-97.92888,30.18571],[-97.9288,30.18442],[-97.92875,30.18268],[-97.92874,30.18212],[-97.92881,30.1817],[-97.92883,30.18159],[-97.92881,30.18134],[-97.92879,30.18052],[-97.92877,30.18018],[-97.92875,30.17967],[-97.92875,30.1784],[-97.92882,30.1775],[-97.92888,30.17639],[-97.92919,30.17514],[-97.92912,30.17499],[-97.92914,30.17496],[-97.92918,30.17489],[-97.92921,30.17484],[-97.92923,30.17481],[-97.92927,30.17475],[-97.92928,30.17473],[-97.92932,30.17477],[-97.92937,30.17465],[-97.92938,30.17461],[-97.92944,30.17454],[-97.9294,30.17449],[-97.92927,30.17431],[-97.9286,30.1734],[-97.92838,30.1731],[-97.92807,30.17304],[-97.92647,30.1727],[-97.92532,30.17268],[-97.92441,30.17279],[-97.9243,30.17281],[-97.92421,30.17271],[-97.92386,30.17237],[-97.92014,30.16797],[-97.91786,30.16526],[-97.91787,30.16509],[-97.91793,30.16503],[-97.91797,30.16488],[-97.91811,30.16453],[-97.91862,30.16312],[-97.91858,30.16124],[-97.91859,30.15919],[-97.91824,30.15881],[-97.91804,30.15869],[-97.91779,30.15852],[-97.91772,30.15848],[-97.91762,30.15811],[-97.91773,30.15807],[-97.91762,30.15794],[-97.91808,30.15788],[-97.91867,30.15781],[-97.9188,30.15783],[-97.91897,30.15792],[-97.91969,30.15791],[-97.92,30.15799],[-97.92001,30.15816],[-97.92172,30.15816],[-97.92173,30.15825],[-97.92177,30.15825],[-97.92191,30.15825],[-97.92183,30.15638],[-97.92223,30.15636],[-97.92241,30.15651],[-97.92909,30.15667],[-97.92908,30.15646],[-97.92908,30.15609],[-97.92908,30.15595],[-97.92908,30.15515],[-97.92909,30.15271],[-97.92904,30.15262],[-97.92903,30.15237],[-97.92899,30.15145],[-97.92894,30.14983],[-97.92889,30.14864],[-97.929,30.14864],[-97.92898,30.1469],[-97.92898,30.14412],[-97.92898,30.14369],[-97.92897,30.14103],[-97.92897,30.14098],[-97.92895,30.12997],[-97.92894,30.12461],[-97.9285,30.12478],[-97.92849,30.12478],[-97.92848,30.12478],[-97.92775,30.12476],[-97.91696,30.12438],[-97.9162,30.12435],[-97.9157,30.12433],[-97.91265,30.12423],[-97.91107,30.12428],[-97.90949,30.12434],[-97.9081,30.1244],[-97.90777,30.12441],[-97.90714,30.12443],[-97.90644,30.12446],[-97.90628,30.12446],[-97.90573,30.12446],[-97.90551,30.12447],[-97.90531,30.12449],[-97.90511,30.1245],[-97.90487,30.12446],[-97.90375,30.12448],[-97.90372,30.12448],[-97.89991,30.12453],[-97.89972,30.12454],[-97.89927,30.12454],[-97.89906,30.12454],[-97.89871,30.12455],[-97.89836,30.12455],[-97.89818,30.12456],[-97.89758,30.12457],[-97.89732,30.12457],[-97.89726,30.12457],[-97.89651,30.12458],[-97.89612,30.12459],[-97.89588,30.12459],[-97.89524,30.1246],[-97.89507,30.1246],[-97.89505,30.1246],[-97.89438,30.12461],[-97.89417,30.12461],[-97.89411,30.12461],[-97.89374,30.12462],[-97.89314,30.12463],[-97.89265,30.12463],[-97.89257,30.12464],[-97.89252,30.12463],[-97.89186,30.12463],[-97.88983,30.12464],[-97.88853,30.12464],[-97.88838,30.12464],[-97.88865,30.12506],[-97.88843,30.12532],[-97.88778,30.12556],[-97.88745,30.12659],[-97.88721,30.12682],[-97.88667,30.12681],[-97.88666,30.12696],[-97.88657,30.12705],[-97.88624,30.1274],[-97.8863,30.13077],[-97.8872,30.13076],[-97.88722,30.13186],[-97.88727,30.13268],[-97.88779,30.13268],[-97.88803,30.13268],[-97.8884,30.13267],[-97.88877,30.13267],[-97.88915,30.13267],[-97.88952,30.13268],[-97.88989,30.13268],[-97.88998,30.13268],[-97.89183,30.13268],[-97.89193,30.13268],[-97.8924,30.13267],[-97.89288,30.13267],[-97.89485,30.13267],[-97.8946,30.1329],[-97.89438,30.13306],[-97.89403,30.13416],[-97.89412,30.13416],[-97.90233,30.13402],[-97.90235,30.13495],[-97.90237,30.13612],[-97.90157,30.13618],[-97.90037,30.13623],[-97.89993,30.13624],[-97.89987,30.13637],[-97.89966,30.13677],[-97.89956,30.13682],[-97.89932,30.1368],[-97.89884,30.13677],[-97.89886,30.13671],[-97.89837,30.13652],[-97.89825,30.13653],[-97.8976,30.13662],[-97.89727,30.13666],[-97.89689,30.13667],[-97.89623,30.13667],[-97.89611,30.13667],[-97.89579,30.13667],[-97.89581,30.13726],[-97.89581,30.13734],[-97.89604,30.13744],[-97.89637,30.13758],[-97.8968,30.13768],[-97.8971,30.13775],[-97.8974,30.13797],[-97.8978,30.13841],[-97.89818,30.13883],[-97.89823,30.13889],[-97.90079,30.13881],[-97.90096,30.14214],[-97.89903,30.14221],[-97.89882,30.14222],[-97.89611,30.14231],[-97.89579,30.14232],[-97.89456,30.14237],[-97.89416,30.14238],[-97.89296,30.14192],[-97.89302,30.14329],[-97.89303,30.14349],[-97.89305,30.14445],[-97.89307,30.14532],[-97.89313,30.14552],[-97.89313,30.14593],[-97.89314,30.14702],[-97.89318,30.14785],[-97.89312,30.14797],[-97.89313,30.14813],[-97.89315,30.14908],[-97.89315,30.14938],[-97.89315,30.14949],[-97.89324,30.15464],[-97.89383,30.15463],[-97.89611,30.15461],[-97.89692,30.1546],[-97.89847,30.15459],[-97.89851,30.15698],[-97.89852,30.15872],[-97.89852,30.15989],[-97.89894,30.16018],[-97.90502,30.1598],[-97.90506,30.16121],[-97.90506,30.16128],[-97.90559,30.16262],[-97.90577,30.16307],[-97.90617,30.1641],[-97.90627,30.16437],[-97.9065,30.16495],[-97.90652,30.16563],[-97.90652,30.16582],[-97.90654,30.16632],[-97.9066,30.16776],[-97.90665,30.16954],[-97.90703,30.16953],[-97.90707,30.17159],[-97.90708,30.17261],[-97.9071,30.1739],[-97.90714,30.17652],[-97.90548,30.17653],[-97.90533,30.17655],[-97.90493,30.17725],[-97.90479,30.17748],[-97.9045,30.17793],[-97.90188,30.17826],[-97.89682,30.17892],[-97.89649,30.17896],[-97.89616,30.17872],[-97.89596,30.17858],[-97.89578,30.17844],[-97.89557,30.17828],[-97.8954,30.17814],[-97.89528,30.17803],[-97.89512,30.1779],[-97.89499,30.1778],[-97.89483,30.17766],[-97.89472,30.17757],[-97.89461,30.17747],[-97.89451,30.17737],[-97.8944,30.17727],[-97.89075,30.17389],[-97.89043,30.17359],[-97.89011,30.1733],[-97.88956,30.17279],[-97.88968,30.17277],[-97.89153,30.17273],[-97.89372,30.17268],[-97.8937,30.17155],[-97.89367,30.17007],[-97.89366,30.16944],[-97.89334,30.16262],[-97.89334,30.16259],[-97.89217,30.16256],[-97.89052,30.16251],[-97.89048,30.15738],[-97.89045,30.15478],[-97.89045,30.15407],[-97.89039,30.14813],[-97.89025,30.14813],[-97.89015,30.14813],[-97.88992,30.14814],[-97.88884,30.14814],[-97.88843,30.14814],[-97.88772,30.14815],[-97.88713,30.14815],[-97.88673,30.14815],[-97.88598,30.14815],[-97.88528,30.14815],[-97.88472,30.14815],[-97.88437,30.14816],[-97.88398,30.14816],[-97.88353,30.14816],[-97.88352,30.14907],[-97.88352,30.14991],[-97.88352,30.15147],[-97.88348,30.15151],[-97.88341,30.1516],[-97.88154,30.15394],[-97.8812,30.15367],[-97.88047,30.15282],[-97.88036,30.15271],[-97.87989,30.15226],[-97.87959,30.15212],[-97.87934,30.15205],[-97.87912,30.15205],[-97.87899,30.15205],[-97.87866,30.15204],[-97.8776,30.15202],[-97.87755,30.15201],[-97.87751,30.15202],[-97.87721,30.15205],[-97.87662,30.1521],[-97.87657,30.15211],[-97.87564,30.1522],[-97.87546,30.15221],[-97.87475,30.15227],[-97.87461,30.15228],[-97.87395,30.15234],[-97.87244,30.15078],[-97.87199,30.15038],[-97.87154,30.14999],[-97.87134,30.14981],[-97.87121,30.14969],[-97.87104,30.14953],[-97.87077,30.14926],[-97.87069,30.14924],[-97.87052,30.14929],[-97.87034,30.14934],[-97.87027,30.14935],[-97.8702,30.14908],[-97.87032,30.14878],[-97.87005,30.1485],[-97.86992,30.14836],[-97.86967,30.14805],[-97.86943,30.14773],[-97.86921,30.14741],[-97.86885,30.14694],[-97.86859,30.14659],[-97.86833,30.14623],[-97.86802,30.14574],[-97.86779,30.14537],[-97.86763,30.14509],[-97.8675,30.14486],[-97.8673,30.14448],[-97.86694,30.1437],[-97.86685,30.14347],[-97.86677,30.1433],[-97.86662,30.1429],[-97.86619,30.14174],[-97.86534,30.13944],[-97.8646,30.13807],[-97.86452,30.13802],[-97.86445,30.1379],[-97.86421,30.13761],[-97.86344,30.13714],[-97.86313,30.13694],[-97.8627,30.13689],[-97.8627,30.13697],[-97.86269,30.13711],[-97.86269,30.13715],[-97.86278,30.14177],[-97.86279,30.14206],[-97.86279,30.14224],[-97.86261,30.14253],[-97.86208,30.14414],[-97.86189,30.14406],[-97.86153,30.14364],[-97.86124,30.14318],[-97.86093,30.14307],[-97.86049,30.14267],[-97.85985,30.14212],[-97.85975,30.14212],[-97.85964,30.14213],[-97.85954,30.14208],[-97.85926,30.14191],[-97.85899,30.14171],[-97.85846,30.14128],[-97.85813,30.14105],[-97.85709,30.14064],[-97.85702,30.14062],[-97.85669,30.14053],[-97.85664,30.14053],[-97.85647,30.14053],[-97.85623,30.14056],[-97.85524,30.14055],[-97.85483,30.14099],[-97.85464,30.14119],[-97.85442,30.14114],[-97.85382,30.14074],[-97.85337,30.14037],[-97.85327,30.14053],[-97.85324,30.14054],[-97.85283,30.14042],[-97.85255,30.14035],[-97.85277,30.14006],[-97.85245,30.13998],[-97.85232,30.13996],[-97.85216,30.13994],[-97.85186,30.13987],[-97.85157,30.1398],[-97.85131,30.13974],[-97.8513,30.13974],[-97.85115,30.13971],[-97.85072,30.13959],[-97.85067,30.13958],[-97.85032,30.13955],[-97.85022,30.13954],[-97.85017,30.13955],[-97.8499,30.13964],[-97.84969,30.13979],[-97.84967,30.13989],[-97.84964,30.14006],[-97.84964,30.14031],[-97.84962,30.14037],[-97.84959,30.14043],[-97.84945,30.14057],[-97.84942,30.14059],[-97.84931,30.14068],[-97.8491,30.14075],[-97.84875,30.14074],[-97.84872,30.14074],[-97.84851,30.14071],[-97.84841,30.14071],[-97.84819,30.14071],[-97.84814,30.14071],[-97.84788,30.14065],[-97.84772,30.14064],[-97.84768,30.14064],[-97.84766,30.14064],[-97.84764,30.14063],[-97.84759,30.14063],[-97.84731,30.14091],[-97.84724,30.14097],[-97.84722,30.14099],[-97.84718,30.14102],[-97.84715,30.14105],[-97.8471,30.14108],[-97.84709,30.14109],[-97.84708,30.1411],[-97.84707,30.14112],[-97.84707,30.14113],[-97.84707,30.14115],[-97.84707,30.14116],[-97.84707,30.14118],[-97.84698,30.14107],[-97.84695,30.14103],[-97.84692,30.141],[-97.84689,30.14097],[-97.84682,30.14102],[-97.84674,30.14107],[-97.84669,30.14112],[-97.84679,30.14124],[-97.84732,30.14185],[-97.84749,30.14204],[-97.84752,30.14207],[-97.84808,30.14268],[-97.84864,30.14325],[-97.84933,30.14358],[-97.84957,30.14366],[-97.84951,30.1438],[-97.84924,30.14454],[-97.84746,30.14458],[-97.84699,30.14459],[-97.84703,30.14616],[-97.84855,30.14612],[-97.85006,30.14607],[-97.84921,30.14722],[-97.84913,30.14732],[-97.84846,30.14821],[-97.84851,30.14943],[-97.84774,30.14945],[-97.8471,30.14946],[-97.84643,30.14947],[-97.84612,30.14948],[-97.84355,30.14952],[-97.84258,30.14953],[-97.84259,30.14825],[-97.84259,30.14775],[-97.84475,30.14771],[-97.8447,30.14586],[-97.84521,30.14585],[-97.84519,30.14495],[-97.84514,30.14495],[-97.84512,30.14421],[-97.84456,30.14411],[-97.84363,30.14395],[-97.84364,30.14407],[-97.84263,30.14406],[-97.84264,30.14366],[-97.84255,30.14367],[-97.8422,30.14355],[-97.84217,30.14355],[-97.84188,30.1436],[-97.84174,30.14362],[-97.8414,30.14364],[-97.83982,30.14375],[-97.83883,30.14383],[-97.83859,30.14384],[-97.83789,30.14389],[-97.83794,30.14553],[-97.83798,30.14718],[-97.83799,30.14788],[-97.83804,30.14949],[-97.83804,30.14963],[-97.8375,30.14964],[-97.83703,30.14965],[-97.83627,30.14971],[-97.83603,30.1497],[-97.83545,30.14974],[-97.8332,30.14983],[-97.8332,30.14974],[-97.83319,30.14951],[-97.83318,30.14911],[-97.83315,30.14841],[-97.83314,30.14804],[-97.83312,30.14745],[-97.82949,30.14753],[-97.82845,30.14756],[-97.82836,30.14787],[-97.82816,30.14873],[-97.82811,30.14893],[-97.82794,30.14964],[-97.8279,30.1498],[-97.82781,30.15014],[-97.82775,30.15034],[-97.82759,30.15087],[-97.82682,30.15332],[-97.8268,30.15335],[-97.82676,30.15343],[-97.82673,30.15351],[-97.82669,30.15364],[-97.82658,30.15398],[-97.82622,30.15511],[-97.82601,30.15578],[-97.82595,30.15598],[-97.82592,30.15605],[-97.82565,30.15693],[-97.82546,30.15753],[-97.82504,30.15889],[-97.82498,30.15907],[-97.82463,30.16018],[-97.82462,30.16021],[-97.82462,30.16023],[-97.82459,30.16031],[-97.82457,30.16038],[-97.82456,30.16042],[-97.82452,30.16053],[-97.82449,30.16063],[-97.82446,30.16074],[-97.82442,30.16085],[-97.82439,30.16095],[-97.82436,30.16106],[-97.82432,30.16116],[-97.82429,30.16127],[-97.82428,30.1613],[-97.82425,30.16138],[-97.82425,30.1614],[-97.82424,30.16143],[-97.82423,30.16145],[-97.82423,30.16147],[-97.82422,30.16148],[-97.82421,30.16154],[-97.82419,30.16159],[-97.82416,30.16169],[-97.82415,30.16173],[-97.82412,30.1618],[-97.82409,30.1619],[-97.82408,30.16193],[-97.82406,30.16201],[-97.82402,30.16212],[-97.82401,30.16215],[-97.82399,30.16222],[-97.82396,30.16233],[-97.82393,30.16243],[-97.82389,30.16254],[-97.82386,30.16265],[-97.82384,30.16271],[-97.82383,30.16275],[-97.8238,30.16285],[-97.82379,30.16288],[-97.82378,30.1629],[-97.82372,30.16309],[-97.82326,30.16451],[-97.82323,30.1646],[-97.82321,30.16468],[-97.82304,30.1652],[-97.82242,30.16712],[-97.82144,30.17014],[-97.82123,30.17009],[-97.82121,30.17017],[-97.82061,30.17204],[-97.81967,30.17184],[-97.81965,30.17183],[-97.81961,30.17181],[-97.81967,30.17174],[-97.81971,30.17165],[-97.81976,30.17152],[-97.82021,30.16978],[-97.82047,30.16889],[-97.82095,30.16724],[-97.8211,30.16668],[-97.82129,30.16631],[-97.82158,30.16573],[-97.82162,30.1655],[-97.82087,30.16532],[-97.82095,30.16506],[-97.82138,30.16453],[-97.82082,30.16445],[-97.82096,30.16355],[-97.82141,30.16362],[-97.82172,30.16221],[-97.82123,30.16217],[-97.82095,30.16215],[-97.82079,30.1621],[-97.82062,30.16203],[-97.82048,30.16182],[-97.82048,30.16161],[-97.8186,30.16164],[-97.8175,30.16166],[-97.8175,30.16152],[-97.81742,30.15805],[-97.81728,30.15275],[-97.81728,30.15219],[-97.81727,30.15147],[-97.81743,30.15144],[-97.81753,30.15143],[-97.81762,30.15141],[-97.81776,30.15138],[-97.81777,30.14992],[-97.81771,30.14992],[-97.81761,30.14993],[-97.81759,30.14993],[-97.81744,30.14995],[-97.81733,30.14996],[-97.81718,30.14998],[-97.81687,30.14998],[-97.81658,30.14998],[-97.8165,30.14998],[-97.81647,30.14996],[-97.81643,30.14995],[-97.81641,30.14994],[-97.81631,30.14991],[-97.81624,30.14988],[-97.81616,30.14985],[-97.81597,30.14977],[-97.81577,30.1497],[-97.81564,30.14963],[-97.81535,30.14948],[-97.81531,30.14947],[-97.81515,30.14942],[-97.81496,30.14935],[-97.81466,30.14925],[-97.81448,30.14908],[-97.81424,30.14883],[-97.81369,30.14828],[-97.81344,30.14803],[-97.81337,30.14796],[-97.81333,30.14796],[-97.81323,30.14795],[-97.81324,30.14744],[-97.81325,30.14711],[-97.81326,30.14682],[-97.81327,30.1465],[-97.81328,30.14619],[-97.81328,30.14602],[-97.81328,30.14586],[-97.81327,30.14573],[-97.81328,30.1457],[-97.81328,30.14563],[-97.81329,30.1453],[-97.8133,30.14514],[-97.8133,30.14505],[-97.8133,30.14498],[-97.81331,30.14486],[-97.81331,30.14483],[-97.8133,30.14474],[-97.81328,30.14474],[-97.81312,30.14475],[-97.81256,30.14476],[-97.81104,30.14477],[-97.81082,30.14461],[-97.81042,30.1448],[-97.80966,30.14487],[-97.80856,30.14458],[-97.80849,30.14456],[-97.80824,30.1445],[-97.8094,30.14081],[-97.81019,30.13959],[-97.80889,30.13965],[-97.80776,30.13914],[-97.80702,30.14028],[-97.80601,30.14181],[-97.8048,30.14366],[-97.80156,30.14283],[-97.80356,30.13961],[-97.80357,30.13956],[-97.8038,30.13882],[-97.80466,30.13772],[-97.80527,30.13693],[-97.80637,30.13536],[-97.80659,30.13516],[-97.80688,30.13433],[-97.80708,30.13285],[-97.80687,30.13292],[-97.80674,30.13297],[-97.80667,30.13302],[-97.80584,30.1336],[-97.80524,30.1341],[-97.80438,30.1345],[-97.80345,30.13482],[-97.8025,30.13505],[-97.80171,30.13524],[-97.80122,30.13533],[-97.80012,30.13553],[-97.79931,30.13566],[-97.79888,30.13573],[-97.79844,30.13563],[-97.79851,30.13545],[-97.79852,30.13542],[-97.79886,30.1346],[-97.79949,30.13301],[-97.79952,30.13295],[-97.80001,30.13169],[-97.8002,30.13122],[-97.80182,30.1271],[-97.8022,30.12613],[-97.8022,30.12612],[-97.80232,30.12581],[-97.80307,30.12617],[-97.80358,30.12537],[-97.80482,30.12597],[-97.80414,30.12705],[-97.80385,30.12691],[-97.80156,30.13126],[-97.80136,30.13165],[-97.80119,30.13209],[-97.80125,30.13226],[-97.80175,30.13255],[-97.80129,30.13492],[-97.80249,30.13484],[-97.80257,30.13483],[-97.80393,30.13451],[-97.80502,30.13409],[-97.8058,30.13347],[-97.80576,30.13342],[-97.80656,30.1329],[-97.80748,30.13244],[-97.8079,30.13232],[-97.80839,30.13223],[-97.80901,30.13224],[-97.80954,30.13234],[-97.80984,30.13274],[-97.81012,30.13302],[-97.81037,30.13307],[-97.81047,30.13309],[-97.81093,30.13198],[-97.81122,30.13147],[-97.81187,30.13066],[-97.81198,30.13004],[-97.81205,30.12962],[-97.81206,30.12951],[-97.81219,30.12873],[-97.81236,30.12812],[-97.81249,30.12761],[-97.81246,30.12722],[-97.81174,30.12544],[-97.81169,30.12363],[-97.81163,30.12157],[-97.81156,30.12047],[-97.81159,30.11917],[-97.81158,30.11793],[-97.81152,30.11668],[-97.8115,30.11603],[-97.812,30.11602],[-97.81314,30.116],[-97.81452,30.11597],[-97.81575,30.11595],[-97.81657,30.11593],[-97.81779,30.11591],[-97.8188,30.11589],[-97.82016,30.11586],[-97.82227,30.11582],[-97.82227,30.11578],[-97.82389,30.11576],[-97.82475,30.11575],[-97.82498,30.1153],[-97.82513,30.11408],[-97.82501,30.11398],[-97.82382,30.11207],[-97.82313,30.11172],[-97.82081,30.11056],[-97.82028,30.11028],[-97.81896,30.11031],[-97.81713,30.11034],[-97.81527,30.11037],[-97.81339,30.1104],[-97.81139,30.11043],[-97.8114,30.1124],[-97.80869,30.11244],[-97.80802,30.11244],[-97.80896,30.11037],[-97.80936,30.10881],[-97.80997,30.10746],[-97.81,30.10717],[-97.81009,30.10698],[-97.81104,30.10496],[-97.81126,30.10468],[-97.81132,30.1046],[-97.81164,30.10395],[-97.81201,30.10315],[-97.81278,30.10153],[-97.81281,30.10148],[-97.81374,30.09949],[-97.81373,30.09934],[-97.81383,30.09915],[-97.81369,30.09906],[-97.81373,30.09899],[-97.81364,30.09893],[-97.81356,30.09887],[-97.81355,30.09886],[-97.81351,30.09884],[-97.81344,30.09879],[-97.81347,30.09878],[-97.81342,30.09874],[-97.81338,30.09872],[-97.81328,30.09869],[-97.81325,30.09868],[-97.81324,30.09868],[-97.81316,30.09866],[-97.81304,30.09862],[-97.81302,30.09861],[-97.81275,30.09841],[-97.81255,30.09878],[-97.81199,30.09981],[-97.81141,30.10091],[-97.81113,30.10144],[-97.81089,30.1019],[-97.81055,30.10253],[-97.81036,30.10287],[-97.81029,30.10302],[-97.81007,30.10349],[-97.80761,30.10895],[-97.80724,30.10975],[-97.80657,30.1112],[-97.8062,30.11198],[-97.80602,30.11237],[-97.80564,30.11239],[-97.80508,30.11241],[-97.80347,30.11243],[-97.80336,30.11244],[-97.80272,30.11245],[-97.80148,30.11246],[-97.79657,30.11253],[-97.79409,30.11257],[-97.79219,30.11259],[-97.79197,30.1126],[-97.78831,30.11265],[-97.78528,30.11269],[-97.78529,30.11277],[-97.78515,30.1129],[-97.79198,30.1128],[-97.7943,30.11277],[-97.79822,30.11271],[-97.79978,30.11269],[-97.80291,30.11265],[-97.80378,30.11264],[-97.80386,30.11264],[-97.80591,30.11262],[-97.80582,30.11283],[-97.80516,30.11443],[-97.805,30.11481],[-97.80408,30.11718],[-97.80377,30.118],[-97.80366,30.1183],[-97.80353,30.11865],[-97.80311,30.11979],[-97.80303,30.11999],[-97.80258,30.12123],[-97.80209,30.12269],[-97.80186,30.12339],[-97.80175,30.12371],[-97.80114,30.12543],[-97.80106,30.1256],[-97.80035,30.12524],[-97.79998,30.12506],[-97.79764,30.12398],[-97.79613,30.12328],[-97.79615,30.12341],[-97.79618,30.12364],[-97.79621,30.12381],[-97.7963,30.12441],[-97.79601,30.12492],[-97.79576,30.12512],[-97.79568,30.12519],[-97.79568,30.12581],[-97.79567,30.12581],[-97.79554,30.12615],[-97.79555,30.12623],[-97.79538,30.12667],[-97.79512,30.12727],[-97.7949,30.12776],[-97.79487,30.12779],[-97.79482,30.12785],[-97.79478,30.12794],[-97.79477,30.12798],[-97.79477,30.12801],[-97.79479,30.12804],[-97.79481,30.12806],[-97.79485,30.12809],[-97.79486,30.12812],[-97.79486,30.12815],[-97.79482,30.12818],[-97.7947,30.12825],[-97.79465,30.12827],[-97.79463,30.12829],[-97.79455,30.12846],[-97.79442,30.12858],[-97.79434,30.12868],[-97.79432,30.12872],[-97.79431,30.12877],[-97.79431,30.12885],[-97.79429,30.12898],[-97.79427,30.12905],[-97.79426,30.12913],[-97.79429,30.12939],[-97.79428,30.12949],[-97.79428,30.12951],[-97.79426,30.12954],[-97.79424,30.12955],[-97.79424,30.12962],[-97.79394,30.12965],[-97.79392,30.12967],[-97.79388,30.12965],[-97.79387,30.12966],[-97.79174,30.12908],[-97.79207,30.12851],[-97.79488,30.12403],[-97.7936,30.1235],[-97.79229,30.12295],[-97.78923,30.12148],[-97.78611,30.12642],[-97.78953,30.12731],[-97.78748,30.13057],[-97.78737,30.13051],[-97.78704,30.1304],[-97.78674,30.13028],[-97.78655,30.13022],[-97.78637,30.13014],[-97.78622,30.13006],[-97.78617,30.13003],[-97.78607,30.12996],[-97.78599,30.12988],[-97.78595,30.12986],[-97.78583,30.1298],[-97.78565,30.12969],[-97.78554,30.12962],[-97.78548,30.12958],[-97.78542,30.12956],[-97.78532,30.12952],[-97.78477,30.12931],[-97.78408,30.12918],[-97.78406,30.12918],[-97.78405,30.12917],[-97.78401,30.12918],[-97.78396,30.12923],[-97.78391,30.12926],[-97.78383,30.12931],[-97.78374,30.12933],[-97.78292,30.12903],[-97.78272,30.12896],[-97.78158,30.12853],[-97.78077,30.12823],[-97.77979,30.12787],[-97.77941,30.12844],[-97.77937,30.12851],[-97.77917,30.12881],[-97.77909,30.12894],[-97.77884,30.12935],[-97.77881,30.12913],[-97.77873,30.12893],[-97.77861,30.12882],[-97.77783,30.12839],[-97.77728,30.12813],[-97.77537,30.12863],[-97.77373,30.1291],[-97.77218,30.12951],[-97.7721,30.12953],[-97.77111,30.12979],[-97.77091,30.12984],[-97.77073,30.12989],[-97.77063,30.12991],[-97.76936,30.13027],[-97.76825,30.13058],[-97.76669,30.13101],[-97.76616,30.13116],[-97.76602,30.13078],[-97.76612,30.13063],[-97.76665,30.1302],[-97.767,30.12998],[-97.76728,30.12991],[-97.76759,30.12982],[-97.76786,30.12986],[-97.76803,30.13009],[-97.76785,30.13021],[-97.7678,30.13021],[-97.76797,30.13034],[-97.76867,30.12999],[-97.76873,30.12996],[-97.76886,30.12984],[-97.76869,30.12929],[-97.76856,30.12907],[-97.76839,30.1288],[-97.76822,30.12834],[-97.76797,30.12816],[-97.76764,30.12806],[-97.76554,30.12742],[-97.76417,30.12957],[-97.76397,30.12989],[-97.76161,30.13364],[-97.76053,30.13531],[-97.75941,30.1371],[-97.7589,30.13647],[-97.7585,30.13599],[-97.75697,30.13444],[-97.75692,30.13442],[-97.75679,30.13435],[-97.75675,30.13442],[-97.75671,30.1344],[-97.75675,30.13447],[-97.75628,30.13522],[-97.75622,30.13531],[-97.75607,30.13556],[-97.75575,30.13607],[-97.75572,30.13612],[-97.75473,30.13769],[-97.75451,30.13804],[-97.75308,30.14034],[-97.7524,30.14142],[-97.7519,30.14221],[-97.75148,30.14289],[-97.75098,30.14368],[-97.75017,30.14496],[-97.749,30.14441],[-97.74855,30.1442],[-97.74812,30.14487],[-97.74749,30.14585],[-97.74733,30.14611],[-97.74743,30.14615],[-97.7487,30.14673],[-97.75021,30.14742],[-97.75098,30.14777],[-97.75095,30.14783],[-97.75082,30.14806],[-97.75026,30.149],[-97.74973,30.14986],[-97.74683,30.14855],[-97.74673,30.1485],[-97.74428,30.14744],[-97.74137,30.14598],[-97.74132,30.14596],[-97.741,30.14579],[-97.73776,30.14417],[-97.7382,30.14349],[-97.73996,30.14076],[-97.74021,30.14036],[-97.74063,30.13968],[-97.73792,30.13837],[-97.73697,30.13791],[-97.73636,30.13886],[-97.73596,30.1395],[-97.73571,30.1399],[-97.73545,30.14031],[-97.73496,30.14108],[-97.73446,30.14186],[-97.73394,30.14268],[-97.73347,30.14342],[-97.73301,30.14414],[-97.73218,30.14372],[-97.7321,30.14384],[-97.73184,30.14406],[-97.73167,30.14429],[-97.73166,30.14456],[-97.73176,30.14472],[-97.7319,30.14483],[-97.73188,30.14497],[-97.73205,30.14499],[-97.73222,30.14502],[-97.73239,30.14505],[-97.73411,30.14543],[-97.73534,30.1457],[-97.73552,30.14573],[-97.7357,30.14576],[-97.73589,30.14578],[-97.73607,30.1458],[-97.73626,30.14581],[-97.73628,30.14581],[-97.73637,30.14581],[-97.7365,30.14581],[-97.73673,30.14582],[-97.73668,30.14589],[-97.73667,30.1459],[-97.73655,30.14611],[-97.73645,30.14625],[-97.7354,30.14793],[-97.73616,30.1483],[-97.73637,30.14839],[-97.7366,30.1485],[-97.73665,30.14908],[-97.73674,30.15034],[-97.73682,30.15132],[-97.73683,30.15148],[-97.73661,30.15181],[-97.73605,30.15269],[-97.73514,30.15415],[-97.73515,30.15418],[-97.73515,30.15423],[-97.73516,30.15428],[-97.73519,30.15447],[-97.73521,30.15452],[-97.73528,30.15463],[-97.73522,30.1546],[-97.73471,30.15402],[-97.7345,30.1538],[-97.73351,30.15268],[-97.73315,30.1525],[-97.73289,30.1524],[-97.7327,30.15234],[-97.73254,30.15232],[-97.73225,30.15226],[-97.7319,30.15222],[-97.73187,30.15201],[-97.73185,30.15166],[-97.73178,30.15127],[-97.73169,30.15081],[-97.73158,30.1505],[-97.73141,30.14999],[-97.73139,30.14993],[-97.73096,30.14839],[-97.73052,30.1468],[-97.73036,30.14622],[-97.73011,30.14536],[-97.73004,30.1451],[-97.72929,30.14247],[-97.72917,30.14239],[-97.72913,30.1422],[-97.72928,30.14227],[-97.7294,30.14208],[-97.73095,30.13965],[-97.7314,30.13894],[-97.73196,30.13807],[-97.73082,30.13751],[-97.73124,30.13684],[-97.73125,30.13682],[-97.73136,30.13664],[-97.73159,30.13622],[-97.73178,30.13579],[-97.73302,30.13642],[-97.73306,30.13634],[-97.73325,30.13604],[-97.73366,30.13542],[-97.73244,30.13479],[-97.73213,30.13464],[-97.73248,30.13413],[-97.7328,30.13362],[-97.73213,30.13329],[-97.73079,30.13263],[-97.73153,30.13148],[-97.73444,30.13291],[-97.73506,30.13322],[-97.73521,30.13299],[-97.73469,30.13273],[-97.73301,30.13189],[-97.73362,30.13091],[-97.73394,30.13042],[-97.73426,30.12991],[-97.73509,30.12859],[-97.7342,30.12816],[-97.73346,30.1278],[-97.7317,30.12695],[-97.73048,30.12636],[-97.72991,30.12609],[-97.72827,30.12529],[-97.72736,30.12485],[-97.72711,30.12474],[-97.72479,30.12363],[-97.72282,30.12268],[-97.72187,30.12223],[-97.72052,30.12157],[-97.7202,30.12142],[-97.71618,30.11947],[-97.71587,30.11997],[-97.71546,30.12063],[-97.7152,30.12105],[-97.71349,30.12373],[-97.71088,30.12784],[-97.71017,30.12896],[-97.71019,30.12898],[-97.70903,30.13089],[-97.70895,30.13102],[-97.70956,30.13131],[-97.70999,30.13151],[-97.70944,30.13238],[-97.70841,30.13188],[-97.70597,30.13561],[-97.70592,30.13569],[-97.6962,30.13108],[-97.6962,30.1311],[-97.69595,30.13099],[-97.69607,30.13278],[-97.69612,30.13344],[-97.69622,30.13582],[-97.69673,30.14419],[-97.69974,30.14559],[-97.69872,30.14737],[-97.69862,30.14754],[-97.69824,30.14815],[-97.69739,30.14952],[-97.69714,30.14965],[-97.69691,30.14978],[-97.69682,30.15041],[-97.69672,30.15109],[-97.69689,30.15126],[-97.70067,30.15435],[-97.70167,30.15516],[-97.70261,30.15369],[-97.70398,30.15155],[-97.70706,30.1541],[-97.70771,30.15465],[-97.70835,30.15518],[-97.70898,30.1557],[-97.709,30.15571],[-97.70984,30.15641],[-97.71055,30.157],[-97.71037,30.1573],[-97.71049,30.15739],[-97.71076,30.15696],[-97.71061,30.15691],[-97.71079,30.15661],[-97.71084,30.15653],[-97.71093,30.15656],[-97.71116,30.15663],[-97.71111,30.15671],[-97.71093,30.15701],[-97.71062,30.15751],[-97.71138,30.1581],[-97.71206,30.15868],[-97.71308,30.15956],[-97.71318,30.15964],[-97.71352,30.15992],[-97.71361,30.15999],[-97.71441,30.16064],[-97.71688,30.16264],[-97.71694,30.16269],[-97.71915,30.16451],[-97.72002,30.16317],[-97.72004,30.16313],[-97.72384,30.16622],[-97.72385,30.16621],[-97.72393,30.16609],[-97.72402,30.16614],[-97.72339,30.16711],[-97.72324,30.16732],[-97.72319,30.16743],[-97.72311,30.16763],[-97.72303,30.16796],[-97.72247,30.17059],[-97.72246,30.17061],[-97.72242,30.17077],[-97.72212,30.1724],[-97.72211,30.17245],[-97.72211,30.17252],[-97.72205,30.17321],[-97.72156,30.17693],[-97.72152,30.17738],[-97.72124,30.17929],[-97.72123,30.17936],[-97.72115,30.17974],[-97.72108,30.18001],[-97.72096,30.18033],[-97.72088,30.18053],[-97.72071,30.18094],[-97.72043,30.18142],[-97.72022,30.18174],[-97.71992,30.18216],[-97.71962,30.18252],[-97.71939,30.18276],[-97.71908,30.18306],[-97.71904,30.18309],[-97.71776,30.18429],[-97.71767,30.18436],[-97.71762,30.1843],[-97.71755,30.18423],[-97.71745,30.18411],[-97.7174,30.18404],[-97.71734,30.18397],[-97.71723,30.18384],[-97.71686,30.1834],[-97.71634,30.18283],[-97.71608,30.18245],[-97.71601,30.18238],[-97.71597,30.18234],[-97.71586,30.18221],[-97.71572,30.1821],[-97.71568,30.18208],[-97.71563,30.182],[-97.71482,30.18165],[-97.71465,30.1817],[-97.71461,30.1817],[-97.71411,30.18212],[-97.71406,30.1822],[-97.71215,30.18228],[-97.71004,30.18176],[-97.70989,30.1817],[-97.70897,30.18141],[-97.70893,30.18141],[-97.70861,30.18133],[-97.70854,30.18131],[-97.70845,30.18132],[-97.70816,30.18133],[-97.70784,30.18136],[-97.70744,30.18138],[-97.70701,30.18142],[-97.70658,30.18147],[-97.70634,30.18153],[-97.70631,30.18153],[-97.70622,30.18163],[-97.70488,30.1831],[-97.70468,30.18313],[-97.70408,30.18369],[-97.70404,30.18365],[-97.70298,30.1846],[-97.70491,30.18616],[-97.70499,30.1862],[-97.70651,30.18476],[-97.7076,30.18566],[-97.70892,30.18674],[-97.709,30.18681],[-97.71292,30.18857],[-97.71297,30.1886],[-97.71299,30.18863],[-97.71333,30.18833],[-97.71339,30.18838],[-97.71344,30.18842],[-97.71348,30.18845],[-97.71389,30.18875],[-97.71404,30.18888],[-97.7141,30.18893],[-97.71425,30.18909],[-97.71432,30.18919],[-97.71439,30.1893],[-97.71442,30.18938],[-97.71446,30.18947],[-97.7145,30.18957],[-97.71452,30.18966],[-97.71455,30.18976],[-97.71456,30.18988],[-97.71456,30.18993],[-97.71456,30.18998],[-97.71455,30.19011],[-97.71426,30.19054],[-97.7141,30.19078],[-97.71353,30.19167],[-97.71247,30.19331],[-97.71237,30.19347],[-97.71206,30.19397],[-97.71153,30.19351],[-97.71036,30.19251],[-97.71038,30.1923],[-97.71043,30.19154],[-97.7102,30.19031],[-97.71018,30.19022],[-97.71014,30.19009],[-97.71013,30.19009],[-97.70988,30.19013],[-97.70951,30.19016],[-97.70917,30.19018],[-97.70885,30.19017],[-97.70796,30.19011],[-97.70796,30.19023],[-97.70794,30.19063],[-97.70793,30.19077],[-97.70702,30.19158],[-97.70523,30.19009],[-97.70485,30.19044],[-97.70358,30.1916],[-97.70172,30.1933],[-97.70171,30.19333],[-97.7017,30.19335],[-97.70169,30.19335],[-97.70167,30.19337],[-97.70165,30.19338],[-97.70164,30.19339],[-97.70162,30.1934],[-97.70151,30.19349],[-97.70127,30.19372],[-97.70094,30.19401],[-97.69916,30.19251],[-97.69865,30.1919],[-97.69863,30.19188],[-97.69853,30.19178],[-97.69825,30.19153],[-97.69765,30.19089],[-97.69618,30.18963],[-97.6932,30.18708],[-97.69325,30.18699],[-97.69503,30.18409],[-97.69588,30.18271],[-97.69731,30.1804],[-97.69727,30.18039],[-97.69716,30.18037],[-97.697,30.18035],[-97.69694,30.18033],[-97.69688,30.1803],[-97.69683,30.18027],[-97.69676,30.18024],[-97.69648,30.18015],[-97.69642,30.18011],[-97.69618,30.18007],[-97.69601,30.18001],[-97.69599,30.18],[-97.69594,30.17998],[-97.69582,30.17998],[-97.69578,30.17997],[-97.69563,30.1799],[-97.69551,30.17984],[-97.69549,30.17983],[-97.69542,30.17982],[-97.69518,30.1798],[-97.69514,30.17979],[-97.695,30.17975],[-97.69482,30.17969],[-97.6948,30.17969],[-97.69478,30.1797],[-97.69473,30.1797],[-97.69464,30.17967],[-97.69433,30.17954],[-97.69425,30.17952],[-97.69419,30.17952],[-97.69406,30.17956],[-97.694,30.17957],[-97.69398,30.17957],[-97.69394,30.17955],[-97.69393,30.17953],[-97.69376,30.17948],[-97.69335,30.1794],[-97.69311,30.17934],[-97.69277,30.17927],[-97.69245,30.17913],[-97.69233,30.17892],[-97.69227,30.17888],[-97.69211,30.17877],[-97.69165,30.17863],[-97.69108,30.17842],[-97.69087,30.17834],[-97.69082,30.17833],[-97.69072,30.17832],[-97.69052,30.17825],[-97.69038,30.17819],[-97.69023,30.17811],[-97.69009,30.17806],[-97.68983,30.17797],[-97.68953,30.17788],[-97.68937,30.17786],[-97.68925,30.17785],[-97.68918,30.17785],[-97.68913,30.17802],[-97.68853,30.18006],[-97.68782,30.18273],[-97.68765,30.1826],[-97.6876,30.18257],[-97.68741,30.18245],[-97.68739,30.18244],[-97.68658,30.18175],[-97.68641,30.1816],[-97.68636,30.18156],[-97.68625,30.18147],[-97.68619,30.18142],[-97.68608,30.1813],[-97.6858,30.18102],[-97.68567,30.18091],[-97.68562,30.18087],[-97.68552,30.1808],[-97.6854,30.1807],[-97.68526,30.18059],[-97.68515,30.1805],[-97.68512,30.18048],[-97.68509,30.18045],[-97.68507,30.18043],[-97.68504,30.18041],[-97.68502,30.18039],[-97.685,30.18037],[-97.68497,30.18035],[-97.68494,30.18033],[-97.68489,30.18028],[-97.68484,30.18023],[-97.68479,30.18018],[-97.68473,30.18012],[-97.6847,30.18009],[-97.68464,30.18003],[-97.68462,30.18],[-97.68458,30.17996],[-97.68455,30.17992],[-97.68453,30.1799],[-97.68417,30.17959],[-97.684,30.17944],[-97.68371,30.17919],[-97.68368,30.17918],[-97.68365,30.17917],[-97.68361,30.17914],[-97.68358,30.17912],[-97.68355,30.1791],[-97.68354,30.17909],[-97.68351,30.17907],[-97.68348,30.17905],[-97.68346,30.17903],[-97.68344,30.17902],[-97.68342,30.179],[-97.6834,30.17898],[-97.68336,30.17895],[-97.68333,30.17893],[-97.6833,30.17891],[-97.68327,30.17889],[-97.68326,30.17887],[-97.68323,30.17885],[-97.68301,30.17869],[-97.68271,30.17848],[-97.68264,30.17515],[-97.68154,30.17503],[-97.68144,30.17165],[-97.67972,30.17169],[-97.67956,30.17169],[-97.67835,30.17171],[-97.67835,30.17157],[-97.67834,30.17143],[-97.67819,30.17144],[-97.6782,30.17171],[-97.67511,30.17178],[-97.67516,30.17374],[-97.67501,30.17369],[-97.67501,30.17384],[-97.675,30.17464],[-97.67464,30.17449],[-97.6744,30.1744],[-97.67408,30.17427],[-97.67377,30.17415],[-97.67334,30.17398],[-97.67308,30.17387],[-97.67268,30.17375],[-97.67206,30.17356],[-97.67059,30.17311],[-97.66997,30.17288],[-97.66964,30.17275],[-97.66932,30.17263],[-97.669,30.17251],[-97.66875,30.17241],[-97.66814,30.17217],[-97.66801,30.17211],[-97.66773,30.172],[-97.6673,30.17182],[-97.66602,30.17127],[-97.6659,30.17122],[-97.66545,30.17104],[-97.66503,30.17088],[-97.66351,30.17034],[-97.66281,30.17008],[-97.66233,30.16987],[-97.66204,30.16976],[-97.66158,30.16947],[-97.66152,30.16942],[-97.66166,30.16929],[-97.66211,30.16888],[-97.6627,30.16853],[-97.66272,30.16849],[-97.66311,30.16787],[-97.6633,30.16761],[-97.66343,30.16767],[-97.66353,30.16771],[-97.66363,30.16777],[-97.6637,30.16783],[-97.66373,30.16788],[-97.66384,30.16793],[-97.66387,30.16784],[-97.66413,30.16795],[-97.66423,30.16799],[-97.66506,30.1684],[-97.66594,30.16879],[-97.66651,30.16916],[-97.66673,30.16914],[-97.66688,30.16911],[-97.66699,30.16908],[-97.66727,30.16904],[-97.66738,30.16903],[-97.66759,30.16902],[-97.6677,30.16902],[-97.66813,30.16898],[-97.6694,30.16887],[-97.6701,30.16914],[-97.67064,30.16902],[-97.67064,30.16897],[-97.67065,30.16848],[-97.67092,30.16859],[-97.67271,30.16861],[-97.67321,30.16916],[-97.6748,30.16646],[-97.67603,30.16677],[-97.67607,30.16367],[-97.67268,30.16242],[-97.6744,30.15873],[-97.67567,30.15606],[-97.6744,30.15547],[-97.67359,30.15509],[-97.67231,30.15442],[-97.67182,30.15416],[-97.67096,30.15364],[-97.67083,30.15349],[-97.67067,30.15322],[-97.6706,30.15308],[-97.67056,30.15296],[-97.67053,30.15287],[-97.67019,30.15307],[-97.66906,30.15351],[-97.6639,30.16139],[-97.66296,30.16095],[-97.66248,30.16174],[-97.6614,30.16121],[-97.66035,30.16069],[-97.66033,30.1607],[-97.65999,30.16052],[-97.65892,30.16],[-97.65757,30.15934],[-97.65676,30.15895],[-97.65805,30.15693],[-97.65648,30.15618],[-97.65623,30.15606],[-97.65608,30.15598],[-97.65573,30.15582],[-97.65549,30.1557],[-97.65466,30.15531],[-97.65368,30.15484],[-97.65332,30.1554],[-97.65115,30.15437],[-97.64962,30.15363],[-97.64978,30.15339],[-97.65038,30.15246],[-97.64599,30.15041],[-97.6441,30.14952],[-97.64298,30.14898],[-97.64647,30.14355],[-97.64661,30.14341],[-97.64674,30.14331],[-97.64694,30.14322],[-97.64708,30.1432],[-97.64725,30.1432],[-97.64741,30.14322],[-97.64757,30.14328],[-97.64964,30.13997],[-97.65012,30.13919],[-97.64791,30.1382],[-97.64614,30.13741],[-97.64767,30.13497],[-97.64812,30.13425],[-97.64835,30.13388],[-97.64886,30.13306],[-97.64891,30.133],[-97.64902,30.13289],[-97.64889,30.13283],[-97.64714,30.13198],[-97.64614,30.1315],[-97.64531,30.1311],[-97.64509,30.13099],[-97.64497,30.13093],[-97.64419,30.13052],[-97.64394,30.13054],[-97.64018,30.12875],[-97.63997,30.12855],[-97.64002,30.12834],[-97.6405,30.1275],[-97.64086,30.12702],[-97.63984,30.1265],[-97.63982,30.12659],[-97.63974,30.12671],[-97.63933,30.12651],[-97.63956,30.12614],[-97.63853,30.12529],[-97.63762,30.12453],[-97.63804,30.12412],[-97.63775,30.12391],[-97.63717,30.12344],[-97.63782,30.12286],[-97.63768,30.12274],[-97.63663,30.1237],[-97.63617,30.12331],[-97.63723,30.12236],[-97.63632,30.1216],[-97.63538,30.12244],[-97.63404,30.12365],[-97.63299,30.12275],[-97.63289,30.12284],[-97.63393,30.12374],[-97.63262,30.12492],[-97.63672,30.12847],[-97.63514,30.13092],[-97.63488,30.13133],[-97.62802,30.12795],[-97.62603,30.12696],[-97.62591,30.12692],[-97.62554,30.12748],[-97.62496,30.12838],[-97.62507,30.12842],[-97.62631,30.12902],[-97.62645,30.12909],[-97.62731,30.12776],[-97.63141,30.12976],[-97.63052,30.13113],[-97.63049,30.13118],[-97.63176,30.13189],[-97.63137,30.13236],[-97.6307,30.13202],[-97.63072,30.13199],[-97.63014,30.13172],[-97.62988,30.13213],[-97.62937,30.13292],[-97.62528,30.13096],[-97.62376,30.13023],[-97.62368,30.13035],[-97.6245,30.13075],[-97.62528,30.13112],[-97.62912,30.13296],[-97.62883,30.13341],[-97.62816,30.13445],[-97.62762,30.13528],[-97.62728,30.13472],[-97.62691,30.13412],[-97.62547,30.13634],[-97.62528,30.13663],[-97.62505,30.13699],[-97.62498,30.13696],[-97.62483,30.13719],[-97.62471,30.13737],[-97.62419,30.13818],[-97.62373,30.13889],[-97.62148,30.13776],[-97.62271,30.13582],[-97.62151,30.13523],[-97.62085,30.13492],[-97.62078,30.13488],[-97.61913,30.1374],[-97.61956,30.13759],[-97.619,30.13845],[-97.61867,30.13829],[-97.61858,30.13824],[-97.61819,30.13885],[-97.62064,30.14001],[-97.62433,30.1418],[-97.62336,30.14329],[-97.62319,30.14356],[-97.6226,30.14455],[-97.62244,30.1448],[-97.62207,30.14542],[-97.62203,30.14548],[-97.61616,30.14269],[-97.61603,30.14252],[-97.61602,30.14229],[-97.61577,30.14267],[-97.61507,30.14375],[-97.6143,30.14495],[-97.61373,30.14583],[-97.61358,30.14607],[-97.61327,30.14653],[-97.61586,30.14781],[-97.61652,30.14814],[-97.61727,30.14851],[-97.61753,30.14864],[-97.61771,30.14873],[-97.62001,30.14986],[-97.6201,30.1499],[-97.62192,30.15079],[-97.6216,30.15129],[-97.6215,30.15146],[-97.62159,30.15149],[-97.62177,30.15157],[-97.62248,30.1519],[-97.62281,30.15206],[-97.62344,30.15235],[-97.62494,30.15304],[-97.62565,30.15338],[-97.62595,30.15352],[-97.62563,30.15403],[-97.62543,30.15435],[-97.62536,30.15446],[-97.62467,30.15555],[-97.62383,30.15687],[-97.62569,30.15776],[-97.62598,30.1579],[-97.62712,30.15845],[-97.62951,30.1596],[-97.6302,30.15993],[-97.63069,30.16017],[-97.63308,30.16132],[-97.63459,30.16204],[-97.63581,30.16267],[-97.63576,30.16274],[-97.63552,30.16313],[-97.63425,30.1651],[-97.63323,30.1667],[-97.63186,30.16773],[-97.63159,30.16793],[-97.62976,30.16704],[-97.62913,30.16674],[-97.62531,30.16485],[-97.62356,30.164],[-97.62361,30.16399],[-97.62389,30.16366],[-97.6239,30.16365],[-97.62415,30.16362],[-97.62423,30.16361],[-97.62475,30.16393],[-97.62497,30.16416],[-97.62575,30.16409],[-97.62652,30.16409],[-97.62662,30.1641],[-97.62467,30.16318],[-97.62387,30.1628],[-97.62291,30.16233],[-97.62011,30.16096],[-97.61821,30.16003],[-97.61641,30.15914],[-97.61553,30.15871],[-97.61513,30.15852],[-97.61412,30.15802],[-97.614,30.15796],[-97.61441,30.15741],[-97.61485,30.15679],[-97.61549,30.15591],[-97.61619,30.15484],[-97.61697,30.1536],[-97.61513,30.15275],[-97.61118,30.15085],[-97.61069,30.15061],[-97.61064,30.15059],[-97.61058,30.15056],[-97.60954,30.15217],[-97.60951,30.15222],[-97.60911,30.15284],[-97.60794,30.15466],[-97.60417,30.1605],[-97.60415,30.16054],[-97.60419,30.16056],[-97.60807,30.16222],[-97.60814,30.16226],[-97.61,30.16317],[-97.61109,30.1637],[-97.61426,30.16521],[-97.61562,30.16587],[-97.61604,30.16608],[-97.61606,30.16609],[-97.61598,30.16621],[-97.61499,30.1676],[-97.61302,30.16666],[-97.61257,30.16732],[-97.61217,30.16793],[-97.61198,30.1682],[-97.61153,30.16888],[-97.61142,30.16905],[-97.61064,30.16869],[-97.61024,30.16931],[-97.61002,30.16963],[-97.60982,30.16994],[-97.60907,30.17112],[-97.60858,30.17188],[-97.60786,30.17302],[-97.61271,30.17532],[-97.6128,30.17536],[-97.61547,30.17663],[-97.61683,30.17727],[-97.61697,30.17736],[-97.61608,30.17775],[-97.6157,30.17795],[-97.61519,30.1783],[-97.61487,30.17863],[-97.61482,30.17869],[-97.61495,30.17874],[-97.61564,30.17907],[-97.61709,30.17977],[-97.62002,30.18119],[-97.6188,30.18345],[-97.61896,30.18353],[-97.61979,30.18392],[-97.6206,30.1843],[-97.62096,30.18446],[-97.62127,30.18461],[-97.62528,30.18199],[-97.62848,30.1799],[-97.63064,30.17848],[-97.63185,30.17769],[-97.63402,30.17627],[-97.63509,30.17677],[-97.6355,30.17697],[-97.63604,30.17723],[-97.63649,30.17745],[-97.63749,30.17792],[-97.63514,30.18182],[-97.63663,30.18255],[-97.63758,30.18303],[-97.63964,30.18416],[-97.64056,30.18458],[-97.64196,30.18522],[-97.64106,30.18523],[-97.64052,30.18524],[-97.64024,30.18544],[-97.63998,30.18549],[-97.6399,30.18552],[-97.63979,30.18558],[-97.63971,30.18562],[-97.63952,30.18573],[-97.63938,30.18592],[-97.63922,30.18602],[-97.63894,30.1862],[-97.63875,30.18634],[-97.63861,30.1864],[-97.63842,30.18648],[-97.63824,30.18663],[-97.63816,30.1867],[-97.63791,30.18681],[-97.63783,30.18684],[-97.63737,30.18711],[-97.63666,30.18754],[-97.63655,30.18755],[-97.63647,30.18755],[-97.63643,30.18755],[-97.63615,30.18764],[-97.6359,30.18779],[-97.63577,30.18776],[-97.63287,30.18532],[-97.63273,30.18546],[-97.63234,30.18644],[-97.63229,30.18685],[-97.63239,30.1871],[-97.63256,30.18722],[-97.63262,30.18745],[-97.63262,30.18782],[-97.63268,30.18819],[-97.63283,30.18848],[-97.63282,30.18849],[-97.63283,30.18851],[-97.63287,30.18863],[-97.63284,30.18893],[-97.63271,30.18918],[-97.63239,30.18937],[-97.63228,30.1894],[-97.63213,30.18943],[-97.63209,30.18943],[-97.63193,30.18944],[-97.63186,30.18944],[-97.63159,30.18942],[-97.63242,30.18977],[-97.63253,30.18993],[-97.63242,30.19033],[-97.63171,30.1912],[-97.63098,30.19089],[-97.63054,30.19081],[-97.63018,30.19082],[-97.6299,30.19086],[-97.62891,30.19083],[-97.6285,30.19079],[-97.62799,30.19072],[-97.62754,30.19062],[-97.62712,30.19055],[-97.6264,30.19041],[-97.62633,30.19055],[-97.62604,30.19159],[-97.62569,30.19247],[-97.62532,30.19333],[-97.62493,30.19409],[-97.6246,30.19479],[-97.62456,30.19487],[-97.62429,30.19464],[-97.62389,30.1943],[-97.62365,30.19409],[-97.62158,30.19233],[-97.62119,30.19197],[-97.61935,30.19026],[-97.61916,30.19009],[-97.6184,30.18937],[-97.61825,30.18943],[-97.61804,30.1895],[-97.61771,30.18962],[-97.61734,30.1897],[-97.61663,30.18988],[-97.61633,30.19012],[-97.61598,30.19037],[-97.61577,30.19052],[-97.61551,30.19095],[-97.6155,30.19128],[-97.61549,30.19141],[-97.61547,30.19168],[-97.61549,30.19175],[-97.61457,30.19165],[-97.61381,30.19267],[-97.61362,30.19293],[-97.61308,30.19365],[-97.61252,30.19441],[-97.61264,30.19662],[-97.61272,30.1979],[-97.61128,30.19892],[-97.60979,30.19997],[-97.60969,30.20004],[-97.60956,30.19992],[-97.60935,30.19975],[-97.60901,30.19951],[-97.60895,30.19949],[-97.60868,30.19936],[-97.60845,30.19925],[-97.60839,30.19922],[-97.60775,30.1989],[-97.60744,30.19875],[-97.60663,30.19837],[-97.60576,30.19858],[-97.60572,30.19874],[-97.60539,30.19968],[-97.6048,30.19982],[-97.60445,30.1999],[-97.60382,30.19997],[-97.60351,30.20006],[-97.60328,30.20014],[-97.60269,30.20033],[-97.6026,30.20036],[-97.60241,30.20042],[-97.6012,30.19989],[-97.60099,30.19979],[-97.60054,30.19959],[-97.60065,30.19942],[-97.60101,30.19886],[-97.60124,30.1985],[-97.60312,30.19558],[-97.60343,30.19509],[-97.60378,30.19456],[-97.60389,30.19437],[-97.60435,30.19367],[-97.60454,30.19337],[-97.60437,30.19332],[-97.60421,30.19328],[-97.60394,30.1932],[-97.60322,30.193],[-97.60263,30.19283],[-97.60253,30.1928],[-97.6024,30.19276],[-97.60141,30.19245],[-97.60119,30.19238],[-97.60097,30.19231],[-97.60121,30.19193],[-97.60141,30.19162],[-97.60144,30.19157],[-97.60181,30.19097],[-97.60261,30.18971],[-97.60341,30.18845],[-97.60359,30.18815],[-97.60345,30.18722],[-97.60343,30.18708],[-97.6027,30.18718],[-97.60246,30.1872],[-97.60217,30.18724],[-97.60189,30.18728],[-97.59813,30.18775],[-97.59796,30.18777],[-97.59796,30.18778],[-97.59796,30.18781],[-97.59798,30.18825],[-97.59761,30.18887],[-97.59682,30.19019],[-97.59341,30.1959],[-97.59319,30.19627],[-97.5931,30.19623],[-97.59278,30.19674],[-97.59254,30.19711],[-97.59209,30.19783],[-97.59141,30.1989],[-97.59106,30.19945],[-97.59043,30.20042],[-97.58856,30.20334],[-97.58839,30.20361],[-97.58701,30.20583],[-97.58706,30.20584],[-97.58712,30.20583],[-97.58722,30.20584],[-97.58741,30.2058],[-97.58745,30.2058],[-97.58761,30.20574],[-97.58771,30.2057],[-97.58785,30.20564],[-97.58788,30.20563],[-97.58801,30.20558],[-97.58806,30.20556],[-97.58816,30.20554],[-97.58844,30.20553],[-97.58865,30.20544],[-97.58899,30.20547],[-97.58914,30.20549],[-97.58916,30.20548],[-97.58949,30.20532],[-97.59004,30.20514],[-97.59012,30.20511],[-97.59035,30.20502],[-97.59043,30.205],[-97.59069,30.2049],[-97.59115,30.2048],[-97.59142,30.20474],[-97.5922,30.20471],[-97.59341,30.20472],[-97.59352,30.20474],[-97.59412,30.20489],[-97.59435,30.20498],[-97.59456,30.20506],[-97.59485,30.20519],[-97.59518,30.20534],[-97.59528,30.20539],[-97.59544,30.20547],[-97.5955,30.2055],[-97.59552,30.20551],[-97.59628,30.20588],[-97.59716,30.20631],[-97.59759,30.2065],[-97.59777,30.20658],[-97.59793,30.2066],[-97.59875,30.20666],[-97.59882,30.20666],[-97.59905,30.20665],[-97.59933,30.20647],[-97.59947,30.20638],[-97.59973,30.20611],[-97.59975,30.20608],[-97.59983,30.20597],[-97.59992,30.20583],[-97.59994,30.20579],[-97.6008,30.20643],[-97.60104,30.20661],[-97.60079,30.20685],[-97.60032,30.20729],[-97.60076,30.20763],[-97.60407,30.2102],[-97.60425,30.21034],[-97.60439,30.21034],[-97.60449,30.21034],[-97.60657,30.21024],[-97.60996,30.21009],[-97.61198,30.21198],[-97.61226,30.2118],[-97.61236,30.21195],[-97.61371,30.2131],[-97.61435,30.21317],[-97.61514,30.21287],[-97.61595,30.21253],[-97.61667,30.21201],[-97.61691,30.21189],[-97.61695,30.21194],[-97.61751,30.21161],[-97.61842,30.21111],[-97.6193,30.21066],[-97.61966,30.21047],[-97.61983,30.21043],[-97.62075,30.21024],[-97.62094,30.21021],[-97.62165,30.21012],[-97.62177,30.2101],[-97.62204,30.21006],[-97.62212,30.21006],[-97.6222,30.21005],[-97.62274,30.20994],[-97.62421,30.20967],[-97.62496,30.20956],[-97.62528,30.20952],[-97.62568,30.20941],[-97.62587,30.20938],[-97.62627,30.20933],[-97.62638,30.20931],[-97.62752,30.20902],[-97.62773,30.20893],[-97.62834,30.20869],[-97.62779,30.20924],[-97.6274,30.20963],[-97.62691,30.21013],[-97.62614,30.2109],[-97.62697,30.21066],[-97.62722,30.21058],[-97.62746,30.21052],[-97.62781,30.21043],[-97.62836,30.2103],[-97.6285,30.21026],[-97.62872,30.21018],[-97.62876,30.21017],[-97.62932,30.20996],[-97.63078,30.20934],[-97.63156,30.20901],[-97.63162,30.20899],[-97.63167,30.20897],[-97.63172,30.20895],[-97.63175,30.20894],[-97.63179,30.20893],[-97.63182,30.20891],[-97.63191,30.20888],[-97.63199,30.20886],[-97.63202,30.20884],[-97.63211,30.20881],[-97.63214,30.2088],[-97.63219,30.20879],[-97.63226,30.20877],[-97.63237,30.20873],[-97.63244,30.20871],[-97.6325,30.20869],[-97.63261,30.20866],[-97.63268,30.20864],[-97.63273,30.20863],[-97.63277,30.20861],[-97.63283,30.2086],[-97.63288,30.20857],[-97.63296,30.20856],[-97.63301,30.20855],[-97.63306,30.20854],[-97.6331,30.20854],[-97.63317,30.20853],[-97.63321,30.20853],[-97.63325,30.20853],[-97.63332,30.20853],[-97.63339,30.20853],[-97.63347,30.20854],[-97.63408,30.20863],[-97.63525,30.2088],[-97.63571,30.20886],[-97.63772,30.20914],[-97.63797,30.20918],[-97.63808,30.20922],[-97.6382,30.20926],[-97.63899,30.20929],[-97.63917,30.20931],[-97.63924,30.20931],[-97.63934,30.20932],[-97.64,30.20957],[-97.64037,30.20972],[-97.64043,30.20975],[-97.64064,30.20983],[-97.64084,30.20998],[-97.64104,30.21013],[-97.64137,30.21037],[-97.64179,30.21056],[-97.64185,30.21058],[-97.6419,30.21061],[-97.64196,30.21065],[-97.64199,30.21066],[-97.64207,30.21071],[-97.64213,30.21074],[-97.64218,30.21077],[-97.64224,30.2108],[-97.64229,30.21082],[-97.64236,30.21085],[-97.64239,30.21086],[-97.64242,30.21087],[-97.64254,30.21092],[-97.6426,30.21094],[-97.64267,30.21096],[-97.64273,30.21098],[-97.64278,30.211],[-97.64281,30.21101],[-97.64286,30.21102],[-97.64293,30.21104],[-97.64305,30.21107],[-97.6431,30.21108],[-97.64323,30.2111],[-97.64341,30.21114],[-97.6436,30.21119],[-97.64409,30.2113],[-97.64474,30.21145],[-97.6448,30.21148],[-97.64517,30.21159],[-97.64524,30.21161],[-97.6453,30.21163],[-97.64534,30.21164],[-97.64541,30.21166],[-97.64545,30.21168],[-97.64556,30.21172],[-97.64559,30.21173],[-97.64564,30.21175],[-97.64571,30.21177],[-97.64574,30.21179],[-97.64579,30.2118],[-97.64582,30.21182],[-97.64586,30.21183],[-97.64592,30.21186],[-97.64595,30.21188],[-97.64608,30.21193],[-97.64615,30.21197],[-97.64622,30.212],[-97.64625,30.21202],[-97.64629,30.21204],[-97.64636,30.21208],[-97.64643,30.21211],[-97.64649,30.21214],[-97.6465,30.21216],[-97.64654,30.21218],[-97.64657,30.2122],[-97.64661,30.21222],[-97.64664,30.21224],[-97.64671,30.21228],[-97.64677,30.21232],[-97.64684,30.21237],[-97.6469,30.21241],[-97.64696,30.21245],[-97.64703,30.2125],[-97.64706,30.21253],[-97.64709,30.21255],[-97.64715,30.2126],[-97.64721,30.21265],[-97.64724,30.21267],[-97.64727,30.2127],[-97.64733,30.21274],[-97.64735,30.21276],[-97.64739,30.21279],[-97.64744,30.21285],[-97.6475,30.2129],[-97.64755,30.21296],[-97.64758,30.21298],[-97.64761,30.21301],[-97.64766,30.21307],[-97.64768,30.21309],[-97.64771,30.21312],[-97.64775,30.21317],[-97.64783,30.21326],[-97.64873,30.21423],[-97.64881,30.21432],[-97.64884,30.21435],[-97.64908,30.21463],[-97.64921,30.21473],[-97.64925,30.21477],[-97.64927,30.21479],[-97.64949,30.21497],[-97.64965,30.2151],[-97.6497,30.21514],[-97.6498,30.21522],[-97.64992,30.21534],[-97.65035,30.21573],[-97.65072,30.21619],[-97.65111,30.21665],[-97.65128,30.21686],[-97.65187,30.21755],[-97.65271,30.21856],[-97.65313,30.21907],[-97.65381,30.21997],[-97.654,30.22016],[-97.65435,30.22053],[-97.655,30.22117],[-97.65527,30.22143],[-97.65555,30.22175],[-97.6558,30.22204],[-97.65587,30.22217],[-97.65599,30.2224],[-97.65623,30.22277],[-97.65669,30.22367],[-97.65674,30.22383],[-97.65682,30.22406],[-97.65704,30.22474],[-97.65749,30.22578],[-97.65749,30.22598],[-97.65749,30.22613],[-97.65749,30.22636],[-97.65748,30.22649],[-97.65746,30.22663],[-97.65746,30.22685],[-97.65743,30.22692],[-97.6574,30.227],[-97.65737,30.22707],[-97.65735,30.22712],[-97.65733,30.22715],[-97.6573,30.2272],[-97.65725,30.22733],[-97.65629,30.22835],[-97.65396,30.23061],[-97.65394,30.23063],[-97.65355,30.23108],[-97.65344,30.23121],[-97.65331,30.23135],[-97.6532,30.23148],[-97.65303,30.23176],[-97.65301,30.23181],[-97.65262,30.23244],[-97.65259,30.2325],[-97.65249,30.2326],[-97.65236,30.23273],[-97.65197,30.23317],[-97.65132,30.2337],[-97.65125,30.23375],[-97.6512,30.23379],[-97.65114,30.23382],[-97.651,30.23388],[-97.65081,30.23396],[-97.65053,30.23409],[-97.6504,30.23415],[-97.65002,30.23431],[-97.64926,30.23464],[-97.64899,30.23474],[-97.64885,30.23478],[-97.64816,30.23503],[-97.64806,30.23505],[-97.64803,30.23506],[-97.64777,30.23513],[-97.64725,30.23526],[-97.64709,30.2353],[-97.64678,30.23538],[-97.64632,30.23544],[-97.64629,30.23545],[-97.64623,30.23546],[-97.64554,30.23559],[-97.64533,30.23561],[-97.64519,30.23562],[-97.64477,30.23566],[-97.64377,30.23584],[-97.64352,30.23589],[-97.64295,30.23601],[-97.64261,30.23608],[-97.64208,30.23618],[-97.64134,30.23634],[-97.63952,30.23673],[-97.63911,30.23681],[-97.63824,30.23702],[-97.63668,30.23738],[-97.63641,30.23745],[-97.63569,30.23763],[-97.63536,30.23772],[-97.63527,30.23775],[-97.63509,30.23783],[-97.63506,30.23784],[-97.63494,30.2379],[-97.63287,30.23871],[-97.63254,30.23885],[-97.63228,30.23896],[-97.63224,30.23898],[-97.6322,30.239],[-97.63205,30.23906],[-97.63196,30.2391],[-97.63163,30.23924],[-97.6311,30.23947],[-97.63037,30.24034],[-97.63005,30.24075],[-97.63,30.24083],[-97.6298,30.24108],[-97.6294,30.2417],[-97.62907,30.24219],[-97.62898,30.24232],[-97.62883,30.24253],[-97.62839,30.24321],[-97.62765,30.24439],[-97.62724,30.24504],[-97.62617,30.24674],[-97.62562,30.24758],[-97.62538,30.24814],[-97.62528,30.24832],[-97.62523,30.24842],[-97.62522,30.24847],[-97.6252,30.24853],[-97.62515,30.24866],[-97.62515,30.24873],[-97.62499,30.2492],[-97.62497,30.24931],[-97.62496,30.24934],[-97.62482,30.24959],[-97.62451,30.25018],[-97.6245,30.25054],[-97.6245,30.25125],[-97.6245,30.2514],[-97.62452,30.25197],[-97.6252,30.25537],[-97.62523,30.25555],[-97.62526,30.2556],[-97.6253,30.25569],[-97.62533,30.25574],[-97.62537,30.25579],[-97.6254,30.25583],[-97.62542,30.25586],[-97.62544,30.25588],[-97.62548,30.25592],[-97.62551,30.25597],[-97.62555,30.256],[-97.6256,30.25606],[-97.62564,30.2561],[-97.62572,30.25618],[-97.62576,30.25622],[-97.62581,30.25626],[-97.62585,30.2563],[-97.6259,30.25634],[-97.62595,30.25637],[-97.626,30.25641],[-97.62605,30.25644],[-97.6261,30.25648],[-97.62615,30.25651],[-97.6262,30.25655],[-97.62625,30.25658],[-97.62628,30.25659],[-97.62636,30.25664],[-97.62647,30.25669],[-97.62652,30.25672],[-97.62664,30.25678],[-97.62675,30.25682],[-97.6268,30.25684],[-97.62686,30.25686],[-97.62689,30.25687],[-97.62693,30.25689],[-97.62695,30.25689],[-97.62699,30.2569],[-97.62702,30.25691],[-97.62705,30.25692],[-97.6271,30.25694],[-97.62717,30.25696],[-97.62723,30.25697],[-97.62736,30.257],[-97.6274,30.25701],[-97.62742,30.25701],[-97.62744,30.25701],[-97.62748,30.25702],[-97.6276,30.25704],[-97.62767,30.25705],[-97.62782,30.25708],[-97.62791,30.25711],[-97.62801,30.25713],[-97.62809,30.25715],[-97.62819,30.25716],[-97.62824,30.25716],[-97.62831,30.25717],[-97.6284,30.25717],[-97.62849,30.25717],[-97.62854,30.25717],[-97.6286,30.25717],[-97.62869,30.25716],[-97.62874,30.25715],[-97.62877,30.25715],[-97.6288,30.25715],[-97.62886,30.25713],[-97.62889,30.25713],[-97.62898,30.25711],[-97.62905,30.25709],[-97.62908,30.25708],[-97.62911,30.25707],[-97.62916,30.25704],[-97.62925,30.25699],[-97.62933,30.25695],[-97.62938,30.25692],[-97.62942,30.25691],[-97.62947,30.25688],[-97.62951,30.25687],[-97.6296,30.25684],[-97.62969,30.25681],[-97.62976,30.2568],[-97.6298,30.25679],[-97.62989,30.25677],[-97.62998,30.25676],[-97.63008,30.25675],[-97.63011,30.25675],[-97.63018,30.25674],[-97.63152,30.25663],[-97.63171,30.25661],[-97.63188,30.25659],[-97.63208,30.25656],[-97.63217,30.25655],[-97.63227,30.25658],[-97.63231,30.25659],[-97.63235,30.2566],[-97.63239,30.25661],[-97.63243,30.25662],[-97.6325,30.25663],[-97.63256,30.25663],[-97.63259,30.25664],[-97.63267,30.25664],[-97.63275,30.25664],[-97.63284,30.25663],[-97.63291,30.25662],[-97.63296,30.25662],[-97.63299,30.25661],[-97.63309,30.25659],[-97.63313,30.25658],[-97.63316,30.25657],[-97.63369,30.25661],[-97.63431,30.25667],[-97.63441,30.25667],[-97.63412,30.25714],[-97.63405,30.25723],[-97.63403,30.25726],[-97.6338,30.25759],[-97.63375,30.25767],[-97.6337,30.25773],[-97.63365,30.25781],[-97.63355,30.25796],[-97.63351,30.25801],[-97.63349,30.25804],[-97.63336,30.25822],[-97.63335,30.25825],[-97.63333,30.25827],[-97.63321,30.25844],[-97.63318,30.25848],[-97.63307,30.25865],[-97.63302,30.25872],[-97.63285,30.25896],[-97.63269,30.25919],[-97.63252,30.25942],[-97.63234,30.25967],[-97.63225,30.25981],[-97.63222,30.25985],[-97.63219,30.2599],[-97.63208,30.26006],[-97.63202,30.26014],[-97.63185,30.26037],[-97.63182,30.26042],[-97.63178,30.26047],[-97.63173,30.26054],[-97.63169,30.26061],[-97.63162,30.26071],[-97.63159,30.26074],[-97.63153,30.26083],[-97.63151,30.26086],[-97.63147,30.26092],[-97.63143,30.26098],[-97.63123,30.26125],[-97.63121,30.26128],[-97.63107,30.2615],[-97.63091,30.26174],[-97.63085,30.26181],[-97.63077,30.26193],[-97.63062,30.26235],[-97.63062,30.26245],[-97.63056,30.26261],[-97.63048,30.26274],[-97.63014,30.26326],[-97.63013,30.26328],[-97.63008,30.26336],[-97.62984,30.26375],[-97.62976,30.26386],[-97.6295,30.26429],[-97.62946,30.26435],[-97.62939,30.26445],[-97.62933,30.26456],[-97.6293,30.2646],[-97.62925,30.26467],[-97.62912,30.26489],[-97.62903,30.26502],[-97.62898,30.26511],[-97.6289,30.26524],[-97.62885,30.26532],[-97.62872,30.26553],[-97.62863,30.26565],[-97.62854,30.26581],[-97.62848,30.26589],[-97.62843,30.26597],[-97.62745,30.26751],[-97.62689,30.26835],[-97.62666,30.26872],[-97.62735,30.26921],[-97.62831,30.26989],[-97.62877,30.27012],[-97.62889,30.27017],[-97.62982,30.27064],[-97.63054,30.27089],[-97.63113,30.27109],[-97.63126,30.27114],[-97.63162,30.27127],[-97.63199,30.2714],[-97.63194,30.27147],[-97.63193,30.2715],[-97.6318,30.2717],[-97.63107,30.27285],[-97.63089,30.27314],[-97.63062,30.27357],[-97.63002,30.27454],[-97.62911,30.27597],[-97.62886,30.27637],[-97.62799,30.27778],[-97.62785,30.27797],[-97.62783,30.27799],[-97.62783,30.278],[-97.62781,30.27802],[-97.62779,30.27806],[-97.62699,30.27768],[-97.62662,30.27751],[-97.62489,30.27668],[-97.62423,30.27637],[-97.624,30.27626],[-97.62396,30.27624],[-97.62392,30.2763],[-97.62377,30.27653],[-97.62376,30.27655],[-97.62363,30.27675],[-97.62349,30.27698],[-97.62345,30.27703],[-97.62321,30.27741],[-97.62311,30.27757],[-97.62305,30.27767],[-97.62301,30.27773],[-97.62297,30.27779],[-97.62295,30.27783],[-97.62284,30.27801],[-97.62277,30.27811],[-97.62274,30.27816],[-97.62272,30.27819],[-97.62269,30.27824],[-97.62266,30.27829],[-97.62261,30.27837],[-97.62256,30.27845],[-97.62252,30.2785],[-97.6225,30.27854],[-97.62248,30.27857],[-97.62247,30.27858],[-97.62252,30.2786],[-97.62502,30.27978],[-97.62506,30.27972],[-97.62592,30.28012],[-97.62639,30.28034],[-97.62651,30.28039],[-97.62761,30.28092],[-97.62727,30.28146],[-97.6259,30.28363],[-97.62585,30.28372],[-97.62676,30.28415],[-97.6276,30.28454],[-97.62812,30.28479],[-97.62839,30.28491],[-97.62865,30.28452],[-97.62895,30.28404],[-97.62914,30.28374],[-97.62955,30.28308],[-97.6297,30.28283],[-97.63016,30.28209],[-97.63021,30.28202],[-97.63023,30.28197],[-97.6304,30.28169],[-97.63047,30.28158],[-97.63066,30.28127],[-97.63076,30.28111],[-97.63081,30.28103],[-97.63083,30.28096],[-97.63084,30.28095],[-97.63089,30.28088],[-97.63095,30.28078],[-97.63097,30.28077],[-97.63105,30.28064],[-97.6311,30.28056],[-97.63129,30.28025],[-97.63176,30.27952],[-97.6319,30.2793],[-97.63223,30.27876],[-97.63244,30.27843],[-97.63253,30.2783],[-97.63266,30.27807],[-97.63274,30.27795],[-97.63286,30.27778],[-97.63296,30.27761],[-97.63306,30.27746],[-97.63315,30.2775],[-97.6336,30.27771],[-97.63559,30.27865],[-97.63579,30.27874],[-97.63595,30.27886],[-97.63572,30.27921],[-97.63488,30.28051],[-97.63434,30.28134],[-97.63432,30.28137],[-97.63452,30.28146],[-97.63577,30.28203],[-97.6381,30.28318],[-97.63816,30.28321],[-97.63844,30.28334],[-97.63855,30.28339],[-97.63858,30.28341],[-97.63865,30.28344],[-97.63876,30.28349],[-97.63881,30.28351],[-97.63882,30.28352],[-97.63887,30.28354],[-97.63898,30.28359],[-97.63908,30.28364],[-97.63911,30.28366],[-97.63915,30.28367],[-97.63919,30.28369],[-97.63921,30.2837],[-97.63926,30.28372],[-97.6393,30.28375],[-97.63934,30.28376],[-97.6394,30.28379],[-97.63943,30.2838],[-97.63946,30.28382],[-97.6395,30.28384],[-97.63959,30.28388],[-97.63962,30.28389],[-97.63965,30.2839],[-97.63971,30.28394],[-97.63982,30.28399],[-97.63992,30.28403],[-97.64,30.28406],[-97.64003,30.28408],[-97.64014,30.28413],[-97.6402,30.28416],[-97.63997,30.28444],[-97.63949,30.28504],[-97.63901,30.28563],[-97.63853,30.28622],[-97.63805,30.28681],[-97.63756,30.28741],[-97.63713,30.28794],[-97.63683,30.28831],[-97.63629,30.28897],[-97.63621,30.28907],[-97.63443,30.29127],[-97.63339,30.29075],[-97.63275,30.29043],[-97.63266,30.29054],[-97.63261,30.29061],[-97.63244,30.29084],[-97.63235,30.2908],[-97.6292,30.28929],[-97.62896,30.28966],[-97.62889,30.28979],[-97.62875,30.28971],[-97.6261,30.28853],[-97.62553,30.28941],[-97.62529,30.28993],[-97.62484,30.29061],[-97.62469,30.29083],[-97.62454,30.29106],[-97.62441,30.29126],[-97.62435,30.29134],[-97.62422,30.29154],[-97.62347,30.29263],[-97.62339,30.29274],[-97.6233,30.2927],[-97.62315,30.29262],[-97.62122,30.29171],[-97.61972,30.29098],[-97.62016,30.29029],[-97.62054,30.2897],[-97.62097,30.28903],[-97.62131,30.2885],[-97.62172,30.28785],[-97.62218,30.28712],[-97.62226,30.287],[-97.62215,30.28695],[-97.62136,30.28656],[-97.61836,30.28511],[-97.61558,30.2838],[-97.61498,30.28352],[-97.61459,30.2833],[-97.61385,30.28283],[-97.61279,30.28256],[-97.60915,30.28163],[-97.61005,30.28025],[-97.60945,30.27996],[-97.60619,30.27838],[-97.60385,30.27724],[-97.60426,30.27654],[-97.60444,30.27622],[-97.60498,30.27533],[-97.60546,30.27453],[-97.6055,30.27446],[-97.60472,30.27408],[-97.6047,30.27407],[-97.60444,30.27394],[-97.60441,30.27393],[-97.60438,30.27391],[-97.60432,30.27388],[-97.60424,30.274],[-97.60408,30.27424],[-97.60289,30.27616],[-97.60273,30.27609],[-97.60264,30.27604],[-97.60258,30.27601],[-97.6017,30.27557],[-97.60132,30.27617],[-97.60132,30.27619],[-97.60128,30.27626],[-97.59996,30.27588],[-97.60018,30.27552],[-97.60113,30.27412],[-97.60193,30.27276],[-97.6023,30.27213],[-97.60468,30.26834],[-97.59883,30.26548],[-97.59881,30.26551],[-97.5986,30.26585],[-97.59837,30.26621],[-97.59814,30.26657],[-97.59773,30.2672],[-97.59708,30.26821],[-97.59592,30.27006],[-97.59422,30.27276],[-97.59414,30.27287],[-97.59407,30.27296],[-97.59195,30.27635],[-97.59298,30.27681],[-97.59248,30.27759],[-97.59266,30.27768],[-97.59358,30.27814],[-97.59462,30.27866],[-97.59536,30.27903],[-97.59515,30.27937],[-97.59477,30.27997],[-97.59249,30.27799],[-97.59188,30.27746],[-97.59148,30.27711],[-97.59125,30.27747],[-97.59111,30.27768],[-97.59083,30.27812],[-97.59096,30.27829],[-97.59103,30.27835],[-97.59128,30.27856],[-97.59194,30.27911],[-97.59413,30.28097],[-97.59582,30.28201],[-97.59595,30.28209],[-97.59583,30.28226],[-97.59482,30.28388],[-97.59432,30.28463],[-97.5941,30.2849],[-97.59387,30.28516],[-97.59362,30.28541],[-97.59338,30.28564],[-97.59316,30.28583],[-97.59288,30.28607],[-97.59255,30.28632],[-97.59125,30.28722],[-97.59046,30.28783],[-97.58899,30.28847],[-97.58887,30.28849],[-97.58859,30.28855],[-97.58828,30.28859],[-97.58789,30.28862],[-97.58753,30.28863],[-97.58632,30.28861],[-97.585,30.28858],[-97.58439,30.28857],[-97.58358,30.28856],[-97.58352,30.28856],[-97.57903,30.28846],[-97.57428,30.29624],[-97.5741,30.29656],[-97.57401,30.2967],[-97.57394,30.29682],[-97.57392,30.29685],[-97.5739,30.29689],[-97.57388,30.29692],[-97.57252,30.29915],[-97.57239,30.29938],[-97.57234,30.29947],[-97.57233,30.29948],[-97.57232,30.29951],[-97.57237,30.29953],[-97.57245,30.29957],[-97.57247,30.29958],[-97.57297,30.29982],[-97.5731,30.29988],[-97.57578,30.30118],[-97.57572,30.30127],[-97.57292,30.30559],[-97.572,30.30702],[-97.5715,30.30778],[-97.57132,30.30705],[-97.5704,30.30856],[-97.57035,30.30865],[-97.57018,30.30893],[-97.57007,30.30911],[-97.56996,30.30928],[-97.56973,30.30966],[-97.56923,30.31049],[-97.56806,30.31223],[-97.56741,30.31319],[-97.56668,30.31428],[-97.56607,30.31514],[-97.56572,30.31564],[-97.56419,30.31484],[-97.56351,30.31448],[-97.56337,30.3144],[-97.5633,30.31472],[-97.56317,30.31554],[-97.56311,30.31598],[-97.56303,30.31638],[-97.56284,30.31726],[-97.56232,30.31958],[-97.56206,30.32077],[-97.56195,30.32108],[-97.56149,30.32239],[-97.56149,30.32241],[-97.56147,30.32245],[-97.56126,30.3231],[-97.56088,30.32626],[-97.56078,30.32715],[-97.56075,30.32736],[-97.56063,30.3284],[-97.56055,30.32907],[-97.5605,30.32968],[-97.56037,30.3302],[-97.56074,30.33027],[-97.56114,30.33035],[-97.56127,30.33037],[-97.56145,30.3304],[-97.56195,30.33048],[-97.56314,30.33072],[-97.56359,30.33085],[-97.56433,30.33113],[-97.565,30.33144],[-97.56558,30.33175],[-97.56574,30.33184],[-97.56596,30.33197],[-97.56664,30.33239],[-97.56689,30.33258],[-97.56735,30.33295],[-97.56751,30.33313],[-97.56761,30.33324],[-97.56783,30.33352],[-97.5681,30.33386],[-97.56835,30.33419],[-97.56872,30.33469],[-97.56891,30.33513],[-97.56925,30.33548],[-97.57063,30.33614],[-97.57147,30.33655],[-97.57684,30.33911],[-97.57526,30.34166],[-97.57523,30.34171],[-97.57553,30.34169],[-97.57592,30.34166],[-97.57649,30.34154],[-97.57652,30.34172],[-97.57655,30.34189],[-97.57656,30.34195],[-97.57656,30.34198],[-97.57656,30.3421],[-97.57682,30.34208],[-97.57748,30.34203],[-97.57785,30.34199],[-97.57816,30.34192],[-97.57846,30.34184],[-97.57904,30.34167],[-97.57948,30.34255],[-97.57963,30.34284],[-97.58008,30.34395],[-97.58004,30.34397],[-97.57986,30.34402],[-97.57974,30.34406],[-97.57981,30.34414],[-97.57996,30.34432],[-97.58004,30.34441],[-97.58017,30.34457],[-97.58031,30.34474],[-97.58044,30.34489],[-97.58073,30.34526],[-97.58102,30.34561],[-97.58112,30.34573],[-97.58118,30.34579],[-97.5812,30.34583],[-97.58124,30.34587],[-97.58132,30.34597],[-97.58133,30.34598],[-97.58139,30.34603],[-97.58142,30.34607],[-97.58143,30.34607],[-97.58162,30.34623],[-97.58211,30.34663],[-97.58272,30.34713],[-97.58357,30.34782],[-97.58359,30.34783],[-97.58361,30.34785],[-97.58425,30.34837],[-97.58625,30.35],[-97.58634,30.35006],[-97.58654,30.35019],[-97.58658,30.3502],[-97.58684,30.35034],[-97.5876,30.35068],[-97.58785,30.35079],[-97.58804,30.35088],[-97.58845,30.35106],[-97.58848,30.35101],[-97.58853,30.35092],[-97.58867,30.3507],[-97.58878,30.35053],[-97.58879,30.35052],[-97.58902,30.35015],[-97.58904,30.35012],[-97.58919,30.34987],[-97.58927,30.34975],[-97.58932,30.34966],[-97.59106,30.34698],[-97.59119,30.34677],[-97.59193,30.34563],[-97.59199,30.34554],[-97.5922,30.34522],[-97.59244,30.34483],[-97.59262,30.34456],[-97.59276,30.34434],[-97.59302,30.34395],[-97.59307,30.34386],[-97.59311,30.34388],[-97.59326,30.34396],[-97.59337,30.34402],[-97.59351,30.34408],[-97.59383,30.34424],[-97.59414,30.34439],[-97.59438,30.3445],[-97.59459,30.34461],[-97.59539,30.345],[-97.59496,30.34569],[-97.5948,30.34594],[-97.59482,30.34604],[-97.59482,30.34607],[-97.59484,30.34614],[-97.59486,30.34624],[-97.59488,30.34633],[-97.59489,30.34638],[-97.59489,30.34643],[-97.59491,30.34653],[-97.59493,30.34663],[-97.59494,30.34672],[-97.59495,30.34682],[-97.59496,30.34687],[-97.59496,30.34692],[-97.59497,30.34698],[-97.59497,30.34702],[-97.59498,30.34712],[-97.59499,30.34722],[-97.59499,30.34731],[-97.595,30.34741],[-97.595,30.34751],[-97.595,30.34761],[-97.595,30.34771],[-97.595,30.34781],[-97.595,30.34791],[-97.595,30.34796],[-97.595,30.34797],[-97.595,30.34806],[-97.59499,30.34816],[-97.59498,30.34826],[-97.59497,30.34834],[-97.59497,30.34836],[-97.59496,30.34846],[-97.59495,30.34856],[-97.59494,30.34866],[-97.59492,30.34876],[-97.59491,30.34886],[-97.59489,30.34897],[-97.59488,30.34901],[-97.59487,30.34907],[-97.59485,30.34918],[-97.59484,30.34923],[-97.59483,30.34928],[-97.59481,30.34938],[-97.59478,30.34949],[-97.59476,30.34959],[-97.59473,30.34969],[-97.59472,30.34973],[-97.5947,30.34979],[-97.59467,30.3499],[-97.59465,30.34995],[-97.59464,30.35],[-97.59461,30.3501],[-97.59459,30.35015],[-97.59457,30.3502],[-97.59454,30.3503],[-97.5945,30.3504],[-97.59447,30.3505],[-97.59443,30.3506],[-97.59439,30.3507],[-97.59435,30.3508],[-97.5943,30.3509],[-97.59426,30.351],[-97.59421,30.35109],[-97.59419,30.35115],[-97.59417,30.35119],[-97.59412,30.35129],[-97.59407,30.35138],[-97.59402,30.35148],[-97.59397,30.35158],[-97.59392,30.35167],[-97.59391,30.35168],[-97.59386,30.35177],[-97.59381,30.35186],[-97.59379,30.35188],[-97.59375,30.35195],[-97.5937,30.35203],[-97.59369,30.35204],[-97.59339,30.35252],[-97.5934,30.35253],[-97.59341,30.35259],[-97.59343,30.35262],[-97.59343,30.35265],[-97.59347,30.35266],[-97.59349,30.35267],[-97.59353,30.35268],[-97.59354,30.35266],[-97.59355,30.35265],[-97.59356,30.35263],[-97.59424,30.35158],[-97.5968,30.34765],[-97.59703,30.34729],[-97.59777,30.34616],[-97.59861,30.34657],[-97.59885,30.34668],[-97.59998,30.34726],[-97.60148,30.34799],[-97.60226,30.34837],[-97.60128,30.3499],[-97.60016,30.35164],[-97.5995,30.35266],[-97.59862,30.35403],[-97.59806,30.3549],[-97.59803,30.35494],[-97.59802,30.35496],[-97.5983,30.35511],[-97.59872,30.35532],[-97.5992,30.35563],[-97.60018,30.35614],[-97.60037,30.35624],[-97.60308,30.35766],[-97.60536,30.35873],[-97.60588,30.35899],[-97.60605,30.35919],[-97.60614,30.35932],[-97.60619,30.35944],[-97.60619,30.35915],[-97.6062,30.35896],[-97.60622,30.3588],[-97.60625,30.35865],[-97.60702,30.35743],[-97.60726,30.35703],[-97.60727,30.35701],[-97.60733,30.35704],[-97.60739,30.35707],[-97.60743,30.35709],[-97.60746,30.3571],[-97.60751,30.35713],[-97.60793,30.35733],[-97.60802,30.35737],[-97.6081,30.35741],[-97.60827,30.35749],[-97.60845,30.35758],[-97.60911,30.3579],[-97.60976,30.35822],[-97.60979,30.35823],[-97.60927,30.35904],[-97.60845,30.36029],[-97.60843,30.36032],[-97.6084,30.36037],[-97.6077,30.36145],[-97.60762,30.36156],[-97.60735,30.36198],[-97.60734,30.362],[-97.60731,30.36205],[-97.60872,30.36268],[-97.60926,30.36293],[-97.60924,30.36296],[-97.60898,30.36337],[-97.60887,30.36354],[-97.60804,30.36483],[-97.60799,30.36491],[-97.60687,30.36466],[-97.60577,30.36443],[-97.6052,30.36531],[-97.60511,30.36545],[-97.60498,30.36565],[-97.60488,30.36581],[-97.6047,30.36609],[-97.60374,30.36755],[-97.60313,30.36848],[-97.60271,30.36829],[-97.60222,30.36805],[-97.6001,30.36704],[-97.59783,30.36595],[-97.59778,30.36593],[-97.59648,30.36792],[-97.59621,30.36833],[-97.59567,30.36917],[-97.59519,30.36991],[-97.59327,30.37287],[-97.59318,30.373],[-97.59234,30.37429],[-97.59248,30.37436],[-97.59251,30.37437],[-97.59265,30.37444],[-97.59355,30.37489],[-97.59599,30.37607],[-97.59613,30.37613],[-97.59621,30.37617],[-97.597,30.37655],[-97.59725,30.37667],[-97.59768,30.37688],[-97.59767,30.37691],[-97.59766,30.37692],[-97.59763,30.37698],[-97.59762,30.377],[-97.59888,30.37761],[-97.59982,30.37806],[-97.60012,30.3782],[-97.60023,30.37826],[-97.60253,30.37936],[-97.60434,30.38026],[-97.60491,30.38052],[-97.6051,30.38061],[-97.60525,30.38068],[-97.60559,30.38083],[-97.60574,30.38091],[-97.60572,30.38094],[-97.60571,30.38096],[-97.60568,30.38102],[-97.60615,30.38133],[-97.60633,30.38145],[-97.60677,30.38167],[-97.60705,30.38182],[-97.60708,30.38177],[-97.60757,30.38104],[-97.60777,30.38072],[-97.60798,30.38039],[-97.60852,30.37955],[-97.60914,30.37859],[-97.60918,30.37853],[-97.60927,30.37838],[-97.61092,30.3758],[-97.61356,30.37702],[-97.61442,30.3757],[-97.61436,30.37556],[-97.6143,30.37542],[-97.61416,30.37472],[-97.61418,30.37468],[-97.61419,30.37467],[-97.61443,30.3743],[-97.61445,30.37429],[-97.6152,30.37463],[-97.616,30.375],[-97.61683,30.37539],[-97.61778,30.37583],[-97.61827,30.37519],[-97.62118,30.37143],[-97.62165,30.37082],[-97.62181,30.37062],[-97.62191,30.37048],[-97.62277,30.36936],[-97.62285,30.36926],[-97.62303,30.36903],[-97.62324,30.36876],[-97.62372,30.36818],[-97.62398,30.36786],[-97.62402,30.36782],[-97.6241,30.36772],[-97.62421,30.36759],[-97.62436,30.36738],[-97.62471,30.36696],[-97.62487,30.36677],[-97.625,30.36662],[-97.62518,30.36642],[-97.62562,30.36591],[-97.62564,30.36589],[-97.62576,30.36576],[-97.62593,30.36557],[-97.62596,30.36554],[-97.62612,30.36534],[-97.62617,30.36527],[-97.62629,30.36513],[-97.6263,30.36512],[-97.62632,30.3651],[-97.62648,30.36494],[-97.62652,30.3649],[-97.62659,30.36484],[-97.62669,30.36475],[-97.62672,30.36471],[-97.627,30.36442],[-97.62713,30.36428],[-97.62719,30.36422],[-97.62721,30.36419],[-97.62775,30.36369],[-97.62833,30.36312],[-97.62835,30.3631],[-97.62851,30.36291],[-97.62803,30.36285],[-97.62795,30.36272],[-97.62784,30.36269],[-97.6253,30.36195],[-97.62529,30.36195],[-97.62399,30.36157],[-97.62353,30.36144],[-97.62374,30.36108],[-97.62385,30.3609],[-97.62393,30.36078],[-97.62434,30.36011],[-97.62448,30.35986],[-97.62529,30.35857],[-97.62851,30.35949],[-97.63068,30.3601],[-97.63078,30.36015],[-97.63178,30.35919],[-97.63404,30.35719],[-97.63662,30.35789],[-97.63686,30.35794],[-97.639,30.35852],[-97.63901,30.35852],[-97.63894,30.35866],[-97.63889,30.35876],[-97.63757,30.36145],[-97.6373,30.36194],[-97.63726,30.36193],[-97.63722,30.36191],[-97.63719,30.36191],[-97.63713,30.3619],[-97.63698,30.36185],[-97.63675,30.36179],[-97.63603,30.3616],[-97.63563,30.36148],[-97.63561,30.36148],[-97.63545,30.36144],[-97.6353,30.36141],[-97.63523,30.36137],[-97.63518,30.36136],[-97.63514,30.36135],[-97.63501,30.36132],[-97.63493,30.3613],[-97.6349,30.36141],[-97.63484,30.36159],[-97.63471,30.36199],[-97.63462,30.36223],[-97.63456,30.36241],[-97.63452,30.36251],[-97.6345,30.36257],[-97.63437,30.36293],[-97.63428,30.36319],[-97.63383,30.36441],[-97.6335,30.36525],[-97.63345,30.36537],[-97.63327,30.36581],[-97.63264,30.36737],[-97.63239,30.368],[-97.63218,30.36847],[-97.63156,30.36994],[-97.63125,30.37078],[-97.6312,30.37093],[-97.63119,30.37094],[-97.63113,30.37111],[-97.63104,30.37107],[-97.63093,30.37101],[-97.63074,30.37092],[-97.63071,30.37097],[-97.63071,30.37098],[-97.63068,30.37104],[-97.63065,30.37105],[-97.6306,30.37114],[-97.62939,30.37306],[-97.62866,30.37421],[-97.62864,30.37423],[-97.6285,30.37445],[-97.62785,30.37548],[-97.62768,30.37534],[-97.6261,30.37452],[-97.62605,30.37459],[-97.6232,30.37872],[-97.62295,30.37908],[-97.62259,30.37961],[-97.62212,30.38028],[-97.62204,30.3804],[-97.6219,30.3806],[-97.62172,30.38048],[-97.62145,30.3803],[-97.62127,30.38018],[-97.62051,30.37967],[-97.62049,30.37967],[-97.62033,30.37956],[-97.61962,30.37908],[-97.6196,30.37911],[-97.61848,30.38054],[-97.61787,30.38138],[-97.6167,30.38299],[-97.61555,30.38456],[-97.61585,30.3847],[-97.61548,30.38525],[-97.61521,30.38566],[-97.61513,30.38571],[-97.61555,30.38604],[-97.61616,30.38633],[-97.61608,30.38646],[-97.61547,30.38741],[-97.61445,30.389],[-97.61193,30.39295],[-97.61305,30.39345],[-97.61307,30.39346],[-97.61404,30.39392],[-97.61414,30.39397],[-97.61387,30.3944],[-97.61373,30.39462],[-97.61372,30.39463],[-97.61336,30.3952],[-97.61325,30.39517],[-97.61153,30.3978],[-97.61239,30.3989],[-97.61313,30.40281],[-97.6171,30.40468],[-97.61732,30.40434],[-97.6182,30.40299],[-97.61864,30.40233],[-97.61896,30.40184],[-97.61916,30.40154],[-97.61927,30.40136],[-97.61932,30.40129],[-97.61935,30.40124],[-97.61938,30.4012],[-97.61883,30.40093],[-97.61851,30.39882],[-97.61897,30.39811],[-97.61905,30.39798],[-97.61939,30.39814],[-97.62056,30.3987],[-97.62089,30.39885],[-97.62131,30.39821],[-97.62132,30.39819],[-97.62135,30.39816],[-97.6217,30.39761],[-97.62181,30.39743],[-97.62203,30.39711],[-97.62245,30.39648],[-97.62258,30.3963],[-97.62279,30.39596],[-97.62287,30.39586],[-97.62292,30.39577],[-97.62293,30.39574],[-97.62304,30.39559],[-97.6232,30.39537],[-97.6233,30.39522],[-97.62339,30.39506],[-97.62345,30.39497],[-97.62352,30.39484],[-97.62355,30.3948],[-97.62363,30.39467],[-97.62264,30.39418],[-97.62199,30.39387],[-97.62438,30.39023],[-97.62422,30.39016],[-97.62297,30.38956],[-97.62293,30.38954],[-97.62302,30.38941],[-97.62529,30.38584],[-97.62599,30.38622],[-97.62602,30.38624],[-97.62561,30.38671],[-97.62574,30.38679],[-97.6259,30.38689],[-97.62613,30.38703],[-97.62627,30.38712],[-97.62658,30.38732],[-97.62672,30.38741],[-97.62676,30.38743],[-97.62732,30.38778],[-97.62777,30.38806],[-97.62779,30.38808],[-97.62819,30.38743],[-97.62908,30.38599],[-97.6298,30.38486],[-97.63099,30.38295],[-97.63101,30.38291],[-97.63104,30.38287],[-97.63122,30.38258],[-97.63135,30.38236],[-97.63238,30.38072],[-97.63322,30.37937],[-97.63333,30.37945],[-97.63348,30.37964],[-97.63765,30.38176],[-97.63964,30.3828],[-97.64031,30.38311],[-97.64056,30.38322],[-97.64084,30.38337],[-97.64154,30.38372],[-97.64152,30.38376],[-97.6409,30.38471],[-97.64042,30.38545],[-97.64035,30.38556],[-97.64028,30.38566],[-97.64016,30.38632],[-97.64005,30.3869],[-97.64012,30.38694],[-97.64037,30.38705],[-97.64046,30.3871],[-97.64139,30.38753],[-97.64159,30.38721],[-97.64165,30.3871],[-97.64258,30.38558],[-97.64232,30.38546],[-97.64207,30.38534],[-97.64204,30.38532],[-97.642,30.38531],[-97.64225,30.38492],[-97.64246,30.38457],[-97.6426,30.38434],[-97.64263,30.3843],[-97.64267,30.38425],[-97.64422,30.38497],[-97.64572,30.38553],[-97.64663,30.38611],[-97.64692,30.38626],[-97.64683,30.38641],[-97.6462,30.38742],[-97.64589,30.38791],[-97.6437,30.38688],[-97.64314,30.38661],[-97.64291,30.38651],[-97.64268,30.38684],[-97.64202,30.38781],[-97.64253,30.38805],[-97.64329,30.3884],[-97.64543,30.38939],[-97.64667,30.38997],[-97.64687,30.39005],[-97.64633,30.39125],[-97.64562,30.3924],[-97.64557,30.39248],[-97.64428,30.39457],[-97.6442,30.39465],[-97.64418,30.39468],[-97.64412,30.39481],[-97.64406,30.39491],[-97.6439,30.39515],[-97.64326,30.39613],[-97.64298,30.39656],[-97.64169,30.39852],[-97.64111,30.39941],[-97.64062,30.40008],[-97.64054,30.40022],[-97.64016,30.40081],[-97.63973,30.40146],[-97.63966,30.40143],[-97.63858,30.40091],[-97.63729,30.40029],[-97.63726,30.40028],[-97.63697,30.40015],[-97.63673,30.40127],[-97.63661,30.40188],[-97.63649,30.40249],[-97.63647,30.40259],[-97.63626,30.40249],[-97.6359,30.40232],[-97.63538,30.40212],[-97.63506,30.40203],[-97.63548,30.40136],[-97.63591,30.4007],[-97.63491,30.40021],[-97.63464,30.39984],[-97.63472,30.39934],[-97.63473,30.39919],[-97.63475,30.39897],[-97.63448,30.39884],[-97.63412,30.39867],[-97.63372,30.39868],[-97.63354,30.39868],[-97.63337,30.3987],[-97.63333,30.39819],[-97.63328,30.39785],[-97.63321,30.39755],[-97.63308,30.39721],[-97.63291,30.3969],[-97.63272,30.39665],[-97.63259,30.39651],[-97.63251,30.39664],[-97.63207,30.39733],[-97.6318,30.39774],[-97.63144,30.39757],[-97.63123,30.39747],[-97.63113,30.39742],[-97.63108,30.39745],[-97.62886,30.4009],[-97.62643,30.40466],[-97.6284,30.40563],[-97.62844,30.40566],[-97.62883,30.40584],[-97.62978,30.4063],[-97.63073,30.40677],[-97.63096,30.40683],[-97.63112,30.40686],[-97.63123,30.40688],[-97.63134,30.40689],[-97.63148,30.40688],[-97.63159,30.40687],[-97.63169,30.40684],[-97.63181,30.40681],[-97.63193,30.40672],[-97.63204,30.40664],[-97.63212,30.40656],[-97.63222,30.40644],[-97.63233,30.40629],[-97.63257,30.40592],[-97.63312,30.40506],[-97.6333,30.4048],[-97.63357,30.40443],[-97.6343,30.40325],[-97.63438,30.40312],[-97.63512,30.40348],[-97.63564,30.40372],[-97.63601,30.4039],[-97.63615,30.40397],[-97.63617,30.40387],[-97.6362,30.40374],[-97.63621,30.40366],[-97.63641,30.40376],[-97.63653,30.40381],[-97.63655,30.40383],[-97.63772,30.40438],[-97.63786,30.40444],[-97.63793,30.40448],[-97.63801,30.40451],[-97.63786,30.40473],[-97.63755,30.40517],[-97.63711,30.40581],[-97.63689,30.40606],[-97.63662,30.40643],[-97.63639,30.40676],[-97.63609,30.40708],[-97.63588,30.40742],[-97.63579,30.40755],[-97.63572,30.40769],[-97.63571,30.40773],[-97.63554,30.40836],[-97.63546,30.40884],[-97.63511,30.41006],[-97.63494,30.41067],[-97.63477,30.41107],[-97.63462,30.41141],[-97.63426,30.41207],[-97.63392,30.4126],[-97.63344,30.41344],[-97.63375,30.41359],[-97.6341,30.41376],[-97.63424,30.41383],[-97.63432,30.41387],[-97.63437,30.41389],[-97.63452,30.41396],[-97.63465,30.41403],[-97.63472,30.41406],[-97.6348,30.4141],[-97.63489,30.41413],[-97.63494,30.41415],[-97.63518,30.41427],[-97.63523,30.41429],[-97.63528,30.41431],[-97.6353,30.41432],[-97.63531,30.41433],[-97.63547,30.41441],[-97.63558,30.41446],[-97.6356,30.41447],[-97.63565,30.41449],[-97.63568,30.4145],[-97.63572,30.41452],[-97.6358,30.41456],[-97.63581,30.41457],[-97.63586,30.41459],[-97.63588,30.4146],[-97.63605,30.41467],[-97.63624,30.41477],[-97.63653,30.41491],[-97.63657,30.41493],[-97.63666,30.41497],[-97.6367,30.41499],[-97.63681,30.41504],[-97.63688,30.41508],[-97.63695,30.41511],[-97.63706,30.41516],[-97.63712,30.41519],[-97.63714,30.4152],[-97.63715,30.41521],[-97.6372,30.41523],[-97.63733,30.41529],[-97.63741,30.41533],[-97.63743,30.41534],[-97.63748,30.41536],[-97.63768,30.41546],[-97.63781,30.41552],[-97.63786,30.41557],[-97.63789,30.41559],[-97.63806,30.41568],[-97.63853,30.41591],[-97.63897,30.41611],[-97.63908,30.41617],[-97.63985,30.41654],[-97.63994,30.41658],[-97.64001,30.41662],[-97.64042,30.41682],[-97.64068,30.41694],[-97.64166,30.41742],[-97.64294,30.41804],[-97.64317,30.41768],[-97.64331,30.41748],[-97.64352,30.41715],[-97.64359,30.41703],[-97.64365,30.41695],[-97.64372,30.41683],[-97.64384,30.41664],[-97.64389,30.41657],[-97.64395,30.41648],[-97.64404,30.41633],[-97.64408,30.41627],[-97.64414,30.41618],[-97.64416,30.41614],[-97.64421,30.41607],[-97.64426,30.41599],[-97.64427,30.41598],[-97.64432,30.41591],[-97.64434,30.41587],[-97.6444,30.41577],[-97.64441,30.41575],[-97.64449,30.41564],[-97.64456,30.41553],[-97.64463,30.41543],[-97.6447,30.41532],[-97.64472,30.41527],[-97.64476,30.41521],[-97.64479,30.41517],[-97.64483,30.4151],[-97.64485,30.41507],[-97.64486,30.41506],[-97.6449,30.41499],[-97.64494,30.41494],[-97.64495,30.41491],[-97.64497,30.41488],[-97.64504,30.41478],[-97.64509,30.4147],[-97.64513,30.41463],[-97.64519,30.41454],[-97.64526,30.41445],[-97.64544,30.41417],[-97.64591,30.41346],[-97.64608,30.4132],[-97.64622,30.41298],[-97.64634,30.41277],[-97.64652,30.41251],[-97.64666,30.41228],[-97.64772,30.41068],[-97.64781,30.41055],[-97.64846,30.40956],[-97.64858,30.4096],[-97.64877,30.40971],[-97.64909,30.40992],[-97.64926,30.41009],[-97.64959,30.41046],[-97.6501,30.41115],[-97.65045,30.4118],[-97.65051,30.41191],[-97.65059,30.41202],[-97.65074,30.41218],[-97.65095,30.41236],[-97.65115,30.41251],[-97.65147,30.41271],[-97.65149,30.41272],[-97.65183,30.41288],[-97.65199,30.41296],[-97.65295,30.41345],[-97.65346,30.4137],[-97.65387,30.41391],[-97.65407,30.41401],[-97.65419,30.41408],[-97.65443,30.41423],[-97.65456,30.41436],[-97.6546,30.4144],[-97.65476,30.41455],[-97.65492,30.41475],[-97.65545,30.41539],[-97.65556,30.41553],[-97.65561,30.41559],[-97.65566,30.41566],[-97.65585,30.41589],[-97.65625,30.41637],[-97.65639,30.41653],[-97.65657,30.4167],[-97.65686,30.41694],[-97.65776,30.41762],[-97.65842,30.41813],[-97.65855,30.41822],[-97.65868,30.41832],[-97.65877,30.4184],[-97.65902,30.41857],[-97.65927,30.4187],[-97.65971,30.41892],[-97.66027,30.41918],[-97.6607,30.41941],[-97.66078,30.41944],[-97.66091,30.4195],[-97.66138,30.41971],[-97.66179,30.41989],[-97.66201,30.42001],[-97.66228,30.42013],[-97.66253,30.42025],[-97.66268,30.42033],[-97.66306,30.42051],[-97.6635,30.42072],[-97.66342,30.42084],[-97.6634,30.42086],[-97.66336,30.42093],[-97.66332,30.42098],[-97.66225,30.42081],[-97.6622,30.42081],[-97.66201,30.42078],[-97.66196,30.42077],[-97.66192,30.42077],[-97.66106,30.42298],[-97.66023,30.42511],[-97.65997,30.42578],[-97.65934,30.42735],[-97.66017,30.42748],[-97.66221,30.42779],[-97.66275,30.42788],[-97.66299,30.42792],[-97.66472,30.42818],[-97.66482,30.4282],[-97.66487,30.4267],[-97.66492,30.42496],[-97.66492,30.42477],[-97.66501,30.42145],[-97.66577,30.42182],[-97.66763,30.42279],[-97.66873,30.42334],[-97.66867,30.42343],[-97.66787,30.42468],[-97.66724,30.42568],[-97.66713,30.42586],[-97.66709,30.42593],[-97.66681,30.4264],[-97.66658,30.42676],[-97.66647,30.42693],[-97.6663,30.42718],[-97.66629,30.42721],[-97.66627,30.42723],[-97.666,30.42766],[-97.66524,30.42885],[-97.66518,30.42894],[-97.6642,30.43047],[-97.66334,30.43182],[-97.66267,30.43287],[-97.66241,30.43328],[-97.65919,30.43167],[-97.65874,30.43145],[-97.65809,30.43114],[-97.65671,30.43047],[-97.65658,30.43041],[-97.65644,30.43034],[-97.65606,30.43016],[-97.65526,30.42977],[-97.65418,30.42925],[-97.65099,30.4277],[-97.65095,30.42777],[-97.65046,30.42855],[-97.65028,30.42883],[-97.65024,30.42888],[-97.65014,30.42905],[-97.65007,30.42915],[-97.64999,30.42928],[-97.64985,30.42949],[-97.65,30.42956],[-97.65042,30.42977],[-97.65074,30.42996],[-97.65108,30.4302],[-97.65139,30.43047],[-97.65165,30.43074],[-97.65169,30.43079],[-97.65188,30.43103],[-97.65197,30.43114],[-97.65213,30.43143],[-97.65234,30.43182],[-97.65252,30.43215],[-97.65278,30.43265],[-97.65283,30.43276],[-97.6529,30.4329],[-97.65294,30.43297],[-97.6529,30.43304],[-97.65284,30.43315],[-97.65202,30.43445],[-97.6514,30.43543],[-97.65111,30.43591],[-97.65104,30.436],[-97.651,30.43606],[-97.65099,30.43607],[-97.65099,30.43609],[-97.65093,30.43618],[-97.65071,30.43652],[-97.65068,30.43657],[-97.65055,30.43677],[-97.65058,30.43678],[-97.65093,30.43696],[-97.65149,30.43724],[-97.65163,30.4373],[-97.65175,30.43736],[-97.65194,30.43745],[-97.65197,30.43746],[-97.65216,30.43756],[-97.65225,30.4376],[-97.65227,30.43761],[-97.65247,30.4377],[-97.65255,30.43774],[-97.65274,30.43783],[-97.65288,30.4379],[-97.65315,30.43803],[-97.65341,30.43815],[-97.65399,30.43843],[-97.65413,30.4385],[-97.65467,30.43876],[-97.65517,30.439],[-97.6552,30.43901],[-97.65525,30.43903],[-97.6553,30.43905],[-97.65538,30.4391],[-97.6555,30.43915],[-97.65553,30.43917],[-97.65557,30.43919],[-97.65564,30.43913],[-97.65566,30.43914],[-97.65573,30.43917],[-97.65599,30.4393],[-97.65613,30.43937],[-97.65626,30.43943],[-97.65631,30.43945],[-97.65637,30.43948],[-97.65651,30.43954],[-97.65654,30.43956],[-97.65661,30.43959],[-97.658,30.44026],[-97.65803,30.44027],[-97.6581,30.4403],[-97.65811,30.44031],[-97.65817,30.44034],[-97.65824,30.44037],[-97.65831,30.44041],[-97.65836,30.44043],[-97.65845,30.44047],[-97.65849,30.44049],[-97.65862,30.44055],[-97.6587,30.44059],[-97.65871,30.44059],[-97.65876,30.44062],[-97.65878,30.44063],[-97.65891,30.44073],[-97.65902,30.44082],[-97.65911,30.44088],[-97.65917,30.44091],[-97.6593,30.44097],[-97.65935,30.441],[-97.66,30.44132],[-97.66044,30.44154],[-97.66097,30.44179],[-97.66119,30.44189],[-97.66153,30.44205],[-97.66161,30.44209],[-97.66166,30.44211],[-97.66169,30.44213],[-97.66183,30.44219],[-97.662,30.44227],[-97.66218,30.44235],[-97.66298,30.44273],[-97.66309,30.44278],[-97.66333,30.44289],[-97.66352,30.44298],[-97.66349,30.44303],[-97.66339,30.4432],[-97.66351,30.44327],[-97.66405,30.44353],[-97.66441,30.44371],[-97.66472,30.44386],[-97.66446,30.44422],[-97.66399,30.44499],[-97.6635,30.44578],[-97.663,30.4466],[-97.66296,30.44675],[-97.66267,30.4472],[-97.66253,30.44743],[-97.6622,30.44792],[-97.66198,30.44828],[-97.6618,30.44819],[-97.66174,30.44817],[-97.66166,30.44829],[-97.66158,30.4488],[-97.6615,30.44945],[-97.6615,30.44989],[-97.66155,30.45016],[-97.66162,30.4504],[-97.66212,30.45167],[-97.66223,30.45182],[-97.66225,30.45186],[-97.66223,30.45189],[-97.66268,30.45278],[-97.66389,30.45516],[-97.66395,30.45521],[-97.66399,30.45529],[-97.66406,30.45542],[-97.66419,30.45568],[-97.66432,30.45593],[-97.66435,30.45594],[-97.6644,30.45626],[-97.66442,30.45638],[-97.66453,30.45636],[-97.66462,30.45654],[-97.66536,30.45798],[-97.66523,30.45802],[-97.6635,30.45865],[-97.66309,30.45928],[-97.66354,30.45952],[-97.66377,30.45965],[-97.66386,30.45972],[-97.66395,30.45978],[-97.66404,30.45986],[-97.66413,30.45997],[-97.66415,30.46],[-97.66417,30.46002],[-97.66418,30.46004],[-97.6642,30.46006],[-97.66421,30.46009],[-97.66423,30.46012],[-97.66425,30.46015],[-97.66427,30.46019],[-97.66453,30.4607],[-97.66458,30.4608],[-97.66463,30.4609],[-97.66464,30.46092],[-97.66465,30.46094],[-97.66466,30.46097],[-97.66468,30.461],[-97.66469,30.46104],[-97.6647,30.46107],[-97.66471,30.46111],[-97.66471,30.46114],[-97.66472,30.46117],[-97.66472,30.46121],[-97.66472,30.46125],[-97.66472,30.46128],[-97.66472,30.46132],[-97.66531,30.46134],[-97.66568,30.46205],[-97.6659,30.46169],[-97.66616,30.4625],[-97.66636,30.46311],[-97.66647,30.46349],[-97.66673,30.46429],[-97.66684,30.46464],[-97.66722,30.46583],[-97.66741,30.46643],[-97.6677,30.46735],[-97.66806,30.46856],[-97.66775,30.46904],[-97.66773,30.46908],[-97.66861,30.4695],[-97.66873,30.46956],[-97.66869,30.4696],[-97.66867,30.46963],[-97.66884,30.4697],[-97.66921,30.46981],[-97.66924,30.46981],[-97.66952,30.46983],[-97.66989,30.46977],[-97.67,30.46975],[-97.67004,30.46974],[-97.67017,30.46972],[-97.67021,30.46983],[-97.6703,30.46984],[-97.67033,30.46984],[-97.67051,30.46986],[-97.67071,30.46987],[-97.67148,30.46992],[-97.67171,30.46993],[-97.67175,30.47006],[-97.67176,30.47011],[-97.67193,30.47009],[-97.67214,30.47009],[-97.67237,30.47008],[-97.67258,30.47008],[-97.67278,30.47008],[-97.67282,30.47008],[-97.67302,30.4701],[-97.67323,30.47011],[-97.67343,30.47014],[-97.67364,30.47017],[-97.67385,30.4702],[-97.67405,30.47024],[-97.67425,30.47029],[-97.67445,30.47034],[-97.67463,30.47036],[-97.67531,30.4692],[-97.67548,30.46891],[-97.67574,30.46846],[-97.67575,30.46844],[-97.67579,30.46837],[-97.67584,30.4683],[-97.67591,30.46818],[-97.67602,30.46823],[-97.67607,30.46826],[-97.67609,30.46821],[-97.67708,30.46659],[-97.67696,30.46653],[-97.67587,30.46594],[-97.67561,30.46581],[-97.67512,30.46556],[-97.67473,30.46537],[-97.67444,30.46523],[-97.67347,30.46474],[-97.67333,30.46467],[-97.67333,30.46441],[-97.67361,30.46391],[-97.67386,30.46351],[-97.6746,30.46233],[-97.67476,30.46224],[-97.67525,30.46139],[-97.67516,30.46135],[-97.67515,30.46134],[-97.67407,30.46082],[-97.67266,30.46013],[-97.67257,30.46008],[-97.6716,30.45961],[-97.67119,30.45941],[-97.67079,30.45922],[-97.67024,30.45895],[-97.66999,30.45883],[-97.66989,30.45878],[-97.66932,30.4585],[-97.66926,30.45847],[-97.6684,30.45805],[-97.66828,30.45799],[-97.66834,30.4579],[-97.66939,30.45628],[-97.66946,30.45617],[-97.66949,30.45612],[-97.66987,30.45547],[-97.6694,30.45525],[-97.66857,30.45485],[-97.66775,30.45444],[-97.66696,30.45407],[-97.66664,30.45395],[-97.66657,30.45339],[-97.66658,30.45297],[-97.66659,30.45277],[-97.66662,30.45256],[-97.66669,30.45207],[-97.66676,30.45158],[-97.66696,30.45036],[-97.6676,30.44697],[-97.66777,30.44604],[-97.66801,30.44479],[-97.66803,30.4447],[-97.66804,30.44466],[-97.66809,30.44446],[-97.66849,30.44453],[-97.66852,30.44435],[-97.66855,30.44421],[-97.66858,30.44423],[-97.66931,30.44459],[-97.66943,30.4444],[-97.66961,30.4441],[-97.66989,30.44364],[-97.66958,30.44349],[-97.66893,30.44318],[-97.66874,30.44309],[-97.66875,30.44304],[-97.66882,30.44267],[-97.66873,30.44262],[-97.66861,30.44254],[-97.66875,30.4421],[-97.66891,30.44162],[-97.66914,30.44103],[-97.66922,30.44071],[-97.66931,30.44033],[-97.66934,30.44018],[-97.6694,30.43991],[-97.66941,30.43987],[-97.66942,30.43984],[-97.66946,30.43966],[-97.66956,30.43905],[-97.66964,30.43858],[-97.66967,30.4382],[-97.66967,30.43625],[-97.6698,30.43522],[-97.66981,30.43516],[-97.67001,30.43416],[-97.67016,30.43328],[-97.67042,30.4319],[-97.67085,30.42966],[-97.67108,30.42845],[-97.67145,30.42861],[-97.6715,30.42829],[-97.67275,30.42892],[-97.67291,30.42792],[-97.67295,30.4277],[-97.67295,30.42758],[-97.67175,30.427],[-97.67139,30.42686],[-97.67162,30.42564],[-97.67189,30.42457],[-97.67226,30.42475],[-97.67313,30.42518],[-97.67538,30.4263],[-97.67603,30.4266],[-97.67659,30.42686],[-97.67902,30.42807],[-97.67967,30.42838],[-97.68146,30.42928],[-97.68428,30.43061],[-97.68391,30.43132],[-97.68245,30.43359],[-97.68264,30.43369],[-97.68294,30.43381],[-97.68313,30.43391],[-97.68388,30.43429],[-97.6857,30.43516],[-97.68599,30.43529],[-97.68634,30.43546],[-97.68671,30.4349],[-97.6871,30.43509],[-97.68763,30.43535],[-97.68887,30.43596],[-97.68925,30.43611],[-97.69242,30.43764],[-97.69395,30.43836],[-97.69438,30.43856],[-97.69462,30.43867],[-97.69549,30.43919],[-97.69642,30.43953],[-97.69733,30.43997],[-97.69782,30.44021],[-97.69771,30.44051],[-97.69675,30.44305],[-97.69606,30.44488],[-97.69581,30.44554],[-97.6958,30.44572],[-97.6957,30.44692],[-97.69551,30.44908],[-97.69551,30.44912],[-97.69551,30.44916],[-97.696,30.44937],[-97.69615,30.44944],[-97.69646,30.44956],[-97.69655,30.44961],[-97.69662,30.44963],[-97.69672,30.44967],[-97.69696,30.44978],[-97.69714,30.44987],[-97.69836,30.45046],[-97.69947,30.449],[-97.70143,30.45003],[-97.70177,30.45017],[-97.70172,30.45025],[-97.70114,30.45121],[-97.70073,30.45185],[-97.7003,30.45252],[-97.6991,30.45196],[-97.69736,30.45205],[-97.69704,30.45206],[-97.69673,30.45208],[-97.6964,30.4521],[-97.69608,30.45211],[-97.69557,30.45214],[-97.69535,30.45215],[-97.69508,30.45708],[-97.69502,30.45824],[-97.6947,30.46065],[-97.69461,30.46133],[-97.69459,30.4615],[-97.69439,30.46279],[-97.69584,30.4635],[-97.69865,30.46485],[-97.69862,30.46488],[-97.69787,30.4656],[-97.69711,30.46629],[-97.69598,30.46734],[-97.69589,30.46743],[-97.69582,30.46749],[-97.69541,30.46788],[-97.6952,30.46808],[-97.69514,30.46813],[-97.69379,30.4694],[-97.6937,30.46936],[-97.69357,30.4693],[-97.69347,30.46939],[-97.69346,30.46943],[-97.69344,30.46947],[-97.69343,30.46951],[-97.69341,30.46954],[-97.6934,30.46958],[-97.69338,30.46962],[-97.69336,30.46966],[-97.69335,30.46968],[-97.69293,30.47007],[-97.69282,30.47023],[-97.69266,30.47043],[-97.69248,30.47063],[-97.69236,30.47075],[-97.6919,30.47116],[-97.69136,30.47166],[-97.69114,30.47186],[-97.69079,30.47216],[-97.69062,30.47231],[-97.69123,30.47285],[-97.69218,30.47367],[-97.69255,30.47405],[-97.69267,30.47422],[-97.69273,30.4743],[-97.69305,30.47479],[-97.69336,30.47548],[-97.6935,30.47589],[-97.69363,30.47641],[-97.69382,30.47722],[-97.69385,30.47733],[-97.69392,30.47767],[-97.69399,30.47799],[-97.69402,30.47811],[-97.69405,30.47826],[-97.69406,30.47833],[-97.6941,30.47855],[-97.69412,30.47864],[-97.69426,30.47864],[-97.69456,30.47866],[-97.69515,30.47869],[-97.6959,30.47873],[-97.69654,30.47877],[-97.69708,30.4788],[-97.6976,30.47883],[-97.69814,30.47886],[-97.69871,30.47889],[-97.69933,30.47893],[-97.70001,30.47896],[-97.70045,30.47899],[-97.70094,30.47902],[-97.70137,30.47904],[-97.70184,30.47906],[-97.70242,30.4791],[-97.70252,30.4791],[-97.7029,30.47912],[-97.70344,30.47915],[-97.70393,30.47918],[-97.704,30.47919],[-97.70422,30.47921],[-97.70425,30.47916],[-97.70447,30.47881],[-97.7045,30.47884],[-97.70509,30.47894],[-97.70621,30.47914],[-97.70628,30.47933],[-97.70689,30.4809],[-97.70707,30.48138],[-97.70853,30.48512],[-97.70903,30.48643],[-97.70946,30.48743],[-97.71094,30.49117],[-97.71385,30.49843],[-97.71548,30.50249],[-97.71557,30.503],[-97.71592,30.50518],[-97.71591,30.50719],[-97.7159,30.5074],[-97.71591,30.50739],[-97.71646,30.50679],[-97.7172,30.50577],[-97.71786,30.50479],[-97.7184,30.50396],[-97.71848,30.50385],[-97.72008,30.50149],[-97.72041,30.50101],[-97.72083,30.50041],[-97.72092,30.50031],[-97.72093,30.50029],[-97.72169,30.49914],[-97.72175,30.49905],[-97.72295,30.49753],[-97.72304,30.49741],[-97.72311,30.49732],[-97.72304,30.49714],[-97.72269,30.49629],[-97.72242,30.49561],[-97.71987,30.48936],[-97.71931,30.48795],[-97.71922,30.48773],[-97.71906,30.48735],[-97.71903,30.48728],[-97.71899,30.48718],[-97.71963,30.48699],[-97.71983,30.48693],[-97.72124,30.48652],[-97.72198,30.48628],[-97.72129,30.48458],[-97.72107,30.48406],[-97.72099,30.48386],[-97.72073,30.48313],[-97.72068,30.483],[-97.72025,30.48194],[-97.71947,30.48002],[-97.71935,30.47972],[-97.71921,30.47939],[-97.71909,30.47908],[-97.71906,30.47902],[-97.72188,30.47812],[-97.72144,30.47697],[-97.72065,30.47495],[-97.7221,30.47453],[-97.72223,30.47444],[-97.72234,30.47441],[-97.72462,30.47376],[-97.72515,30.47539],[-97.72521,30.47558],[-97.72532,30.47574],[-97.72549,30.47594],[-97.72624,30.47767],[-97.72638,30.47799],[-97.72641,30.47806],[-97.72683,30.47902],[-97.72726,30.48006],[-97.72728,30.48011],[-97.72729,30.48014],[-97.72787,30.48153],[-97.72924,30.48112],[-97.72945,30.48105],[-97.73164,30.4804],[-97.73202,30.48131],[-97.73226,30.48191],[-97.73307,30.48386],[-97.73343,30.48368],[-97.73383,30.48349],[-97.73474,30.48295],[-97.73516,30.48271],[-97.73562,30.48262],[-97.73594,30.48264],[-97.73622,30.48264],[-97.73664,30.48273],[-97.737,30.48282],[-97.73776,30.48301],[-97.73909,30.4832],[-97.7393,30.48325],[-97.73793,30.48354],[-97.738,30.48369],[-97.73813,30.48397],[-97.73822,30.48417],[-97.73829,30.48428],[-97.73843,30.48446],[-97.73852,30.48458],[-97.73866,30.48465],[-97.73902,30.48455],[-97.7393,30.4845],[-97.73964,30.48444],[-97.73994,30.48438],[-97.74283,30.48379],[-97.74706,30.48296],[-97.74904,30.48257],[-97.75031,30.48232],[-97.75055,30.48228],[-97.75104,30.48222],[-97.75254,30.48204],[-97.75278,30.48199],[-97.75301,30.48192],[-97.75321,30.48185],[-97.75332,30.4818],[-97.75373,30.48161],[-97.75382,30.48157],[-97.75408,30.48144],[-97.75416,30.48139],[-97.75425,30.48134],[-97.75435,30.48129],[-97.75455,30.48121],[-97.75466,30.48118],[-97.75477,30.48114],[-97.75487,30.48112],[-97.75498,30.4811],[-97.7577,30.48021],[-97.76137,30.47903],[-97.76238,30.4787],[-97.76255,30.47876],[-97.76263,30.47878],[-97.7627,30.47881],[-97.76319,30.47897],[-97.76375,30.47915],[-97.76374,30.47958],[-97.76374,30.47978],[-97.76371,30.48101],[-97.7637,30.48115],[-97.76368,30.48188],[-97.76204,30.4824],[-97.76192,30.48244],[-97.76086,30.48278],[-97.75906,30.48334],[-97.75739,30.48386],[-97.7573,30.48389],[-97.75732,30.48394],[-97.75733,30.48399],[-97.75737,30.48409],[-97.75754,30.48458],[-97.75789,30.48562],[-97.7582,30.48649],[-97.75843,30.48715],[-97.75841,30.48722],[-97.75842,30.48736],[-97.75842,30.48738],[-97.75739,30.4877],[-97.75706,30.4878],[-97.75641,30.48801],[-97.75538,30.48508],[-97.75536,30.48501],[-97.75268,30.48517],[-97.75241,30.48519],[-97.75259,30.48615],[-97.74951,30.48616],[-97.75025,30.48803],[-97.75136,30.49082],[-97.752,30.49243],[-97.75238,30.49339],[-97.75338,30.49592],[-97.75384,30.49578],[-97.75397,30.49604],[-97.75347,30.49619],[-97.75318,30.49627],[-97.75303,30.49629],[-97.75292,30.4963],[-97.75281,30.49629],[-97.75266,30.49627],[-97.75249,30.49621],[-97.75205,30.49605],[-97.75091,30.49729],[-97.7507,30.4976],[-97.7506,30.49778],[-97.75051,30.498],[-97.75046,30.49813],[-97.75036,30.4985],[-97.75032,30.49884],[-97.75033,30.49909],[-97.75035,30.49933],[-97.75048,30.49974],[-97.74722,30.50055],[-97.74566,30.50095],[-97.74477,30.50118],[-97.74525,30.50233],[-97.74553,30.50302],[-97.74611,30.50443],[-97.7464,30.50514],[-97.74642,30.50519],[-97.74523,30.50558],[-97.74414,30.50594],[-97.74456,30.50696],[-97.74475,30.50742],[-97.74488,30.50774],[-97.74493,30.50785],[-97.74496,30.50794],[-97.74496,30.50797],[-97.74529,30.50877],[-97.74541,30.50905],[-97.74554,30.50933],[-97.7461,30.51074],[-97.74619,30.51096],[-97.74694,30.51278],[-97.74711,30.5132],[-97.74727,30.51358],[-97.74737,30.51384],[-97.74766,30.51457],[-97.74783,30.51495],[-97.74799,30.51532],[-97.74818,30.51577],[-97.74852,30.51665],[-97.74855,30.51662],[-97.74881,30.5164],[-97.74884,30.51637],[-97.74893,30.51629],[-97.74899,30.51624],[-97.74932,30.51599],[-97.74963,30.51575],[-97.75002,30.51545],[-97.75122,30.51485],[-97.75165,30.51464],[-97.75184,30.51454],[-97.75192,30.51452],[-97.75223,30.51442],[-97.75235,30.51438],[-97.75247,30.51434],[-97.75251,30.51433],[-97.75272,30.5143],[-97.75291,30.51427],[-97.75292,30.51426],[-97.75328,30.51406],[-97.75387,30.51374],[-97.75441,30.51336],[-97.75465,30.51319],[-97.75473,30.51313],[-97.75551,30.51228],[-97.75563,30.5121],[-97.75587,30.5117],[-97.75632,30.511],[-97.75637,30.51092],[-97.75642,30.5108],[-97.75657,30.51046],[-97.75663,30.51031],[-97.75664,30.51028],[-97.75667,30.51018],[-97.75668,30.51014],[-97.75671,30.51009],[-97.75671,30.51007],[-97.75749,30.50925],[-97.75772,30.50901],[-97.75789,30.5089],[-97.75804,30.50881],[-97.75836,30.50861],[-97.75841,30.50858],[-97.75856,30.50849],[-97.75879,30.50835],[-97.75884,30.50833],[-97.75889,30.50832],[-97.75898,30.50832],[-97.75907,30.50832],[-97.75911,30.50832],[-97.75914,30.50832],[-97.75929,30.50832],[-97.7594,30.50831],[-97.75952,30.50831],[-97.75966,30.50831],[-97.75979,30.50831],[-97.75981,30.50831],[-97.76002,30.50827],[-97.76109,30.5081],[-97.76156,30.50802],[-97.76159,30.50801],[-97.76165,30.50773],[-97.76181,30.50708],[-97.762,30.50629],[-97.76349,30.50686],[-97.76336,30.50695],[-97.76331,30.50699],[-97.76325,30.50704],[-97.76321,30.50707],[-97.7631,30.50719],[-97.76299,30.5073],[-97.76292,30.50759],[-97.76327,30.50756],[-97.76339,30.50755],[-97.76341,30.50755],[-97.76348,30.50754],[-97.7637,30.50753],[-97.76396,30.5075],[-97.76466,30.50745],[-97.76511,30.50742],[-97.76517,30.50741],[-97.76523,30.50739],[-97.76535,30.50735],[-97.76603,30.50711],[-97.76617,30.50726],[-97.76622,30.50722],[-97.76765,30.50616],[-97.76809,30.50598],[-97.76856,30.50578],[-97.76892,30.50562],[-97.77074,30.50482],[-97.77093,30.50474],[-97.77122,30.50474],[-97.77174,30.50475],[-97.77185,30.50475],[-97.77192,30.50475],[-97.77197,30.50475],[-97.77202,30.50474],[-97.77203,30.50474],[-97.77205,30.50474],[-97.77209,30.50474],[-97.77212,30.50474],[-97.77215,30.50475],[-97.77219,30.50475],[-97.77222,30.50474],[-97.77225,30.50472],[-97.77277,30.50447],[-97.77332,30.5042],[-97.77523,30.50342],[-97.7753,30.5034],[-97.77554,30.50393],[-97.77562,30.50391],[-97.77568,30.50384],[-97.77579,30.50375],[-97.77602,30.5036],[-97.77607,30.50352],[-97.77618,30.50354],[-97.77624,30.50352],[-97.77632,30.5035],[-97.77643,30.50347],[-97.77651,30.50345],[-97.77652,30.50326],[-97.77666,30.50343],[-97.77682,30.50339],[-97.77689,30.50338],[-97.77691,30.50337],[-97.77696,30.50338],[-97.77701,30.50338],[-97.77704,30.50338],[-97.77712,30.50338],[-97.77714,30.50338],[-97.77725,30.50337],[-97.77732,30.50337],[-97.77736,30.50337],[-97.7774,30.50336],[-97.77746,30.50336],[-97.77747,30.50336],[-97.77768,30.50336],[-97.77775,30.50337],[-97.77778,30.50337],[-97.77781,30.50337],[-97.77785,30.50338],[-97.77793,30.50338],[-97.77796,30.50338],[-97.77798,30.50338],[-97.77801,30.50338],[-97.77823,30.5034],[-97.77842,30.50341],[-97.77849,30.50342],[-97.77852,30.50343],[-97.77858,30.50344],[-97.7786,30.50344],[-97.77868,30.50344],[-97.77872,30.50344],[-97.77874,30.50343],[-97.77877,30.50341],[-97.77881,30.5034],[-97.77888,30.50342],[-97.7789,30.50343],[-97.77895,30.50345],[-97.77897,30.50345],[-97.77898,30.50346],[-97.779,30.50346],[-97.77903,30.50348],[-97.77903,30.5035],[-97.77902,30.50353],[-97.77899,30.50355],[-97.77897,30.50357],[-97.77903,30.50359],[-97.77908,30.5036],[-97.7791,30.50361],[-97.77914,30.50362],[-97.77916,30.50363],[-97.77919,30.50364],[-97.77939,30.50368],[-97.77945,30.5037],[-97.7796,30.50374],[-97.77962,30.50375],[-97.77963,30.50375],[-97.77971,30.50377],[-97.77972,30.50378],[-97.78,30.50382],[-97.78023,30.50385],[-97.78042,30.50386],[-97.78061,30.50386],[-97.7807,30.50389],[-97.78082,30.50389],[-97.78095,30.50386],[-97.78103,30.50382],[-97.78111,30.50379],[-97.78127,30.50374],[-97.78143,30.50368],[-97.78164,30.50364],[-97.78173,30.50363],[-97.78181,30.50361],[-97.78188,30.50361],[-97.7819,30.50361],[-97.78193,30.5036],[-97.78199,30.5036],[-97.78201,30.50361],[-97.78205,30.5036],[-97.78212,30.5036],[-97.7822,30.50359],[-97.78223,30.50359],[-97.78232,30.50357],[-97.78241,30.50356],[-97.78249,30.50356],[-97.78264,30.50358],[-97.7827,30.50359],[-97.78281,30.50361],[-97.78292,30.50363],[-97.78298,30.50367],[-97.78305,30.50372],[-97.78313,30.50375],[-97.78327,30.50382],[-97.78338,30.50386],[-97.78346,30.50393],[-97.78348,30.50398],[-97.7835,30.504],[-97.78351,30.50402],[-97.78357,30.50405],[-97.7836,30.50407],[-97.78367,30.50409],[-97.78375,30.50413],[-97.78377,30.50413],[-97.78384,30.50415],[-97.78387,30.50416],[-97.78393,30.50416],[-97.78394,30.50416],[-97.78396,30.50415],[-97.78402,30.50416],[-97.78408,30.50418],[-97.78412,30.50421],[-97.78417,30.50423],[-97.78422,30.50425],[-97.78572,30.5047],[-97.78583,30.5048],[-97.78608,30.50488],[-97.78695,30.50511],[-97.78726,30.50519],[-97.78741,30.50522],[-97.78749,30.50523],[-97.78759,30.50523],[-97.78769,30.50523],[-97.78778,30.50523],[-97.78782,30.50523],[-97.78787,30.50521],[-97.78806,30.5052],[-97.78822,30.50528],[-97.78828,30.50537],[-97.78838,30.50542],[-97.78876,30.50563],[-97.78881,30.50566],[-97.78891,30.50569],[-97.78917,30.50574],[-97.78927,30.50576],[-97.78969,30.5058],[-97.7899,30.50577],[-97.79042,30.50564],[-97.79116,30.50545],[-97.79127,30.5054],[-97.79195,30.50511],[-97.79241,30.50477],[-97.79318,30.50428],[-97.79366,30.50398],[-97.79399,30.50393],[-97.79497,30.50342],[-97.79588,30.50278],[-97.79594,30.50267],[-97.79609,30.50236],[-97.79621,30.50219],[-97.79637,30.50191],[-97.79675,30.50132],[-97.79687,30.50108],[-97.79733,30.50023],[-97.7976,30.49975],[-97.79775,30.4996],[-97.79776,30.49955],[-97.79789,30.49941],[-97.79811,30.49935],[-97.79848,30.49909],[-97.79847,30.49895],[-97.79847,30.49888],[-97.7987,30.4987],[-97.79893,30.49852],[-97.79903,30.49843],[-97.79978,30.49782],[-97.80038,30.49743],[-97.80077,30.49726],[-97.80085,30.49723],[-97.80154,30.49694],[-97.80181,30.49689],[-97.80215,30.49683],[-97.80237,30.49668],[-97.80247,30.49664],[-97.80272,30.49655],[-97.80291,30.49647],[-97.80299,30.49644],[-97.80314,30.49643],[-97.8034,30.49641],[-97.80368,30.49639],[-97.80388,30.49638],[-97.80417,30.49637],[-97.80446,30.49632],[-97.80463,30.49625],[-97.80469,30.49622],[-97.80475,30.4962],[-97.80502,30.49601],[-97.80507,30.49597],[-97.80513,30.49593],[-97.80536,30.49579],[-97.80574,30.49554],[-97.80596,30.49534],[-97.80606,30.49521],[-97.80616,30.49508],[-97.80626,30.49486],[-97.80625,30.49481],[-97.80623,30.49481],[-97.80574,30.49475],[-97.80559,30.49473],[-97.80568,30.49382],[-97.80568,30.49375],[-97.80575,30.49304],[-97.80569,30.49224],[-97.80526,30.49147],[-97.80523,30.49101],[-97.80522,30.49085],[-97.80521,30.49072],[-97.8052,30.49059],[-97.8052,30.49046],[-97.80579,30.48922],[-97.80608,30.4886],[-97.80613,30.48851],[-97.80618,30.48842],[-97.80625,30.48833],[-97.80631,30.48825],[-97.80639,30.48817],[-97.80647,30.48809],[-97.80655,30.48802],[-97.80664,30.48796],[-97.80673,30.48789],[-97.80683,30.48784],[-97.80693,30.48778],[-97.80704,30.48774],[-97.80715,30.4877],[-97.80739,30.48761],[-97.80751,30.48758],[-97.80699,30.48625],[-97.80698,30.48619],[-97.80696,30.4861],[-97.80691,30.48601],[-97.80675,30.48569],[-97.80558,30.4833],[-97.80556,30.48306],[-97.80556,30.48302],[-97.80556,30.48288],[-97.80538,30.48254],[-97.80521,30.48225],[-97.80501,30.48195],[-97.80373,30.48034],[-97.80346,30.47998],[-97.80326,30.47974],[-97.80324,30.4797],[-97.80346,30.47957],[-97.80354,30.47953],[-97.80397,30.47928],[-97.80441,30.47902],[-97.80473,30.47882],[-97.80495,30.4787],[-97.80775,30.47782],[-97.80877,30.47749],[-97.81194,30.47647],[-97.81257,30.47627],[-97.81515,30.47536],[-97.81528,30.47531],[-97.81507,30.47479],[-97.81502,30.47468],[-97.81507,30.47467],[-97.81432,30.47287],[-97.81382,30.47163],[-97.81318,30.47007],[-97.81242,30.46821],[-97.81172,30.46646],[-97.8117,30.46647],[-97.81168,30.46642],[-97.81163,30.46629],[-97.81115,30.4651],[-97.81072,30.46411],[-97.81069,30.46404],[-97.81062,30.46389],[-97.81066,30.46389],[-97.81077,30.46387],[-97.81137,30.46374],[-97.81234,30.46341],[-97.81334,30.46307],[-97.81401,30.46285],[-97.81541,30.46242],[-97.81603,30.46224],[-97.81607,30.46222],[-97.81645,30.46209],[-97.81768,30.46167],[-97.81786,30.46161],[-97.82,30.46091],[-97.82014,30.46102],[-97.82101,30.46029],[-97.82148,30.45984],[-97.82212,30.45921],[-97.82298,30.45838],[-97.82304,30.45833],[-97.82323,30.45817],[-97.82388,30.45756],[-97.82547,30.45616],[-97.82562,30.456],[-97.82569,30.45598],[-97.82606,30.45585],[-97.82588,30.45573],[-97.82594,30.45573],[-97.82601,30.45573],[-97.82607,30.45574],[-97.82611,30.45574],[-97.82631,30.45566],[-97.82645,30.45569],[-97.82788,30.45602],[-97.82853,30.45621],[-97.82882,30.45628],[-97.82919,30.45639],[-97.82938,30.45644],[-97.83049,30.45687],[-97.83067,30.45696],[-97.83086,30.45703],[-97.83137,30.45722],[-97.83157,30.45727],[-97.83183,30.45731],[-97.83225,30.45739],[-97.83285,30.45746],[-97.83318,30.45753],[-97.83335,30.45756],[-97.83365,30.45761],[-97.83385,30.45764],[-97.83402,30.45767],[-97.83413,30.45771],[-97.83429,30.45778],[-97.83456,30.45789],[-97.8351,30.45829],[-97.83578,30.45879],[-97.83587,30.45886],[-97.83662,30.45941],[-97.83724,30.45983],[-97.83744,30.45995],[-97.8375,30.46001],[-97.83781,30.46022],[-97.83798,30.46034],[-97.83817,30.46044],[-97.83816,30.4605],[-97.83832,30.46056],[-97.83879,30.46067],[-97.8389,30.46067],[-97.83922,30.46063],[-97.83926,30.46062],[-97.83934,30.4606],[-97.83965,30.46051],[-97.83964,30.46047],[-97.83966,30.46046],[-97.83974,30.46044],[-97.84,30.46033],[-97.84031,30.46021],[-97.84089,30.45995],[-97.84109,30.45987],[-97.84121,30.45973],[-97.84138,30.45962],[-97.84218,30.45925],[-97.84321,30.45891],[-97.84409,30.45865],[-97.84464,30.45825],[-97.84519,30.45784],[-97.84584,30.45737],[-97.8463,30.45632],[-97.84632,30.45626],[-97.84677,30.45456],[-97.84762,30.45349],[-97.84811,30.45312],[-97.84838,30.45292],[-97.84856,30.45279],[-97.84872,30.45267],[-97.84904,30.45253],[-97.84932,30.45242],[-97.84954,30.45232],[-97.84964,30.45228],[-97.84972,30.45225],[-97.84974,30.45224],[-97.85,30.45213],[-97.85027,30.45202],[-97.8504,30.45196],[-97.85032,30.45187],[-97.85034,30.45177],[-97.84923,30.45072],[-97.84907,30.45075],[-97.84844,30.45085],[-97.84816,30.45128],[-97.84771,30.45198],[-97.84706,30.45301],[-97.84617,30.45343],[-97.84555,30.45372],[-97.84501,30.45333],[-97.84298,30.45184],[-97.8432,30.45151],[-97.84372,30.45074],[-97.84359,30.45051],[-97.84339,30.45045],[-97.84304,30.45036],[-97.84268,30.45026],[-97.84219,30.45006],[-97.84138,30.44998],[-97.84035,30.44947],[-97.83991,30.44931],[-97.83962,30.449],[-97.83887,30.44852],[-97.83819,30.44824],[-97.83807,30.44817],[-97.83802,30.44815],[-97.83769,30.44809],[-97.83754,30.44788],[-97.83742,30.44782],[-97.83734,30.44777],[-97.8371,30.44747],[-97.83693,30.44728],[-97.83682,30.44713],[-97.83676,30.44706],[-97.83617,30.44684],[-97.83668,30.44607],[-97.83687,30.44616],[-97.83722,30.4463],[-97.83894,30.44708],[-97.843,30.44889],[-97.84444,30.44955],[-97.84457,30.44961],[-97.84638,30.45046],[-97.84801,30.44921],[-97.84851,30.44881],[-97.84857,30.44876],[-97.84954,30.44854],[-97.84995,30.4492],[-97.85017,30.44963],[-97.85027,30.44982],[-97.8504,30.45007],[-97.85099,30.45025],[-97.85119,30.45031],[-97.85219,30.45122],[-97.85236,30.45113],[-97.85327,30.45068],[-97.85344,30.4506],[-97.85391,30.45037],[-97.85427,30.45023],[-97.85429,30.45027],[-97.85433,30.45031],[-97.85443,30.45027],[-97.85449,30.45025],[-97.85469,30.45018],[-97.85485,30.45013],[-97.85551,30.44991],[-97.8556,30.44987],[-97.85585,30.44978],[-97.85614,30.44964],[-97.85625,30.44959],[-97.85635,30.44954],[-97.85649,30.44945],[-97.8567,30.44933],[-97.85682,30.44926],[-97.85722,30.44901],[-97.85733,30.44894],[-97.85767,30.44863],[-97.85785,30.44848],[-97.85804,30.4483],[-97.85809,30.44822],[-97.85815,30.44812],[-97.85845,30.44771],[-97.85864,30.4473],[-97.85878,30.44713],[-97.8588,30.44711],[-97.85888,30.44702],[-97.859,30.44692],[-97.85909,30.44686],[-97.85916,30.44683],[-97.85931,30.44678],[-97.85947,30.44672],[-97.85956,30.44668],[-97.86061,30.4462],[-97.86094,30.44597],[-97.86127,30.4458],[-97.86188,30.44548],[-97.86195,30.44544],[-97.86208,30.44535],[-97.86219,30.44525],[-97.86236,30.44508],[-97.86316,30.44435],[-97.86466,30.4433],[-97.86535,30.44282],[-97.86565,30.44263],[-97.86556,30.44253],[-97.86566,30.44247],[-97.86582,30.4424],[-97.86608,30.44231],[-97.86631,30.44223],[-97.86662,30.44213],[-97.86688,30.44203],[-97.86713,30.44192],[-97.86744,30.44175],[-97.86776,30.44157],[-97.86829,30.44128],[-97.86847,30.4412],[-97.86868,30.441],[-97.8691,30.44057],[-97.86926,30.44042],[-97.86975,30.43997],[-97.87015,30.44017],[-97.8711,30.44061],[-97.87189,30.44098],[-97.87196,30.44094],[-97.8724,30.44068],[-97.87371,30.43986],[-97.87382,30.43978],[-97.87398,30.43966],[-97.87437,30.43936],[-97.87454,30.4392],[-97.87488,30.43893],[-97.87507,30.43877],[-97.87529,30.43855],[-97.87547,30.43837],[-97.87561,30.43821],[-97.87569,30.4381],[-97.87574,30.43795],[-97.87578,30.43774],[-97.8758,30.43758],[-97.87589,30.43731],[-97.87601,30.43701],[-97.87608,30.43675],[-97.87623,30.43583],[-97.87627,30.43562],[-97.87632,30.43544],[-97.87643,30.43523],[-97.8766,30.43503],[-97.87681,30.43475],[-97.87702,30.43453],[-97.87716,30.43441],[-97.87734,30.4343],[-97.87752,30.43423],[-97.87778,30.43414],[-97.87804,30.43411],[-97.8782,30.4341],[-97.87835,30.43412],[-97.87846,30.43414],[-97.87857,30.43417],[-97.87866,30.4342],[-97.87876,30.43425],[-97.87878,30.43396],[-97.87875,30.43394],[-97.87872,30.43393],[-97.87866,30.43391],[-97.8786,30.43388],[-97.87851,30.43386],[-97.87841,30.43384],[-97.87831,30.43383],[-97.87822,30.43383],[-97.87815,30.43383],[-97.87808,30.43384],[-97.87802,30.43384],[-97.87801,30.43381],[-97.87801,30.43353],[-97.87883,30.43356],[-97.87904,30.43357],[-97.87936,30.43228],[-97.87939,30.43215],[-97.87972,30.43216],[-97.88009,30.43217],[-97.8801,30.4321],[-97.88019,30.43142],[-97.88024,30.43109],[-97.88012,30.43111],[-97.88008,30.43112],[-97.88004,30.43112],[-97.88001,30.43113],[-97.87997,30.43113],[-97.87993,30.43113],[-97.87989,30.43114],[-97.87985,30.43114],[-97.87981,30.43114],[-97.87977,30.43114],[-97.87972,30.43115],[-97.87968,30.43115],[-97.87964,30.43115],[-97.8796,30.43115],[-97.87956,30.43115],[-97.87951,30.43114],[-97.87947,30.43114],[-97.87944,30.43114],[-97.8794,30.43114],[-97.87935,30.43113],[-97.87931,30.43113],[-97.87928,30.43113],[-97.87923,30.43112],[-97.87919,30.43111],[-97.87916,30.43112],[-97.87912,30.43129],[-97.87806,30.43092],[-97.87781,30.43111],[-97.87723,30.43053],[-97.877,30.4303],[-97.87694,30.43024],[-97.87691,30.43021],[-97.87607,30.43027],[-97.87603,30.43036],[-97.87579,30.43083],[-97.87544,30.43151],[-97.87496,30.43151],[-97.87499,30.43036],[-97.87463,30.43021],[-97.87452,30.43016],[-97.87485,30.42872],[-97.87502,30.42796],[-97.87481,30.42802],[-97.87447,30.42792],[-97.87435,30.42749],[-97.8741,30.42712],[-97.8738,30.42688],[-97.87362,30.42681],[-97.87367,30.42656],[-97.87381,30.42633],[-97.87392,30.42616],[-97.87526,30.42683],[-97.87514,30.42745],[-97.87599,30.42759],[-97.87621,30.42762],[-97.87805,30.42791],[-97.87816,30.42793],[-97.87863,30.42801],[-97.87873,30.42789],[-97.8811,30.42529],[-97.88116,30.42522],[-97.88152,30.42476],[-97.88375,30.42216],[-97.88389,30.42224],[-97.88654,30.4239],[-97.8868,30.42406],[-97.88732,30.42437],[-97.88783,30.4247],[-97.88852,30.42513],[-97.88862,30.42505],[-97.88874,30.42494],[-97.88885,30.42484],[-97.88899,30.42474],[-97.88917,30.4246],[-97.88958,30.42428],[-97.88971,30.42415],[-97.8899,30.42398],[-97.89005,30.42387],[-97.89021,30.42376],[-97.89033,30.42369],[-97.8905,30.42359],[-97.89067,30.42351],[-97.8908,30.42345],[-97.89104,30.42336],[-97.89124,30.4233],[-97.89142,30.42324],[-97.89154,30.42322],[-97.89165,30.42321],[-97.89172,30.42322],[-97.89189,30.42325],[-97.89199,30.4233],[-97.89208,30.42335],[-97.89217,30.42343],[-97.8926,30.42405],[-97.89287,30.42436],[-97.89292,30.42439],[-97.89315,30.42455],[-97.89348,30.42469],[-97.89383,30.42476],[-97.89411,30.42477],[-97.89438,30.42474],[-97.89472,30.42463],[-97.89503,30.42446],[-97.8952,30.42432],[-97.8954,30.42414],[-97.89572,30.42385],[-97.89601,30.42354],[-97.89621,30.42328],[-97.89647,30.42293],[-97.8966,30.42271],[-97.89673,30.4225],[-97.89674,30.42241],[-97.89693,30.42211],[-97.89715,30.42176],[-97.89736,30.42152],[-97.89761,30.42131],[-97.89779,30.42118],[-97.89803,30.42104],[-97.89833,30.42092],[-97.89944,30.42043],[-97.89972,30.42031],[-97.89988,30.42023],[-97.90029,30.41998],[-97.90049,30.41986],[-97.90065,30.41975],[-97.90088,30.41958],[-97.90111,30.41939],[-97.90124,30.41927],[-97.90142,30.41909],[-97.90163,30.41887],[-97.90174,30.41874],[-97.90196,30.41845],[-97.90219,30.41811],[-97.9023,30.4179],[-97.90241,30.41768],[-97.90255,30.41738],[-97.90268,30.41709],[-97.90274,30.41683],[-97.90278,30.41652],[-97.90283,30.4161],[-97.90281,30.41549],[-97.90279,30.41457],[-97.90277,30.41374],[-97.90274,30.41274],[-97.90271,30.41165],[-97.9027,30.41063],[-97.9027,30.41029],[-97.90269,30.4101],[-97.90269,30.40957],[-97.90268,30.40904],[-97.90268,30.40852],[-97.90312,30.40744],[-97.90321,30.40655],[-97.90323,30.40636],[-97.90329,30.40627],[-97.90334,30.40615],[-97.90338,30.40603],[-97.90339,30.40591],[-97.90339,30.40578],[-97.90336,30.40565],[-97.90332,30.40553],[-97.90325,30.40542],[-97.90301,30.40509],[-97.90291,30.40493],[-97.90281,30.40481],[-97.9027,30.4047],[-97.90262,30.40464],[-97.90253,30.40458],[-97.90243,30.40453],[-97.90229,30.40447],[-97.90213,30.40442],[-97.90197,30.40439],[-97.90185,30.40438],[-97.90176,30.40438],[-97.90157,30.4044],[-97.90139,30.4044],[-97.9012,30.40439],[-97.90102,30.40435],[-97.90085,30.4043],[-97.90075,30.40426],[-97.90068,30.40424],[-97.90052,30.40415],[-97.90038,30.40406],[-97.90024,30.40395],[-97.90019,30.40382],[-97.90012,30.40374],[-97.89997,30.40363],[-97.89995,30.40362],[-97.89985,30.40358],[-97.89975,30.40356],[-97.89963,30.40355],[-97.89952,30.40356],[-97.89945,30.40358],[-97.89932,30.40363],[-97.89923,30.40369],[-97.89916,30.40377],[-97.8991,30.40385],[-97.89906,30.40394],[-97.89904,30.40403],[-97.899,30.40409],[-97.89893,30.40403],[-97.89886,30.40397],[-97.89877,30.40392],[-97.89867,30.4039],[-97.89857,30.40389],[-97.89846,30.4039],[-97.89837,30.40393],[-97.89828,30.40397],[-97.89819,30.40403],[-97.89813,30.40409],[-97.89809,30.40417],[-97.89806,30.40426],[-97.89805,30.40434],[-97.89806,30.40446],[-97.89804,30.40454],[-97.89802,30.4047],[-97.89801,30.40485],[-97.898,30.40501],[-97.89799,30.40517],[-97.89799,30.40532],[-97.898,30.40548],[-97.898,30.40557],[-97.89802,30.40571],[-97.89803,30.40586],[-97.89804,30.40594],[-97.89807,30.4061],[-97.8981,30.40625],[-97.89812,30.40633],[-97.89813,30.40644],[-97.89812,30.40655],[-97.89812,30.40662],[-97.89812,30.40671],[-97.89813,30.4068],[-97.89814,30.40689],[-97.89816,30.40698],[-97.89818,30.40707],[-97.89818,30.40708],[-97.89821,30.40715],[-97.89824,30.40724],[-97.89827,30.40733],[-97.89832,30.40741],[-97.89836,30.40749],[-97.89837,30.40761],[-97.89784,30.40715],[-97.89729,30.40668],[-97.8972,30.40663],[-97.89712,30.40658],[-97.89702,30.40652],[-97.89691,30.40645],[-97.89681,30.4064],[-97.8967,30.40634],[-97.89659,30.40629],[-97.89648,30.40625],[-97.89634,30.4062],[-97.89625,30.40617],[-97.89613,30.40613],[-97.89601,30.4061],[-97.89584,30.40607],[-97.89576,30.40606],[-97.89564,30.40604],[-97.89551,30.40603],[-97.89544,30.40601],[-97.89536,30.406],[-97.89524,30.406],[-97.89511,30.40601],[-97.89498,30.40604],[-97.89485,30.40608],[-97.89474,30.40614],[-97.89464,30.40622],[-97.89455,30.40631],[-97.89448,30.4064],[-97.89443,30.40651],[-97.89439,30.40662],[-97.89433,30.40681],[-97.8942,30.40722],[-97.89417,30.4073],[-97.89414,30.40737],[-97.89412,30.40745],[-97.89411,30.40753],[-97.8941,30.4076],[-97.8941,30.40768],[-97.8941,30.40776],[-97.8941,30.40784],[-97.89411,30.40792],[-97.89413,30.408],[-97.89415,30.40808],[-97.89417,30.40815],[-97.89419,30.40819],[-97.89421,30.40823],[-97.89424,30.4083],[-97.89428,30.40837],[-97.89433,30.40844],[-97.89437,30.40851],[-97.89443,30.40857],[-97.89449,30.40863],[-97.89454,30.40869],[-97.89461,30.40875],[-97.89468,30.4088],[-97.89475,30.40885],[-97.89482,30.4089],[-97.8949,30.40894],[-97.89498,30.40898],[-97.89506,30.40902],[-97.89515,30.40904],[-97.89548,30.4092],[-97.89608,30.40948],[-97.89602,30.40953],[-97.89596,30.40959],[-97.8959,30.40963],[-97.89584,30.40968],[-97.89576,30.40972],[-97.89569,30.40976],[-97.89562,30.4098],[-97.89554,30.40983],[-97.89546,30.40985],[-97.89538,30.40988],[-97.8953,30.4099],[-97.89521,30.40991],[-97.89513,30.40992],[-97.89504,30.40993],[-97.89491,30.40993],[-97.89484,30.40993],[-97.89469,30.40995],[-97.89454,30.40997],[-97.89446,30.40998],[-97.89439,30.40999],[-97.89432,30.41],[-97.89424,30.41002],[-97.89417,30.41003],[-97.89406,30.41006],[-97.89402,30.41007],[-97.89394,30.41009],[-97.8938,30.41013],[-97.89374,30.41015],[-97.89367,30.41017],[-97.89357,30.41021],[-97.89345,30.4103],[-97.89333,30.41037],[-97.89319,30.41043],[-97.89304,30.41047],[-97.89289,30.41049],[-97.89273,30.4105],[-97.89258,30.41049],[-97.89243,30.41046],[-97.89229,30.41041],[-97.89215,30.41035],[-97.89203,30.41028],[-97.89197,30.41023],[-97.89146,30.41029],[-97.89134,30.41011],[-97.89089,30.41021],[-97.89085,30.41025],[-97.89079,30.41028],[-97.89073,30.4103],[-97.89067,30.41031],[-97.8906,30.41031],[-97.89054,30.4103],[-97.89048,30.41028],[-97.89043,30.41026],[-97.89038,30.41022],[-97.8903,30.41013],[-97.89027,30.41002],[-97.89027,30.40997],[-97.89028,30.40991],[-97.89026,30.40984],[-97.89022,30.40972],[-97.89016,30.40958],[-97.89012,30.40952],[-97.89007,30.40945],[-97.88997,30.40934],[-97.88979,30.4092],[-97.88956,30.40907],[-97.88936,30.40899],[-97.88911,30.40895],[-97.88895,30.40894],[-97.88876,30.40895],[-97.8887,30.40896],[-97.88859,30.40895],[-97.88845,30.40896],[-97.88832,30.40898],[-97.88819,30.40902],[-97.88816,30.40905],[-97.88807,30.40908],[-97.88802,30.40912],[-97.88791,30.4092],[-97.88783,30.40929],[-97.88776,30.40939],[-97.8877,30.4095],[-97.88767,30.40961],[-97.88766,30.40973],[-97.88766,30.40994],[-97.88767,30.41017],[-97.88769,30.4104],[-97.88771,30.41063],[-97.88772,30.41074],[-97.88774,30.41085],[-97.88776,30.41097],[-97.88781,30.41107],[-97.88782,30.41118],[-97.88779,30.41128],[-97.88771,30.41137],[-97.88761,30.41143],[-97.88749,30.41145],[-97.88737,30.41143],[-97.88636,30.41178],[-97.88617,30.41189],[-97.88597,30.41199],[-97.88576,30.41206],[-97.88565,30.4121],[-97.88554,30.41212],[-97.88543,30.41215],[-97.88532,30.41217],[-97.88521,30.41218],[-97.8851,30.41219],[-97.88498,30.4122],[-97.88487,30.4122],[-97.88475,30.4122],[-97.88464,30.41219],[-97.88453,30.41218],[-97.88441,30.41217],[-97.88431,30.41213],[-97.88195,30.41165],[-97.8818,30.41165],[-97.88201,30.41113],[-97.88202,30.41054],[-97.88203,30.4104],[-97.88141,30.41035],[-97.88107,30.41033],[-97.88064,30.41004],[-97.88047,30.40992],[-97.88038,30.40989],[-97.87974,30.40942],[-97.87883,30.40715],[-97.87871,30.40534],[-97.87981,30.40257],[-97.87998,30.40213],[-97.88002,30.40208],[-97.88114,30.40088],[-97.8817,30.40045],[-97.8819,30.4003],[-97.88368,30.39892],[-97.88373,30.39888],[-97.8861,30.39792],[-97.88663,30.3977],[-97.88835,30.39701],[-97.88854,30.39697],[-97.889,30.39688],[-97.88976,30.39673],[-97.89151,30.39638],[-97.89491,30.39571],[-97.89543,30.39566],[-97.89656,30.39555],[-97.89669,30.39554],[-97.89888,30.39532],[-97.89912,30.3953],[-97.89928,30.39527],[-97.89943,30.39524],[-97.90406,30.39432],[-97.90778,30.39327],[-97.90783,30.39337],[-97.90857,30.39458],[-97.90873,30.39449],[-97.90906,30.39429],[-97.91018,30.39385],[-97.91095,30.39326],[-97.91125,30.39303],[-97.91141,30.39291],[-97.91295,30.39218],[-97.91422,30.3905],[-97.91475,30.38977],[-97.91512,30.38945],[-97.91554,30.38897],[-97.91574,30.38868],[-97.91638,30.38741],[-97.91649,30.38711],[-97.91657,30.38672],[-97.91674,30.38585],[-97.91687,30.3842],[-97.91686,30.38413],[-97.91688,30.38391],[-97.91689,30.38351],[-97.9169,30.38311],[-97.91681,30.38207],[-97.91668,30.38102],[-97.91663,30.37997],[-97.91664,30.37992],[-97.91679,30.37913],[-97.91684,30.37846],[-97.91687,30.37836],[-97.9169,30.37813],[-97.91702,30.3781],[-97.91729,30.37804],[-97.91754,30.37795],[-97.91757,30.37793],[-97.91777,30.37781],[-97.91797,30.37765],[-97.91805,30.37756],[-97.91814,30.37745],[-97.91826,30.37724],[-97.91833,30.37702],[-97.91836,30.37685],[-97.91837,30.37677],[-97.91837,30.37669],[-97.91835,30.37645],[-97.91829,30.37621],[-97.91823,30.37608],[-97.91803,30.37571],[-97.91798,30.37563],[-97.91783,30.37543],[-97.91767,30.37528],[-97.91757,30.3752],[-97.91732,30.37504],[-97.91707,30.37493],[-97.91692,30.37489],[-97.91688,30.37488],[-97.91687,30.37416],[-97.91685,30.37353],[-97.91681,30.37288],[-97.91678,30.37245],[-97.91674,30.37202],[-97.91673,30.37181],[-97.91672,30.37169],[-97.91673,30.37164],[-97.91676,30.37142],[-97.91676,30.37137],[-97.91674,30.37116],[-97.91668,30.37093],[-97.91657,30.37072],[-97.91653,30.37065],[-97.91655,30.3705],[-97.91653,30.37026],[-97.91648,30.36998],[-97.91648,30.3699],[-97.9165,30.36979],[-97.91649,30.36974],[-97.91649,30.3697],[-97.9165,30.36958],[-97.91649,30.36934],[-97.91645,30.3692],[-97.91645,30.36913],[-97.91645,30.36905],[-97.91644,30.36887],[-97.91642,30.36877],[-97.91642,30.36869],[-97.91639,30.36855],[-97.91641,30.36849],[-97.91644,30.36826],[-97.91642,30.36802],[-97.91635,30.36778],[-97.91634,30.36776],[-97.91632,30.36757],[-97.91632,30.36756],[-97.91637,30.3674],[-97.9164,30.36717],[-97.91638,30.36693],[-97.91632,30.36669],[-97.9162,30.36648],[-97.91621,30.36637],[-97.91619,30.36613],[-97.91613,30.3659],[-97.91604,30.36572],[-97.91598,30.36542],[-97.91596,30.36531],[-97.91592,30.36507],[-97.91588,30.36482],[-97.91584,30.36457],[-97.91581,30.36435],[-97.91605,30.36434],[-97.91632,30.36428],[-97.91657,30.36419],[-97.9168,30.36405],[-97.917,30.36389],[-97.91716,30.3637],[-97.91726,30.36352],[-97.91728,30.36348],[-97.91733,30.36337],[-97.91737,30.36324],[-97.91741,30.36308],[-97.91743,30.36298],[-97.91749,30.3627],[-97.9175,30.36263],[-97.91748,30.36238],[-97.91747,30.36236],[-97.91741,30.36214],[-97.91738,30.36206],[-97.91734,30.36198],[-97.91726,30.36185],[-97.91711,30.36165],[-97.91703,30.36158],[-97.91692,30.36147],[-97.91684,30.36141],[-97.91662,30.36128],[-97.91637,30.36117],[-97.91618,30.36112],[-97.9161,30.3611],[-97.91591,30.36102],[-97.91574,30.36097],[-97.91575,30.36086],[-97.91578,30.36073],[-97.9158,30.36059],[-97.91581,30.36051],[-97.91584,30.36044],[-97.9159,30.36024],[-97.91594,30.36014],[-97.91597,30.36005],[-97.91601,30.35995],[-97.91603,30.3599],[-97.91606,30.3599],[-97.91631,30.3598],[-97.91638,30.35976],[-97.9166,30.35968],[-97.91664,30.35966],[-97.91678,30.35959],[-97.91696,30.35948],[-97.91716,30.35931],[-97.91732,30.35913],[-97.91732,30.35911],[-97.91745,30.3589],[-97.91752,30.35868],[-97.91755,30.35844],[-97.91753,30.3582],[-97.91747,30.35796],[-97.91736,30.35774],[-97.91731,30.35768],[-97.91735,30.35761],[-97.91743,30.35738],[-97.91743,30.35735],[-97.91752,30.35728],[-97.91755,30.35725],[-97.91772,30.35706],[-97.91784,30.35684],[-97.91791,30.35665],[-97.91793,30.35656],[-97.91794,30.35653],[-97.91797,30.35629],[-97.91796,30.35626],[-97.91805,30.35615],[-97.91822,30.35619],[-97.91843,30.35623],[-97.91855,30.35629],[-97.91877,30.35639],[-97.91904,30.35645],[-97.91917,30.35646],[-97.91936,30.35651],[-97.91961,30.35654],[-97.91965,30.35655],[-97.91978,30.35658],[-97.91984,30.35661],[-97.91989,30.35664],[-97.91992,30.35665],[-97.91998,30.35688],[-97.92009,30.3571],[-97.92013,30.35716],[-97.92017,30.35721],[-97.92029,30.35736],[-97.92042,30.35748],[-97.92048,30.35753],[-97.92068,30.35766],[-97.92079,30.35772],[-97.92083,30.35774],[-97.92106,30.35784],[-97.9213,30.3579],[-97.92133,30.35791],[-97.9216,30.35794],[-97.92188,30.35792],[-97.92215,30.35786],[-97.9224,30.35777],[-97.92263,30.35763],[-97.92283,30.35747],[-97.92292,30.35736],[-97.92299,30.35728],[-97.92312,30.35706],[-97.92319,30.35683],[-97.92322,30.35659],[-97.92321,30.35635],[-97.92319,30.35629],[-97.92323,30.35604],[-97.92323,30.35599],[-97.92322,30.3559],[-97.92322,30.35583],[-97.9232,30.35571],[-97.92319,30.35565],[-97.92317,30.35559],[-97.92312,30.35542],[-97.92309,30.35534],[-97.92306,30.35529],[-97.92301,30.35518],[-97.92298,30.35512],[-97.92295,30.35507],[-97.92294,30.35505],[-97.92281,30.35483],[-97.92276,30.35476],[-97.92269,30.35468],[-97.92256,30.35454],[-97.92249,30.35448],[-97.92225,30.35429],[-97.92216,30.35425],[-97.92188,30.35412],[-97.92179,30.35408],[-97.92149,30.354],[-97.92139,30.35398],[-97.92125,30.35397],[-97.92114,30.35396],[-97.92056,30.35376],[-97.92037,30.35369],[-97.92008,30.35362],[-97.9201,30.35357],[-97.92018,30.3535],[-97.92029,30.35344],[-97.92039,30.35337],[-97.92059,30.35321],[-97.92076,30.35301],[-97.92079,30.35295],[-97.92089,30.35286],[-97.92137,30.35244],[-97.92203,30.35188],[-97.92238,30.35157],[-97.92254,30.35148],[-97.92274,30.35131],[-97.9228,30.35125],[-97.92303,30.35108],[-97.9231,30.35102],[-97.92408,30.35021],[-97.92436,30.35016],[-97.92449,30.35011],[-97.92461,30.35006],[-97.92482,30.34994],[-97.92484,30.34993],[-97.92504,30.34976],[-97.92512,30.34968],[-97.92518,30.34961],[-97.92526,30.3495],[-97.92538,30.34928],[-97.9254,30.34924],[-97.92554,30.34907],[-97.92566,30.34886],[-97.92571,30.34871],[-97.92677,30.34758],[-97.92719,30.34713],[-97.92745,30.34685],[-97.9276,30.34675],[-97.92767,30.34671],[-97.92787,30.34654],[-97.92801,30.34638],[-97.92818,30.34637],[-97.92837,30.34633],[-97.92845,30.34631],[-97.9287,30.34622],[-97.92893,30.34608],[-97.92897,30.34605],[-97.92908,30.34597],[-97.92924,30.34583],[-97.92941,30.34564],[-97.92953,30.34542],[-97.92961,30.34519],[-97.92963,30.34495],[-97.92962,30.34482],[-97.9297,30.34474],[-97.9298,30.34462],[-97.92989,30.34451],[-97.93009,30.34429],[-97.93019,30.34418],[-97.93029,30.34407],[-97.93039,30.34396],[-97.93059,30.34375],[-97.93069,30.34364],[-97.9308,30.34354],[-97.93082,30.34352],[-97.9309,30.34343],[-97.93122,30.34312],[-97.93133,30.34302],[-97.93138,30.34297],[-97.93144,30.34291],[-97.93166,30.34271],[-97.93189,30.34251],[-97.93193,30.34247],[-97.93204,30.34243],[-97.93228,30.3423],[-97.93231,30.34227],[-97.93247,30.34213],[-97.93255,30.34205],[-97.9326,30.34199],[-97.93269,30.34188],[-97.93297,30.34182],[-97.93323,30.34172],[-97.93344,30.34158],[-97.93366,30.34143],[-97.93382,30.34123],[-97.93394,30.34101],[-97.93402,30.34078],[-97.93405,30.34055],[-97.93404,30.34051],[-97.93418,30.3404],[-97.93434,30.3402],[-97.9344,30.34011],[-97.93441,30.34008],[-97.93443,30.34005],[-97.93446,30.34003],[-97.93451,30.33998],[-97.9346,30.3399],[-97.93469,30.33981],[-97.93477,30.33971],[-97.93485,30.33963],[-97.93494,30.33954],[-97.93502,30.33945],[-97.93511,30.33935],[-97.93518,30.33926],[-97.93521,30.33923],[-97.93533,30.33928],[-97.9356,30.33935],[-97.93562,30.33935],[-97.93577,30.33936],[-97.93587,30.33937],[-97.93615,30.33935],[-97.93641,30.3393],[-97.93667,30.3392],[-97.93671,30.33918],[-97.9369,30.33907],[-97.9371,30.3389],[-97.93726,30.33871],[-97.93738,30.33849],[-97.93746,30.33827],[-97.93749,30.33804],[-97.93751,30.33801],[-97.93761,30.33796],[-97.93767,30.33792],[-97.93778,30.33783],[-97.93792,30.33771],[-97.93808,30.33751],[-97.9382,30.33731],[-97.93824,30.33722],[-97.93832,30.33698],[-97.93835,30.33674],[-97.93835,30.33669]],[[-97.70572,30.1367],[-97.70561,30.13688],[-97.7054,30.13678],[-97.70551,30.1366],[-97.70572,30.1367]],[[-97.82419,30.11336],[-97.82393,30.11329],[-97.82403,30.11303],[-97.82419,30.11306],[-97.82419,30.11336]],[[-97.73043,30.15244],[-97.73043,30.15271],[-97.73011,30.15271],[-97.73012,30.15243],[-97.73043,30.15244]],[[-97.77917,30.32167],[-97.77892,30.32157],[-97.77885,30.32107],[-97.7789,30.32107],[-97.77905,30.32103],[-97.77909,30.32102],[-97.77917,30.32167]],[[-97.72347,30.15641],[-97.7232,30.15682],[-97.72286,30.15667],[-97.72312,30.15624],[-97.72347,30.15641]],[[-97.83717,30.32702],[-97.83684,30.32751],[-97.83663,30.32741],[-97.83654,30.32737],[-97.83686,30.32687],[-97.83694,30.32691],[-97.83694,30.32692],[-97.83698,30.32693],[-97.83717,30.32702]],[[-97.78318,30.39324],[-97.78263,30.39341],[-97.78236,30.39333],[-97.78221,30.39318],[-97.78244,30.39309],[-97.78245,30.39306],[-97.78254,30.39292],[-97.78318,30.39324]],[[-97.80783,30.35274],[-97.8074,30.35305],[-97.80654,30.35332],[-97.8066,30.35322],[-97.80675,30.35299],[-97.80688,30.35298],[-97.80709,30.35292],[-97.8076,30.35276],[-97.8077,30.35272],[-97.80783,30.35274]],[[-97.91566,30.36867],[-97.91565,30.36877],[-97.91564,30.3691],[-97.91553,30.36912],[-97.91487,30.36933],[-97.91486,30.36915],[-97.91487,30.36911],[-97.91486,30.36906],[-97.91486,30.36893],[-97.91566,30.36867]],[[-97.78976,30.29845],[-97.78976,30.29852],[-97.78975,30.29858],[-97.78975,30.29861],[-97.78975,30.29865],[-97.78898,30.29872],[-97.78879,30.29843],[-97.78885,30.29831],[-97.78902,30.29829],[-97.7894,30.29825],[-97.78951,30.29824],[-97.78963,30.29823],[-97.78966,30.29825],[-97.78968,30.29828],[-97.78969,30.29829],[-97.78973,30.29834],[-97.78976,30.29845]],[[-97.90101,30.23453],[-97.90098,30.23459],[-97.90065,30.23528],[-97.90029,30.23511],[-97.90023,30.23485],[-97.90042,30.23469],[-97.90047,30.23455],[-97.90054,30.2343],[-97.90101,30.23453]],[[-97.61892,30.38679],[-97.61879,30.387],[-97.61863,30.38726],[-97.61861,30.38728],[-97.61851,30.38744],[-97.61792,30.38716],[-97.61802,30.38702],[-97.6182,30.38674],[-97.61821,30.38672],[-97.61834,30.38653],[-97.61854,30.38661],[-97.61892,30.38679]],[[-97.69979,30.14835],[-97.69937,30.14894],[-97.6988,30.14854],[-97.69918,30.14793],[-97.69954,30.14818],[-97.69979,30.14835]],[[-97.82148,30.33664],[-97.82141,30.33677],[-97.82144,30.33685],[-97.82135,30.33686],[-97.82129,30.33688],[-97.82126,30.3369],[-97.82123,30.33692],[-97.8212,30.33696],[-97.82119,30.33698],[-97.82111,30.33695],[-97.8202,30.33659],[-97.8203,30.3365],[-97.82036,30.33643],[-97.82047,30.3363],[-97.8205,30.33627],[-97.82052,30.33624],[-97.82057,30.33619],[-97.82065,30.33614],[-97.82066,30.33612],[-97.82073,30.33616],[-97.82138,30.33646],[-97.82132,30.33657],[-97.82148,30.33664]],[[-97.84994,30.34127],[-97.84991,30.34131],[-97.84981,30.34144],[-97.84938,30.34201],[-97.84901,30.34124],[-97.84892,30.34105],[-97.84936,30.34077],[-97.84951,30.34083],[-97.84994,30.34127]],[[-97.84416,30.32578],[-97.84362,30.32613],[-97.84361,30.32614],[-97.84353,30.32603],[-97.84349,30.32597],[-97.84347,30.32594],[-97.84345,30.32592],[-97.84343,30.32588],[-97.8434,30.32583],[-97.84336,30.32577],[-97.84333,30.32571],[-97.84332,30.32568],[-97.84331,30.32566],[-97.8433,30.32565],[-97.84328,30.32561],[-97.84327,30.32559],[-97.84326,30.32556],[-97.84325,30.32554],[-97.84324,30.32551],[-97.84322,30.32547],[-97.8432,30.32544],[-97.84319,30.32541],[-97.84318,30.32538],[-97.84317,30.32535],[-97.84327,30.32528],[-97.84338,30.32521],[-97.8434,30.32519],[-97.84344,30.32515],[-97.84347,30.32512],[-97.84351,30.32509],[-97.84352,30.32508],[-97.84355,30.32505],[-97.84358,30.32503],[-97.84364,30.32499],[-97.84371,30.32493],[-97.84375,30.32488],[-97.84377,30.32486],[-97.84402,30.32473],[-97.84401,30.32478],[-97.84396,30.32499],[-97.84396,30.32514],[-97.84398,30.32536],[-97.84399,30.32545],[-97.84406,30.32544],[-97.84413,30.32571],[-97.84416,30.32578]],[[-97.91371,30.38166],[-97.91371,30.38171],[-97.91296,30.38175],[-97.91276,30.38208],[-97.91272,30.38208],[-97.91268,30.38209],[-97.91289,30.38174],[-97.91285,30.38171],[-97.91267,30.38159],[-97.91246,30.38146],[-97.91264,30.38134],[-97.91292,30.38115],[-97.91304,30.38106],[-97.91342,30.38076],[-97.9136,30.38067],[-97.9136,30.3807],[-97.91364,30.38072],[-97.91368,30.38073],[-97.91365,30.38093],[-97.91363,30.38107],[-97.91363,30.38108],[-97.91361,30.38117],[-97.9136,30.3812],[-97.91362,30.38127],[-97.91365,30.3814],[-97.91367,30.38149],[-97.91367,30.38151],[-97.91369,30.38157],[-97.91369,30.38159],[-97.91371,30.38166]],[[-97.75096,30.16017],[-97.75091,30.16025],[-97.75058,30.16049],[-97.75018,30.16053],[-97.7494,30.16013],[-97.74946,30.16003],[-97.74977,30.15956],[-97.75096,30.16017]],[[-97.87457,30.34882],[-97.87401,30.34928],[-97.87401,30.34924],[-97.874,30.34898],[-97.87398,30.34816],[-97.87397,30.34816],[-97.87395,30.34768],[-97.87397,30.34768],[-97.87401,30.34765],[-97.87403,30.34764],[-97.87406,30.34763],[-97.87416,30.34757],[-97.87421,30.34754],[-97.87426,30.34752],[-97.87429,30.34751],[-97.87433,30.3475],[-97.8744,30.34752],[-97.87441,30.34755],[-97.87443,30.3476],[-97.87451,30.34781],[-97.87451,30.34783],[-97.87454,30.34801],[-97.87457,30.34882]],[[-97.7818,30.41865],[-97.78174,30.41903],[-97.78171,30.41917],[-97.78168,30.41934],[-97.78164,30.41962],[-97.78105,30.41956],[-97.7808,30.41953],[-97.78089,30.419],[-97.78102,30.41849],[-97.7818,30.41865]],[[-97.84359,30.32437],[-97.84355,30.3244],[-97.84351,30.32443],[-97.84349,30.32444],[-97.84348,30.32446],[-97.84346,30.3245],[-97.84342,30.32453],[-97.84339,30.32455],[-97.84335,30.32458],[-97.8433,30.3246],[-97.84328,30.32461],[-97.84327,30.32461],[-97.84326,30.32462],[-97.84317,30.32473],[-97.84306,30.32477],[-97.84305,30.32478],[-97.84304,30.3248],[-97.84303,30.32481],[-97.84302,30.32483],[-97.84301,30.32485],[-97.843,30.32487],[-97.84297,30.32489],[-97.8429,30.32495],[-97.84282,30.32498],[-97.84272,30.32501],[-97.84271,30.32502],[-97.84266,30.32503],[-97.84262,30.32503],[-97.84259,30.32503],[-97.84254,30.32503],[-97.84251,30.32501],[-97.84248,30.32499],[-97.84245,30.32498],[-97.84242,30.32494],[-97.84241,30.32492],[-97.84239,30.32489],[-97.84236,30.32485],[-97.84233,30.32481],[-97.84229,30.32476],[-97.84226,30.32473],[-97.84223,30.32469],[-97.8422,30.32465],[-97.84216,30.32461],[-97.84212,30.32457],[-97.84208,30.32453],[-97.84205,30.3245],[-97.84202,30.32449],[-97.842,30.32447],[-97.84196,30.32444],[-97.84192,30.32439],[-97.84189,30.32436],[-97.84206,30.32416],[-97.84217,30.32406],[-97.84228,30.3238],[-97.84253,30.32403],[-97.8429,30.3242],[-97.84332,30.32418],[-97.84359,30.32437]],[[-97.71731,30.13635],[-97.71726,30.13643],[-97.71683,30.13715],[-97.7158,30.1367],[-97.71624,30.13596],[-97.7163,30.13588],[-97.71731,30.13635]],[[-97.71486,30.12904],[-97.71421,30.13009],[-97.71384,30.13066],[-97.71379,30.13074],[-97.71331,30.13051],[-97.71361,30.13002],[-97.71438,30.1288],[-97.71486,30.12904]],[[-97.82952,30.2845],[-97.82951,30.28471],[-97.8295,30.28502],[-97.82905,30.285],[-97.82846,30.28482],[-97.82804,30.28463],[-97.82757,30.28422],[-97.82761,30.28416],[-97.82783,30.28393],[-97.82802,30.28373],[-97.82813,30.28382],[-97.82829,30.28395],[-97.82835,30.284],[-97.82838,30.28403],[-97.82847,30.28408],[-97.82855,30.28413],[-97.82875,30.28427],[-97.8289,30.28436],[-97.82897,30.28441],[-97.82923,30.28445],[-97.82952,30.2845]],[[-97.91201,30.25882],[-97.91182,30.25891],[-97.91135,30.25912],[-97.91115,30.25921],[-97.9111,30.25915],[-97.91102,30.25901],[-97.91025,30.25769],[-97.91091,30.25788],[-97.91146,30.25805],[-97.91188,30.25865],[-97.91192,30.25872],[-97.91201,30.25882]],[[-97.82118,30.34144],[-97.8208,30.34146],[-97.82049,30.34142],[-97.82005,30.34161],[-97.82001,30.34118],[-97.81997,30.34077],[-97.81997,30.34073],[-97.81996,30.34065],[-97.81996,30.34053],[-97.82011,30.34049],[-97.82061,30.3403],[-97.821,30.34019],[-97.82102,30.34032],[-97.82104,30.34047],[-97.82106,30.34059],[-97.82112,30.34103],[-97.82116,30.3413],[-97.82118,30.34144]],[[-97.77794,30.17721],[-97.77734,30.17813],[-97.777,30.17865],[-97.77691,30.17878],[-97.7769,30.17875],[-97.77678,30.17865],[-97.77675,30.17863],[-97.7766,30.17863],[-97.77638,30.17863],[-97.77625,30.1785],[-97.77628,30.1784],[-97.7764,30.17801],[-97.77656,30.17749],[-97.77657,30.17744],[-97.77778,30.17723],[-97.77794,30.17721]],[[-97.66646,30.44891],[-97.66634,30.44957],[-97.66615,30.45051],[-97.66607,30.45048],[-97.66505,30.45],[-97.66509,30.44978],[-97.66509,30.44976],[-97.66509,30.44975],[-97.66508,30.44973],[-97.66507,30.44973],[-97.66506,30.44972],[-97.66504,30.4497],[-97.66503,30.4497],[-97.66502,30.44969],[-97.66501,30.44967],[-97.665,30.44966],[-97.66499,30.44964],[-97.66499,30.44963],[-97.66499,30.44962],[-97.66498,30.4496],[-97.66498,30.44959],[-97.66498,30.44957],[-97.66499,30.44956],[-97.66499,30.44955],[-97.66499,30.44954],[-97.665,30.44953],[-97.665,30.44951],[-97.66501,30.4495],[-97.66502,30.44949],[-97.66503,30.44949],[-97.66503,30.44948],[-97.66505,30.44946],[-97.66506,30.44946],[-97.66507,30.44945],[-97.6651,30.44944],[-97.66511,30.44943],[-97.66512,30.44943],[-97.66513,30.44943],[-97.66515,30.44942],[-97.66518,30.44942],[-97.66521,30.44943],[-97.66523,30.44943],[-97.66526,30.44944],[-97.6653,30.44922],[-97.66532,30.44914],[-97.66532,30.4491],[-97.66549,30.44885],[-97.66551,30.4488],[-97.66555,30.44874],[-97.66557,30.44874],[-97.66558,30.44874],[-97.66563,30.44875],[-97.66565,30.44875],[-97.66588,30.44878],[-97.66594,30.4488],[-97.66606,30.44885],[-97.66637,30.4489],[-97.66646,30.44891]],[[-97.71605,30.13577],[-97.71597,30.13584],[-97.71483,30.13692],[-97.71403,30.13651],[-97.71448,30.13578],[-97.71482,30.13527],[-97.71485,30.1352],[-97.71531,30.13542],[-97.71605,30.13577]],[[-97.80518,30.37259],[-97.80515,30.37262],[-97.80512,30.37266],[-97.80488,30.37288],[-97.80475,30.37303],[-97.80478,30.37316],[-97.8048,30.3733],[-97.8048,30.37337],[-97.8048,30.37344],[-97.80479,30.37358],[-97.80478,30.37367],[-97.8046,30.37372],[-97.80448,30.37375],[-97.80435,30.3738],[-97.80428,30.37366],[-97.80406,30.37315],[-97.80424,30.37309],[-97.80429,30.37303],[-97.8043,30.37301],[-97.80438,30.37292],[-97.8043,30.37276],[-97.80418,30.3725],[-97.8038,30.37169],[-97.8039,30.37166],[-97.80401,30.37161],[-97.80411,30.37157],[-97.80425,30.37152],[-97.80439,30.37147],[-97.80473,30.37154],[-97.80478,30.37161],[-97.80486,30.3717],[-97.8049,30.37179],[-97.80495,30.3719],[-97.80497,30.37193],[-97.80499,30.37198],[-97.805,30.372],[-97.80502,30.37212],[-97.80509,30.37232],[-97.80516,30.3725],[-97.80518,30.37259]],[[-97.78501,30.3995],[-97.78495,30.39957],[-97.78476,30.39978],[-97.78472,30.39981],[-97.78457,30.39992],[-97.7844,30.39999],[-97.78417,30.40008],[-97.78415,30.40009],[-97.78407,30.40011],[-97.78373,30.40018],[-97.78358,30.39987],[-97.78341,30.39973],[-97.78325,30.39958],[-97.78324,30.399],[-97.7832,30.39875],[-97.78315,30.39859],[-97.78309,30.39846],[-97.78323,30.39838],[-97.78343,30.3983],[-97.78367,30.39848],[-97.78371,30.39851],[-97.78418,30.39892],[-97.78442,30.39914],[-97.78443,30.39914],[-97.78444,30.39915],[-97.78499,30.39949],[-97.78501,30.3995]],[[-97.81734,30.26471],[-97.81722,30.26496],[-97.81652,30.26612],[-97.81636,30.26605],[-97.81546,30.26565],[-97.81564,30.26539],[-97.81596,30.26492],[-97.81599,30.26488],[-97.81648,30.26417],[-97.81676,30.2639],[-97.81678,30.26392],[-97.81686,30.26406],[-97.8173,30.26465],[-97.81734,30.26471]],[[-97.85367,30.38249],[-97.85367,30.3825],[-97.85363,30.38256],[-97.85315,30.38332],[-97.85229,30.38469],[-97.85227,30.38464],[-97.85226,30.38459],[-97.85221,30.38446],[-97.85219,30.38439],[-97.85216,30.38431],[-97.85215,30.38421],[-97.85213,30.38404],[-97.85212,30.38392],[-97.85211,30.38387],[-97.8521,30.38372],[-97.85209,30.38366],[-97.85208,30.38356],[-97.85206,30.38342],[-97.85202,30.38309],[-97.85202,30.38304],[-97.85201,30.38298],[-97.852,30.38295],[-97.852,30.38292],[-97.85199,30.38287],[-97.85197,30.3827],[-97.85196,30.38258],[-97.85195,30.38247],[-97.85264,30.38237],[-97.85272,30.38236],[-97.85301,30.38231],[-97.85367,30.38249]],[[-97.7914,30.29951],[-97.79133,30.29956],[-97.7912,30.29984],[-97.79059,30.30022],[-97.7902,30.30064],[-97.79016,30.30072],[-97.78985,30.30056],[-97.78972,30.3005],[-97.78958,30.30046],[-97.78938,30.30043],[-97.78938,30.30037],[-97.78934,30.3003],[-97.78917,30.3002],[-97.78845,30.29989],[-97.78861,30.2997],[-97.78879,30.29953],[-97.78888,30.29944],[-97.78895,30.29931],[-97.78905,30.2993],[-97.78981,30.29926],[-97.78979,30.29936],[-97.78986,30.29955],[-97.79008,30.29967],[-97.79017,30.2997],[-97.79028,30.29973],[-97.79041,30.29973],[-97.79047,30.29973],[-97.79051,30.29973],[-97.79057,30.2997],[-97.79063,30.29971],[-97.79068,30.29967],[-97.79073,30.29964],[-97.79077,30.29962],[-97.79082,30.29959],[-97.79086,30.29956],[-97.79089,30.29953],[-97.79092,30.29949],[-97.79097,30.29942],[-97.79103,30.29934],[-97.79105,30.29931],[-97.79106,30.29927],[-97.79112,30.29926],[-97.79119,30.29924],[-97.79121,30.29925],[-97.79126,30.29926],[-97.79129,30.29927],[-97.7913,30.29928],[-97.79136,30.29934],[-97.79138,30.29942],[-97.7914,30.29951]],[[-97.92113,30.24543],[-97.91985,30.24654],[-97.91981,30.2465],[-97.91977,30.24646],[-97.91918,30.24575],[-97.91911,30.24567],[-97.91904,30.2456],[-97.92009,30.24422],[-97.92039,30.24444],[-97.92113,30.24543]],[[-97.78344,30.39144],[-97.78327,30.39172],[-97.78281,30.39248],[-97.78275,30.39259],[-97.78266,30.39273],[-97.78183,30.39232],[-97.78107,30.39192],[-97.78133,30.39154],[-97.78135,30.39151],[-97.7818,30.39083],[-97.78182,30.39081],[-97.78189,30.39069],[-97.78312,30.39129],[-97.78344,30.39144]],[[-97.80733,30.37299],[-97.80584,30.37505],[-97.80579,30.37509],[-97.80576,30.37497],[-97.80547,30.37382],[-97.80546,30.3738],[-97.80519,30.37272],[-97.8053,30.37266],[-97.80538,30.37255],[-97.80567,30.37256],[-97.80695,30.37276],[-97.8069,30.37289],[-97.80718,30.37298],[-97.80733,30.37299]],[[-97.79952,30.12954],[-97.79943,30.12975],[-97.79902,30.13089],[-97.79681,30.13029],[-97.79744,30.12873],[-97.79875,30.12924],[-97.79952,30.12954]],[[-97.83159,30.44013],[-97.831,30.44111],[-97.83085,30.44137],[-97.83082,30.44136],[-97.83071,30.44131],[-97.83056,30.44123],[-97.83041,30.44115],[-97.83022,30.44106],[-97.83012,30.441],[-97.82997,30.44093],[-97.82991,30.4409],[-97.82984,30.44086],[-97.8297,30.44079],[-97.83044,30.4396],[-97.8294,30.43912],[-97.82977,30.43849],[-97.83014,30.43786],[-97.83137,30.4384],[-97.83061,30.43968],[-97.83159,30.44013]],[[-97.92011,30.32713],[-97.92005,30.32848],[-97.92004,30.32875],[-97.91987,30.32874],[-97.91982,30.32873],[-97.91977,30.32873],[-97.91932,30.32872],[-97.91892,30.32871],[-97.91884,30.3287],[-97.91887,30.32876],[-97.91888,30.32879],[-97.919,30.32916],[-97.91919,30.32976],[-97.91869,30.32951],[-97.91862,30.32946],[-97.91855,30.3294],[-97.91774,30.3287],[-97.91764,30.32861],[-97.91776,30.32854],[-97.91738,30.32793],[-97.91779,30.32775],[-97.91802,30.32765],[-97.91809,30.32762],[-97.91819,30.32758],[-97.91829,30.32753],[-97.91839,30.32748],[-97.91846,30.32744],[-97.91854,30.32744],[-97.91861,30.32742],[-97.91869,30.3274],[-97.91876,30.32739],[-97.91884,30.32736],[-97.91888,30.32736],[-97.91892,30.32735],[-97.91895,30.32734],[-97.91901,30.32732],[-97.91914,30.32729],[-97.91922,30.32727],[-97.9193,30.32725],[-97.91937,30.32723],[-97.91941,30.32722],[-97.91945,30.32722],[-97.91948,30.32721],[-97.91951,30.32721],[-97.91956,30.3272],[-97.91959,30.3272],[-97.91963,30.32719],[-97.91967,30.32718],[-97.91971,30.32718],[-97.91981,30.32717],[-97.91987,30.32716],[-97.92,30.32714],[-97.92008,30.32713],[-97.92011,30.32713]],[[-97.8181,30.26719],[-97.81809,30.26758],[-97.81803,30.26806],[-97.81797,30.26853],[-97.81796,30.26858],[-97.81604,30.26784],[-97.81486,30.26722],[-97.81483,30.26718],[-97.81476,30.26712],[-97.81471,30.26707],[-97.8147,30.26694],[-97.81506,30.26642],[-97.81511,30.26631],[-97.81534,30.26642],[-97.81562,30.26655],[-97.81587,30.26667],[-97.8163,30.26687],[-97.81712,30.26725],[-97.81753,30.26657],[-97.81795,30.26604],[-97.81798,30.26614],[-97.81805,30.26648],[-97.81807,30.26671],[-97.81807,30.26689],[-97.81809,30.26704],[-97.8181,30.26719]],[[-97.62199,30.38909],[-97.62193,30.38918],[-97.62136,30.39008],[-97.6204,30.39158],[-97.61921,30.391],[-97.61944,30.39065],[-97.62021,30.38944],[-97.62043,30.3891],[-97.62031,30.38905],[-97.62009,30.38887],[-97.61998,30.38878],[-97.62031,30.38829],[-97.62199,30.38909]],[[-97.72185,30.13851],[-97.72177,30.13862],[-97.72132,30.13932],[-97.72029,30.13879],[-97.7201,30.13909],[-97.72001,30.13904],[-97.71952,30.13881],[-97.71942,30.13894],[-97.71895,30.13871],[-97.71827,30.13837],[-97.71844,30.13812],[-97.71813,30.13796],[-97.71866,30.13708],[-97.71872,30.137],[-97.72004,30.13762],[-97.72015,30.13767],[-97.72028,30.13773],[-97.72185,30.13851]],[[-97.75239,30.15783],[-97.75218,30.15807],[-97.7519,30.15854],[-97.75172,30.15886],[-97.7516,30.15881],[-97.75028,30.15814],[-97.7486,30.15729],[-97.74888,30.15676],[-97.74922,30.15621],[-97.75029,30.15676],[-97.75135,30.1573],[-97.75227,30.15778],[-97.75239,30.15783]],[[-97.66568,30.45338],[-97.66567,30.45352],[-97.6655,30.45344],[-97.66505,30.45572],[-97.66477,30.45559],[-97.66464,30.45552],[-97.66458,30.45549],[-97.66446,30.45542],[-97.66443,30.4554],[-97.66441,30.45535],[-97.6644,30.45534],[-97.66438,30.4553],[-97.66432,30.45518],[-97.66306,30.45256],[-97.6628,30.45201],[-97.66299,30.45211],[-97.66329,30.45225],[-97.6636,30.45241],[-97.66461,30.45291],[-97.66568,30.45338]],[[-97.85615,30.35127],[-97.85612,30.35128],[-97.85607,30.35129],[-97.85604,30.35131],[-97.85601,30.35131],[-97.85598,30.35131],[-97.8559,30.35131],[-97.85585,30.35131],[-97.85569,30.35132],[-97.85568,30.35132],[-97.85558,30.35134],[-97.85554,30.35136],[-97.85545,30.35138],[-97.85535,30.35142],[-97.85525,30.35146],[-97.8552,30.35148],[-97.85515,30.3515],[-97.8551,30.35153],[-97.85503,30.35157],[-97.85499,30.3516],[-97.85494,30.35163],[-97.85489,30.35167],[-97.85483,30.35171],[-97.85478,30.35176],[-97.85473,30.3518],[-97.85471,30.35182],[-97.85468,30.35185],[-97.8546,30.35194],[-97.85456,30.35199],[-97.85455,30.352],[-97.85453,30.35204],[-97.85451,30.35207],[-97.8545,30.35209],[-97.85449,30.35212],[-97.85442,30.35217],[-97.85401,30.35197],[-97.85398,30.35195],[-97.85392,30.35193],[-97.85387,30.35189],[-97.85385,30.35187],[-97.85382,30.35186],[-97.85376,30.35182],[-97.8537,30.35179],[-97.85363,30.35174],[-97.8536,30.35171],[-97.85356,30.3517],[-97.85353,30.3517],[-97.85344,30.35167],[-97.85338,30.35164],[-97.85329,30.3516],[-97.85322,30.35156],[-97.85313,30.35151],[-97.85306,30.35148],[-97.85305,30.35144],[-97.85305,30.3514],[-97.85305,30.35136],[-97.85302,30.35135],[-97.85295,30.35138],[-97.8529,30.35136],[-97.85289,30.35135],[-97.85283,30.35132],[-97.85277,30.35127],[-97.85273,30.35126],[-97.85267,30.35124],[-97.85263,30.35121],[-97.85261,30.3512],[-97.85259,30.35116],[-97.85259,30.35113],[-97.85252,30.35111],[-97.85245,30.35106],[-97.85241,30.35102],[-97.85226,30.35087],[-97.85218,30.35083],[-97.85216,30.35082],[-97.85208,30.35079],[-97.852,30.35075],[-97.852,30.3507],[-97.852,30.35068],[-97.85199,30.35066],[-97.85205,30.35062],[-97.85208,30.35061],[-97.85211,30.35058],[-97.85213,30.35055],[-97.85215,30.35053],[-97.85217,30.35051],[-97.85218,30.35046],[-97.8522,30.35044],[-97.85223,30.35042],[-97.85227,30.35043],[-97.85235,30.35031],[-97.85241,30.3503],[-97.85248,30.35028],[-97.85251,30.35028],[-97.85255,30.35025],[-97.85259,30.35025],[-97.85263,30.35024],[-97.85267,30.35023],[-97.8527,30.35021],[-97.85277,30.35019],[-97.85284,30.35015],[-97.8529,30.35012],[-97.85296,30.35008],[-97.85302,30.35003],[-97.85309,30.34997],[-97.85313,30.34994],[-97.85317,30.34989],[-97.85322,30.34983],[-97.85325,30.34978],[-97.85329,30.34972],[-97.85419,30.3502],[-97.85507,30.35068],[-97.85615,30.35127]],[[-97.80358,30.36459],[-97.8035,30.36471],[-97.80213,30.36691],[-97.80207,30.36701],[-97.80189,30.36731],[-97.80183,30.3674],[-97.80163,30.36771],[-97.8016,30.36776],[-97.80155,30.36784],[-97.80145,30.36801],[-97.80134,30.3682],[-97.80128,30.36813],[-97.80118,30.36803],[-97.80107,30.36792],[-97.80096,30.36782],[-97.80085,30.36773],[-97.80076,30.36765],[-97.80066,30.36757],[-97.8006,30.36753],[-97.80052,30.36747],[-97.80045,30.36742],[-97.80036,30.36736],[-97.80025,30.36729],[-97.80052,30.36687],[-97.8008,30.36645],[-97.80101,30.36656],[-97.80109,30.3666],[-97.80116,30.36649],[-97.8021,30.36502],[-97.8024,30.36455],[-97.80243,30.3645],[-97.80248,30.36442],[-97.80272,30.36404],[-97.80277,30.36396],[-97.80358,30.36459]],[[-97.74165,30.45872],[-97.74033,30.45915],[-97.73941,30.45945],[-97.73917,30.45891],[-97.7386,30.45763],[-97.73983,30.45723],[-97.74038,30.45705],[-97.7409,30.45688],[-97.74124,30.45771],[-97.74165,30.45872]],[[-97.77927,30.39049],[-97.77927,30.39053],[-97.77925,30.39068],[-97.77922,30.39071],[-97.77916,30.39078],[-97.77898,30.39085],[-97.77876,30.39104],[-97.77874,30.39107],[-97.77869,30.39117],[-97.77868,30.39119],[-97.77866,30.39121],[-97.77866,30.39122],[-97.77863,30.39125],[-97.77861,30.39127],[-97.77851,30.39136],[-97.77847,30.39141],[-97.7783,30.39119],[-97.77822,30.39111],[-97.7781,30.39105],[-97.77793,30.39102],[-97.77756,30.391],[-97.77733,30.39098],[-97.77685,30.39098],[-97.77631,30.39095],[-97.7761,30.39094],[-97.77599,30.39094],[-97.77586,30.39092],[-97.77575,30.39089],[-97.77564,30.39086],[-97.77555,30.39082],[-97.77544,30.39075],[-97.77527,30.39064],[-97.77493,30.39039],[-97.7748,30.39029],[-97.77507,30.39019],[-97.77544,30.39004],[-97.77549,30.39002],[-97.77703,30.38953],[-97.77771,30.38942],[-97.7784,30.3897],[-97.77859,30.38979],[-97.77888,30.38995],[-97.77913,30.39017],[-97.77918,30.39023],[-97.77922,30.39027],[-97.77925,30.39034],[-97.77926,30.39041],[-97.77927,30.39049]],[[-97.8303,30.36291],[-97.82948,30.36522],[-97.82917,30.36516],[-97.8288,30.36514],[-97.82849,30.36513],[-97.82701,30.36491],[-97.82605,30.36476],[-97.8259,30.36473],[-97.82563,30.36469],[-97.82423,30.36448],[-97.82183,30.36411],[-97.82182,30.36383],[-97.82184,30.36385],[-97.82206,30.36396],[-97.82211,30.36398],[-97.82219,30.364],[-97.82229,30.36402],[-97.8224,30.36403],[-97.82253,30.36403],[-97.82267,30.36402],[-97.82284,30.36402],[-97.82305,30.364],[-97.82343,30.36398],[-97.8237,30.36396],[-97.82456,30.36391],[-97.82485,30.36389],[-97.82517,30.36388],[-97.82606,30.36385],[-97.82633,30.36386],[-97.82649,30.36388],[-97.82662,30.3639],[-97.82675,30.36392],[-97.82685,30.36395],[-97.82699,30.364],[-97.82731,30.36413],[-97.82766,30.36427],[-97.82815,30.36446],[-97.82824,30.36448],[-97.82833,30.3645],[-97.8284,30.36451],[-97.8285,30.36451],[-97.82861,30.36452],[-97.82871,30.36451],[-97.82881,30.36448],[-97.8289,30.36446],[-97.82899,30.36442],[-97.82906,30.36438],[-97.82913,30.36432],[-97.82922,30.36424],[-97.82934,30.36411],[-97.82955,30.36388],[-97.82964,30.36377],[-97.82979,30.36359],[-97.82995,30.3634],[-97.83006,30.36326],[-97.8303,30.36291]],[[-97.77838,30.14411],[-97.77822,30.14433],[-97.77815,30.14445],[-97.77799,30.14475],[-97.77796,30.14481],[-97.77794,30.14481],[-97.77789,30.1448],[-97.77758,30.14477],[-97.77738,30.14474],[-97.77724,30.14473],[-97.77714,30.14472],[-97.7759,30.14458],[-97.7759,30.14447],[-97.77595,30.14179],[-97.77596,30.14119],[-97.77601,30.14118],[-97.77656,30.14106],[-97.7771,30.14139],[-97.77718,30.14166],[-97.77721,30.14174],[-97.77732,30.14209],[-97.77731,30.14241],[-97.77729,30.14266],[-97.77723,30.14334],[-97.77727,30.14356],[-97.77758,30.14377],[-97.77832,30.14386],[-97.77838,30.14411]],[[-97.92105,30.24986],[-97.92093,30.24999],[-97.92069,30.25023],[-97.92063,30.25029],[-97.92055,30.25038],[-97.92034,30.25059],[-97.92005,30.25043],[-97.91691,30.2488],[-97.918,30.2472],[-97.92051,30.24941],[-97.92091,30.24977],[-97.92096,30.24981],[-97.92105,30.24986]],[[-97.81634,30.23954],[-97.81612,30.23963],[-97.81561,30.23984],[-97.81544,30.23991],[-97.81535,30.23994],[-97.81521,30.24],[-97.81508,30.24006],[-97.81497,30.24011],[-97.81495,30.24016],[-97.8144,30.2402],[-97.81436,30.24021],[-97.81425,30.24026],[-97.81417,30.24029],[-97.81388,30.24041],[-97.81372,30.24047],[-97.81364,30.24051],[-97.81356,30.24052],[-97.81349,30.24054],[-97.81326,30.24057],[-97.81279,30.23915],[-97.8126,30.23859],[-97.81265,30.23851],[-97.81266,30.23849],[-97.81273,30.23838],[-97.81276,30.23834],[-97.81278,30.2383],[-97.813,30.23796],[-97.8132,30.23764],[-97.81324,30.23756],[-97.81329,30.23748],[-97.81342,30.23754],[-97.81346,30.23756],[-97.81351,30.23758],[-97.81358,30.23761],[-97.81384,30.23772],[-97.81389,30.23774],[-97.81465,30.23762],[-97.81476,30.2376],[-97.81493,30.23832],[-97.81495,30.23839],[-97.81496,30.23845],[-97.81497,30.23849],[-97.81508,30.23896],[-97.8151,30.23905],[-97.81512,30.23912],[-97.81514,30.23919],[-97.81516,30.2392],[-97.81518,30.2392],[-97.81582,30.23936],[-97.81591,30.23938],[-97.81603,30.23941],[-97.81634,30.23954]],[[-97.8166,30.26368],[-97.81632,30.26406],[-97.81579,30.26469],[-97.81475,30.2642],[-97.81434,30.26484],[-97.81432,30.26489],[-97.81429,30.26493],[-97.81503,30.26529],[-97.81521,30.26537],[-97.81542,30.26547],[-97.81529,30.26558],[-97.81511,30.26604],[-97.81497,30.26639],[-97.81472,30.26674],[-97.81469,30.26676],[-97.81467,30.26676],[-97.81455,30.2667],[-97.81423,30.26655],[-97.81395,30.26642],[-97.81339,30.26616],[-97.81314,30.26604],[-97.8131,30.26602],[-97.81278,30.26587],[-97.81261,30.26579],[-97.81252,30.26575],[-97.81261,30.26559],[-97.81277,30.26534],[-97.81278,30.26531],[-97.81288,30.26517],[-97.81292,30.2651],[-97.81318,30.26468],[-97.81327,30.26454],[-97.81348,30.2642],[-97.81361,30.26427],[-97.81369,30.26431],[-97.81372,30.26426],[-97.81373,30.26424],[-97.81379,30.26414],[-97.81385,30.26405],[-97.81412,30.26362],[-97.8144,30.26316],[-97.81462,30.26343],[-97.81513,30.26313],[-97.81518,30.2631],[-97.81545,30.26293],[-97.81562,30.26283],[-97.81566,30.26281],[-97.81579,30.26272],[-97.81583,30.26276],[-97.81604,30.26302],[-97.81656,30.26367],[-97.8166,30.26368]],[[-97.78503,30.42597],[-97.78503,30.42612],[-97.78501,30.42627],[-97.78496,30.42644],[-97.7849,30.42661],[-97.7848,30.42679],[-97.78469,30.42694],[-97.78459,30.42707],[-97.78445,30.42718],[-97.78429,30.42731],[-97.78383,30.42761],[-97.78354,30.4278],[-97.78331,30.42798],[-97.78317,30.42811],[-97.78304,30.42821],[-97.78299,30.42828],[-97.7829,30.42819],[-97.7827,30.42809],[-97.78247,30.42803],[-97.78194,30.42793],[-97.78158,30.42787],[-97.78131,30.42779],[-97.78106,30.42771],[-97.78083,30.42753],[-97.77939,30.42617],[-97.77969,30.42568],[-97.77972,30.42569],[-97.7798,30.42572],[-97.78021,30.42619],[-97.78062,30.42666],[-97.78081,30.42677],[-97.78157,30.42721],[-97.78262,30.42729],[-97.78289,30.42706],[-97.78205,30.42659],[-97.78202,30.42652],[-97.78216,30.42636],[-97.78228,30.42613],[-97.78238,30.42611],[-97.78346,30.42629],[-97.7837,30.42578],[-97.78351,30.42566],[-97.78433,30.42517],[-97.78445,30.42511],[-97.78448,30.42512],[-97.78467,30.42515],[-97.7848,30.42515],[-97.78483,30.42515],[-97.78486,30.42524],[-97.78501,30.42579],[-97.78503,30.42597]],[[-97.88918,30.41948],[-97.88899,30.41973],[-97.88883,30.41996],[-97.88747,30.42206],[-97.88745,30.42205],[-97.88555,30.42134],[-97.88434,30.4209],[-97.88489,30.42068],[-97.88508,30.42063],[-97.8854,30.42043],[-97.88548,30.42037],[-97.88604,30.42005],[-97.88665,30.41914],[-97.88742,30.41902],[-97.88753,30.41901],[-97.88777,30.41899],[-97.88918,30.41948]],[[-97.80562,30.27173],[-97.80558,30.27177],[-97.80402,30.27252],[-97.80243,30.27288],[-97.80233,30.27322],[-97.80229,30.27337],[-97.80231,30.27338],[-97.8024,30.27342],[-97.80239,30.27344],[-97.80228,30.27339],[-97.80224,30.27337],[-97.80228,30.27323],[-97.80239,30.27289],[-97.80192,30.27281],[-97.80169,30.2725],[-97.80253,30.27113],[-97.80384,30.2693],[-97.80396,30.26927],[-97.80405,30.26943],[-97.80428,30.26949],[-97.80469,30.27022],[-97.80476,30.2702],[-97.80514,30.27066],[-97.80519,30.2709],[-97.8055,30.27132],[-97.80562,30.27173]],[[-97.67645,30.46685],[-97.67645,30.46688],[-97.67644,30.46691],[-97.67644,30.46695],[-97.67643,30.46699],[-97.67642,30.46703],[-97.67642,30.46704],[-97.6764,30.4671],[-97.67636,30.46718],[-97.67635,30.4672],[-97.67579,30.46813],[-97.67562,30.4684],[-97.67418,30.46781],[-97.674,30.46773],[-97.67361,30.46757],[-97.67267,30.46863],[-97.67209,30.4689],[-97.67173,30.469],[-97.67148,30.46933],[-97.6713,30.46935],[-97.6713,30.46934],[-97.67129,30.46931],[-97.67113,30.46896],[-97.67112,30.46895],[-97.67128,30.46888],[-97.67179,30.46865],[-97.67197,30.46863],[-97.67236,30.46845],[-97.6725,30.46816],[-97.67255,30.46801],[-97.67256,30.468],[-97.67263,30.46786],[-97.67289,30.46775],[-97.67301,30.46763],[-97.67304,30.4675],[-97.67297,30.46745],[-97.67294,30.46744],[-97.67291,30.46741],[-97.67287,30.46738],[-97.67278,30.46732],[-97.67278,30.46722],[-97.67282,30.46715],[-97.67281,30.46704],[-97.673,30.46696],[-97.67299,30.46689],[-97.67297,30.46679],[-97.67294,30.46675],[-97.6729,30.46669],[-97.67291,30.46666],[-97.67294,30.46653],[-97.67298,30.46646],[-97.67303,30.46644],[-97.67328,30.46619],[-97.67371,30.46622],[-97.67383,30.46617],[-97.67425,30.46554],[-97.67433,30.4654],[-97.67542,30.46593],[-97.67573,30.46609],[-97.67602,30.46623],[-97.67609,30.46626],[-97.67613,30.46629],[-97.67616,30.46632],[-97.67618,30.46634],[-97.67622,30.46637],[-97.67627,30.46641],[-97.67632,30.46647],[-97.67635,30.46653],[-97.67638,30.46659],[-97.67639,30.46662],[-97.67641,30.46666],[-97.67642,30.46672],[-97.67644,30.46676],[-97.67644,30.46679],[-97.67644,30.46682],[-97.67645,30.46685]],[[-97.80957,30.42013],[-97.80937,30.42042],[-97.80872,30.42138],[-97.80834,30.42152],[-97.80767,30.42176],[-97.80744,30.42143],[-97.80728,30.42129],[-97.80701,30.42117],[-97.80687,30.42108],[-97.80677,30.42094],[-97.8067,30.42076],[-97.80661,30.42064],[-97.80652,30.42055],[-97.80637,30.42046],[-97.80617,30.42038],[-97.8061,30.42036],[-97.80611,30.42028],[-97.80618,30.41994],[-97.80642,30.41881],[-97.80643,30.41875],[-97.80747,30.41887],[-97.8079,30.4189],[-97.8082,30.41884],[-97.80855,30.41879],[-97.80902,30.41883],[-97.80954,30.41902],[-97.80955,30.41916],[-97.80953,30.41956],[-97.80953,30.41966],[-97.80954,30.41976],[-97.80956,30.41991],[-97.80956,30.4201],[-97.80957,30.42013]],[[-97.78467,30.16567],[-97.78454,30.166],[-97.78417,30.16611],[-97.78409,30.16612],[-97.78388,30.16618],[-97.78317,30.16638],[-97.78219,30.16666],[-97.78205,30.16614],[-97.78183,30.16533],[-97.78159,30.16439],[-97.78197,30.16428],[-97.78174,30.1637],[-97.78244,30.16352],[-97.78195,30.16301],[-97.78272,30.16278],[-97.78346,30.16257],[-97.78383,30.16245],[-97.78426,30.16233],[-97.7843,30.16321],[-97.78314,30.16418],[-97.78436,30.16532],[-97.78446,30.16543],[-97.78461,30.1656],[-97.78467,30.16567]],[[-97.78116,30.39306],[-97.78163,30.39329],[-97.78105,30.39354],[-97.7806,30.39374],[-97.7801,30.39396],[-97.77998,30.39429],[-97.77997,30.39432],[-97.77974,30.39433],[-97.7795,30.39414],[-97.77936,30.39403],[-97.77899,30.39414],[-97.77895,30.39415],[-97.77893,30.39439],[-97.77894,30.3946],[-97.77889,30.3949],[-97.77884,30.39508],[-97.77879,30.39518],[-97.77872,30.39529],[-97.77864,30.3954],[-97.77852,30.39552],[-97.77832,30.39571],[-97.77802,30.39595],[-97.77776,30.39617],[-97.77757,30.39632],[-97.77736,30.39611],[-97.77725,30.39602],[-97.77716,30.39587],[-97.7771,30.39575],[-97.77707,30.3956],[-97.77714,30.39516],[-97.7773,30.39445],[-97.77743,30.3941],[-97.77764,30.39371],[-97.77777,30.39343],[-97.77814,30.39264],[-97.77817,30.3926],[-97.77867,30.39281],[-97.77885,30.39289],[-97.77891,30.39292],[-97.77897,30.39297],[-97.77904,30.39304],[-97.77907,30.39296],[-97.77984,30.39332],[-97.78014,30.39346],[-97.78026,30.39325],[-97.78045,30.39293],[-97.7805,30.39284],[-97.78052,30.3928],[-97.78055,30.39276],[-97.78045,30.39272],[-97.77857,30.39201],[-97.77859,30.39198],[-97.77861,30.39193],[-97.7786,30.39187],[-97.77858,30.39177],[-97.77884,30.39141],[-97.77915,30.39153],[-97.77928,30.39158],[-97.7793,30.39159],[-97.77963,30.39171],[-97.77973,30.39174],[-97.77978,30.39176],[-97.78015,30.39189],[-97.78038,30.39197],[-97.78067,30.39208],[-97.78092,30.39216],[-97.78075,30.39244],[-97.78057,30.39273],[-97.78055,30.39276],[-97.78087,30.39291],[-97.78116,30.39306]],[[-97.83477,30.36981],[-97.83293,30.37178],[-97.83282,30.37173],[-97.83209,30.37137],[-97.83087,30.37077],[-97.83095,30.36978],[-97.83108,30.36801],[-97.83382,30.36935],[-97.83477,30.36981]],[[-97.92988,30.33106],[-97.92852,30.33309],[-97.92769,30.33431],[-97.92606,30.33407],[-97.92556,30.334],[-97.92564,30.33387],[-97.92808,30.33008],[-97.92816,30.33001],[-97.92845,30.3302],[-97.92858,30.33028],[-97.92894,30.33034],[-97.92931,30.33061],[-97.92933,30.33075],[-97.92933,30.33076],[-97.92933,30.33079],[-97.92972,30.33098],[-97.92988,30.33106]],[[-97.82786,30.28357],[-97.82758,30.28374],[-97.82725,30.28393],[-97.8267,30.28323],[-97.82639,30.28309],[-97.82635,30.28295],[-97.82631,30.2828],[-97.82625,30.2826],[-97.82619,30.28241],[-97.82613,30.2822],[-97.82607,30.282],[-97.82601,30.2818],[-97.82595,30.28158],[-97.82589,30.28137],[-97.82582,30.28116],[-97.82577,30.28098],[-97.82576,30.28095],[-97.8257,30.28073],[-97.82563,30.28052],[-97.82557,30.28031],[-97.82551,30.28008],[-97.82544,30.27987],[-97.82538,30.27964],[-97.8253,30.27938],[-97.82532,30.27936],[-97.82533,30.27933],[-97.82536,30.27929],[-97.82552,30.27906],[-97.82563,30.27889],[-97.82575,30.27871],[-97.82576,30.27869],[-97.82578,30.27867],[-97.82588,30.27853],[-97.826,30.27833],[-97.82605,30.27827],[-97.82608,30.27822],[-97.82619,30.27805],[-97.82623,30.278],[-97.82632,30.27786],[-97.82641,30.27773],[-97.82644,30.27768],[-97.8266,30.27744],[-97.82667,30.27734],[-97.82671,30.27728],[-97.82684,30.27709],[-97.82702,30.27726],[-97.82693,30.27775],[-97.82695,30.27776],[-97.82697,30.27777],[-97.82698,30.27777],[-97.827,30.27779],[-97.82701,30.27781],[-97.82702,30.27782],[-97.82702,30.27785],[-97.82703,30.27788],[-97.82703,30.27789],[-97.82702,30.2779],[-97.82701,30.27793],[-97.827,30.27795],[-97.82716,30.27804],[-97.82714,30.27828],[-97.82713,30.2784],[-97.82712,30.27858],[-97.82711,30.27863],[-97.82711,30.27866],[-97.82709,30.27886],[-97.82709,30.27893],[-97.82713,30.27913],[-97.82714,30.27922],[-97.82717,30.2793],[-97.82718,30.27934],[-97.82724,30.27956],[-97.82731,30.27978],[-97.82737,30.27999],[-97.82738,30.28001],[-97.82743,30.2802],[-97.82745,30.28025],[-97.82747,30.28034],[-97.8275,30.28041],[-97.82755,30.28061],[-97.82756,30.28063],[-97.82762,30.28084],[-97.82766,30.28097],[-97.82769,30.28106],[-97.82775,30.28127],[-97.82783,30.28156],[-97.82776,30.28181],[-97.82774,30.28188],[-97.82771,30.28197],[-97.8276,30.28202],[-97.82744,30.28209],[-97.82727,30.28217],[-97.82718,30.28221],[-97.82709,30.28225],[-97.82714,30.28241],[-97.82715,30.28245],[-97.82721,30.28265],[-97.8273,30.28294],[-97.82731,30.283],[-97.82762,30.28333],[-97.82764,30.28334],[-97.82786,30.28357]],[[-97.67205,30.46632],[-97.67196,30.46647],[-97.67175,30.4668],[-97.67156,30.4671],[-97.6712,30.46767],[-97.6709,30.46814],[-97.67087,30.46807],[-97.67075,30.46822],[-97.6703,30.46731],[-97.67007,30.46678],[-97.66976,30.46583],[-97.66924,30.46416],[-97.66878,30.46272],[-97.66872,30.46254],[-97.66885,30.46261],[-97.67047,30.46341],[-97.67086,30.4636],[-97.67103,30.46368],[-97.67121,30.46376],[-97.67125,30.46379],[-97.67134,30.46405],[-97.67142,30.46432],[-97.6715,30.46458],[-97.67152,30.46464],[-97.67159,30.46485],[-97.67167,30.46511],[-97.67175,30.46538],[-97.67184,30.46564],[-97.67192,30.4659],[-97.672,30.46618],[-97.67205,30.46632]],[[-97.82507,30.34058],[-97.82505,30.34071],[-97.82501,30.34083],[-97.82498,30.34091],[-97.82491,30.34099],[-97.82484,30.34109],[-97.82468,30.34125],[-97.82442,30.34148],[-97.82434,30.34161],[-97.82427,30.34172],[-97.82423,30.3418],[-97.82419,30.34189],[-97.82412,30.34177],[-97.82397,30.3416],[-97.8235,30.34109],[-97.82284,30.34048],[-97.82267,30.34036],[-97.82254,30.34029],[-97.82241,30.34025],[-97.8223,30.34022],[-97.82211,30.3402],[-97.82203,30.34019],[-97.82257,30.339],[-97.82183,30.33871],[-97.82083,30.33886],[-97.82076,30.33884],[-97.82085,30.33869],[-97.82103,30.33837],[-97.82126,30.33804],[-97.82157,30.33765],[-97.82178,30.3376],[-97.8224,30.33752],[-97.82245,30.33753],[-97.82306,30.33764],[-97.82352,30.33772],[-97.82377,30.33777],[-97.82379,30.33788],[-97.82381,30.33795],[-97.82385,30.33803],[-97.82401,30.33833],[-97.82418,30.33854],[-97.82431,30.33871],[-97.82443,30.33887],[-97.82456,30.33901],[-97.82464,30.33912],[-97.82471,30.33927],[-97.82476,30.33937],[-97.82478,30.33948],[-97.82481,30.3396],[-97.8249,30.3399],[-97.825,30.34019],[-97.82505,30.34044],[-97.82507,30.34058]],[[-97.84108,30.45375],[-97.84022,30.45462],[-97.83769,30.45719],[-97.83754,30.45734],[-97.83897,30.45849],[-97.83899,30.45851],[-97.83784,30.45976],[-97.83772,30.45989],[-97.83767,30.45987],[-97.83758,30.45983],[-97.83744,30.45976],[-97.83715,30.4596],[-97.83691,30.45947],[-97.83665,30.45929],[-97.83594,30.45877],[-97.83606,30.45863],[-97.83627,30.45836],[-97.8366,30.45763],[-97.83693,30.45687],[-97.83702,30.45677],[-97.83719,30.45659],[-97.83737,30.45638],[-97.83789,30.45572],[-97.83797,30.45546],[-97.83821,30.45515],[-97.83841,30.45494],[-97.83931,30.45409],[-97.84034,30.45319],[-97.84036,30.45321],[-97.84108,30.45375]],[[-97.7359,30.15803],[-97.73476,30.1575],[-97.73431,30.15729],[-97.73253,30.15646],[-97.73159,30.15602],[-97.7306,30.15554],[-97.72945,30.15499],[-97.72816,30.15438],[-97.72859,30.15372],[-97.72882,30.15337],[-97.72945,30.15367],[-97.73123,30.15455],[-97.73155,30.1547],[-97.73409,30.15591],[-97.73513,30.15639],[-97.73576,30.15669],[-97.73579,30.157],[-97.73583,30.15735],[-97.73584,30.15744],[-97.73585,30.15757],[-97.7359,30.15803]],[[-97.72472,30.15323],[-97.72293,30.15615],[-97.72175,30.1556],[-97.7213,30.15538],[-97.72122,30.15534],[-97.72092,30.15521],[-97.7208,30.15515],[-97.72056,30.15504],[-97.71996,30.15477],[-97.71969,30.15464],[-97.72034,30.15362],[-97.72116,30.15402],[-97.72135,30.15372],[-97.72233,30.15214],[-97.72294,30.15242],[-97.72472,30.15323]],[[-97.833,30.14976],[-97.83263,30.14976],[-97.83248,30.14977],[-97.83249,30.15008],[-97.8325,30.15032],[-97.8325,30.15041],[-97.83264,30.15041],[-97.83263,30.15052],[-97.83264,30.15073],[-97.83264,30.15083],[-97.83264,30.15093],[-97.83218,30.15095],[-97.83219,30.15115],[-97.83265,30.15113],[-97.83265,30.15142],[-97.83268,30.15246],[-97.83268,30.15277],[-97.83221,30.15278],[-97.83222,30.15327],[-97.83128,30.15326],[-97.83034,30.15334],[-97.82938,30.15338],[-97.82933,30.15062],[-97.82933,30.15053],[-97.82976,30.15052],[-97.82988,30.15052],[-97.83022,30.15051],[-97.8302,30.15003],[-97.83113,30.15003],[-97.83128,30.15002],[-97.83216,30.15001],[-97.83215,30.14955],[-97.83264,30.14953],[-97.83299,30.14952],[-97.833,30.14976]],[[-97.78136,30.39793],[-97.78123,30.39811],[-97.78008,30.39989],[-97.77944,30.40087],[-97.77917,30.40075],[-97.77855,30.4005],[-97.77787,30.40021],[-97.7775,30.40006],[-97.77745,30.40004],[-97.7772,30.39994],[-97.77688,30.3998],[-97.77658,30.39968],[-97.77623,30.39952],[-97.77625,30.39947],[-97.77629,30.39929],[-97.7763,30.39924],[-97.77631,30.39921],[-97.77632,30.399],[-97.77631,30.39896],[-97.77627,30.39889],[-97.77622,30.39871],[-97.77618,30.39852],[-97.77613,30.39834],[-97.77606,30.39811],[-97.77604,30.39808],[-97.77557,30.39732],[-97.77558,30.3973],[-97.77568,30.39716],[-97.77579,30.39698],[-97.77605,30.39656],[-97.77627,30.39623],[-97.77641,30.39601],[-97.77654,30.39582],[-97.77657,30.39576],[-97.7769,30.39665],[-97.77692,30.3967],[-97.77713,30.39685],[-97.77719,30.39689],[-97.77751,30.39695],[-97.77758,30.39697],[-97.77756,30.39703],[-97.77726,30.39738],[-97.77765,30.39756],[-97.77822,30.39783],[-97.77831,30.39772],[-97.77841,30.39759],[-97.77844,30.39757],[-97.77855,30.39752],[-97.77879,30.39746],[-97.77903,30.39739],[-97.77907,30.39737],[-97.77912,30.39728],[-97.77955,30.39743],[-97.77977,30.39747],[-97.78022,30.39756],[-97.78059,30.39766],[-97.78095,30.39778],[-97.78102,30.3978],[-97.78136,30.39793]],[[-97.77452,30.17538],[-97.77317,30.17558],[-97.77323,30.17822],[-97.77316,30.17822],[-97.77251,30.17832],[-97.77111,30.17852],[-97.77072,30.17858],[-97.76983,30.17871],[-97.7698,30.17767],[-97.76973,30.17685],[-97.76964,30.17598],[-97.7696,30.1755],[-97.76944,30.17513],[-97.76914,30.17432],[-97.7693,30.17429],[-97.76932,30.17429],[-97.76974,30.17423],[-97.76999,30.17491],[-97.77197,30.1746],[-97.77274,30.17448],[-97.77282,30.17451],[-97.77293,30.17449],[-97.77326,30.17443],[-97.7737,30.17444],[-97.77393,30.17453],[-97.77415,30.17462],[-97.7743,30.17473],[-97.77442,30.17483],[-97.77446,30.17508],[-97.77452,30.17538]],[[-97.83443,30.32975],[-97.83344,30.33079],[-97.8334,30.33071],[-97.83328,30.33048],[-97.83317,30.33036],[-97.83296,30.33021],[-97.83268,30.33018],[-97.83244,30.33022],[-97.83222,30.33027],[-97.83203,30.3304],[-97.83169,30.33081],[-97.83156,30.33095],[-97.83148,30.33098],[-97.83138,30.33101],[-97.83116,30.33105],[-97.83076,30.33098],[-97.83033,30.33102],[-97.83012,30.33111],[-97.82987,30.33125],[-97.8296,30.33138],[-97.82932,30.33146],[-97.8292,30.33148],[-97.82915,30.33149],[-97.8291,30.3315],[-97.82858,30.33146],[-97.82824,30.3313],[-97.82853,30.33085],[-97.82856,30.33081],[-97.83039,30.32894],[-97.83044,30.32898],[-97.83058,30.32901],[-97.83055,30.3289],[-97.83047,30.32885],[-97.831,30.32832],[-97.83023,30.32743],[-97.83029,30.32739],[-97.83036,30.32736],[-97.83141,30.3269],[-97.8321,30.32659],[-97.83204,30.32652],[-97.8319,30.32633],[-97.83184,30.3263],[-97.83191,30.32631],[-97.83199,30.32631],[-97.83204,30.32629],[-97.83207,30.32628],[-97.83213,30.32626],[-97.83217,30.32625],[-97.83225,30.32624],[-97.83228,30.32625],[-97.8323,30.32626],[-97.83234,30.32628],[-97.83237,30.3263],[-97.83248,30.32638],[-97.8326,30.32639],[-97.8327,30.32642],[-97.83277,30.32644],[-97.83281,30.32647],[-97.83284,30.3265],[-97.83287,30.32653],[-97.83291,30.32658],[-97.83294,30.32662],[-97.83295,30.32664],[-97.83301,30.32671],[-97.83307,30.32677],[-97.83312,30.32683],[-97.83315,30.32688],[-97.83319,30.32692],[-97.83321,30.32694],[-97.83325,30.32696],[-97.83332,30.32699],[-97.83342,30.32704],[-97.83354,30.32712],[-97.83354,30.32717],[-97.83352,30.32722],[-97.83346,30.32728],[-97.83342,30.32733],[-97.83335,30.32737],[-97.83328,30.32741],[-97.83325,30.32743],[-97.83321,30.32746],[-97.83308,30.32761],[-97.833,30.32765],[-97.83291,30.3277],[-97.83286,30.32774],[-97.83283,30.32776],[-97.83281,30.32779],[-97.83289,30.32782],[-97.83298,30.32786],[-97.83304,30.32789],[-97.83314,30.32797],[-97.83327,30.32816],[-97.83329,30.32821],[-97.83331,30.32825],[-97.83334,30.32827],[-97.83338,30.32831],[-97.8334,30.32845],[-97.83341,30.32848],[-97.83341,30.3285],[-97.83343,30.32855],[-97.83346,30.32862],[-97.83352,30.32871],[-97.8336,30.32882],[-97.83362,30.32885],[-97.83368,30.32889],[-97.8338,30.32895],[-97.83387,30.329],[-97.83406,30.32917],[-97.83414,30.32925],[-97.8342,30.32936],[-97.83423,30.32943],[-97.83428,30.32951],[-97.83435,30.32963],[-97.83443,30.32975]],[[-97.71232,30.44498],[-97.71222,30.44513],[-97.71221,30.44515],[-97.71212,30.44529],[-97.71211,30.44528],[-97.7121,30.44532],[-97.712,30.44548],[-97.71195,30.44556],[-97.71127,30.44662],[-97.70867,30.45061],[-97.7082,30.45037],[-97.70844,30.45],[-97.70861,30.44974],[-97.70864,30.44969],[-97.70881,30.44942],[-97.70884,30.44938],[-97.70885,30.44936],[-97.7099,30.44773],[-97.71054,30.44673],[-97.71077,30.44638],[-97.70997,30.446],[-97.71063,30.44498],[-97.71071,30.4449],[-97.71057,30.44484],[-97.7103,30.44473],[-97.70993,30.44459],[-97.70984,30.44456],[-97.70977,30.44453],[-97.70965,30.44449],[-97.70938,30.44438],[-97.70932,30.44435],[-97.70894,30.44422],[-97.70856,30.44407],[-97.70834,30.44399],[-97.70795,30.44385],[-97.70782,30.44379],[-97.70789,30.44367],[-97.70794,30.44358],[-97.70789,30.44357],[-97.70781,30.44352],[-97.70685,30.44314],[-97.70278,30.44156],[-97.70242,30.44142],[-97.70236,30.44132],[-97.70223,30.4411],[-97.7021,30.44087],[-97.70254,30.4411],[-97.70268,30.44116],[-97.703,30.44129],[-97.70309,30.44133],[-97.70362,30.44152],[-97.70382,30.4416],[-97.70403,30.44167],[-97.70418,30.44172],[-97.70521,30.44012],[-97.70524,30.44007],[-97.70552,30.43964],[-97.70667,30.44019],[-97.70729,30.4405],[-97.7075,30.44074],[-97.70758,30.44083],[-97.70781,30.44095],[-97.70775,30.44105],[-97.70671,30.4427],[-97.70799,30.44321],[-97.70802,30.44322],[-97.70807,30.44324],[-97.70859,30.44345],[-97.71149,30.44458],[-97.71155,30.4446],[-97.71232,30.44498]],[[-97.79249,30.40917],[-97.79245,30.40958],[-97.79238,30.41],[-97.79233,30.41019],[-97.79165,30.40989],[-97.79024,30.40927],[-97.79082,30.4084],[-97.78639,30.40633],[-97.78634,30.4064],[-97.7857,30.40608],[-97.7853,30.40589],[-97.78455,30.40553],[-97.78348,30.40501],[-97.78339,30.40497],[-97.7834,30.40492],[-97.78327,30.40486],[-97.78215,30.40433],[-97.78303,30.40296],[-97.78306,30.40303],[-97.7833,30.40364],[-97.78334,30.4038],[-97.78548,30.40418],[-97.78554,30.40414],[-97.7858,30.40437],[-97.78591,30.40446],[-97.78604,30.40454],[-97.78618,30.40464],[-97.78637,30.40475],[-97.78654,30.40486],[-97.78667,30.40492],[-97.78672,30.40494],[-97.78684,30.40496],[-97.78712,30.40498],[-97.78735,30.40496],[-97.78757,30.40497],[-97.78778,30.40496],[-97.78802,30.40494],[-97.78823,30.40491],[-97.78828,30.4049],[-97.78834,30.40489],[-97.78875,30.40527],[-97.78922,30.40567],[-97.78948,30.40597],[-97.78967,30.40628],[-97.78985,30.40655],[-97.79012,30.40681],[-97.79064,30.40725],[-97.79184,30.4082],[-97.7923,30.40865],[-97.7924,30.40875],[-97.79246,30.40891],[-97.79249,30.40917]],[[-97.81057,30.34209],[-97.81049,30.34215],[-97.81038,30.34232],[-97.81014,30.34269],[-97.81013,30.34272],[-97.81008,30.34279],[-97.81007,30.3429],[-97.80984,30.34331],[-97.80976,30.34336],[-97.80971,30.34341],[-97.80968,30.34346],[-97.80968,30.34358],[-97.80964,30.34367],[-97.80955,30.34371],[-97.80949,30.34377],[-97.80938,30.34388],[-97.80925,30.34397],[-97.80919,30.34403],[-97.80916,30.34411],[-97.80913,30.34419],[-97.80911,30.34427],[-97.80909,30.34435],[-97.80908,30.34439],[-97.80908,30.34442],[-97.80907,30.34451],[-97.80907,30.34459],[-97.80896,30.34502],[-97.80869,30.34545],[-97.80826,30.34609],[-97.80758,30.34712],[-97.80738,30.34734],[-97.80715,30.3477],[-97.80709,30.34777],[-97.80703,30.34785],[-97.80697,30.34791],[-97.80688,30.34797],[-97.80679,30.34803],[-97.80671,30.3481],[-97.80663,30.34817],[-97.80658,30.34821],[-97.80647,30.34826],[-97.80637,30.34831],[-97.80629,30.34835],[-97.80627,30.34836],[-97.80617,30.34842],[-97.80607,30.34848],[-97.80598,30.34854],[-97.80589,30.34861],[-97.8058,30.34868],[-97.80572,30.34875],[-97.80558,30.34882],[-97.80548,30.34886],[-97.80538,30.34892],[-97.8053,30.349],[-97.80522,30.34903],[-97.80505,30.34902],[-97.80473,30.34899],[-97.80442,30.34898],[-97.80422,30.34897],[-97.80411,30.34897],[-97.80407,30.34891],[-97.80401,30.34885],[-97.80396,30.34879],[-97.8039,30.34873],[-97.80383,30.34868],[-97.80376,30.34862],[-97.80369,30.34858],[-97.80362,30.34853],[-97.80354,30.34849],[-97.80347,30.34846],[-97.80338,30.34842],[-97.8033,30.3484],[-97.80321,30.34837],[-97.80313,30.34835],[-97.80304,30.34834],[-97.80295,30.34832],[-97.80286,30.34832],[-97.80282,30.34831],[-97.80277,30.34831],[-97.80268,30.34831],[-97.80259,30.34832],[-97.8025,30.34833],[-97.80286,30.34777],[-97.80297,30.34761],[-97.80302,30.34753],[-97.80316,30.34746],[-97.80355,30.34726],[-97.80374,30.34697],[-97.80426,30.34616],[-97.8041,30.34596],[-97.80413,30.34589],[-97.80396,30.34569],[-97.80442,30.34499],[-97.8048,30.34441],[-97.80483,30.34443],[-97.80488,30.34445],[-97.80543,30.34473],[-97.8055,30.34476],[-97.8056,30.34462],[-97.80579,30.34471],[-97.80587,30.34475],[-97.80659,30.3451],[-97.8066,30.34511],[-97.80676,30.34519],[-97.80681,30.34521],[-97.80728,30.34544],[-97.80766,30.34487],[-97.80785,30.34458],[-97.80804,30.3443],[-97.80851,30.34453],[-97.80875,30.34416],[-97.80881,30.34406],[-97.80892,30.34412],[-97.80991,30.34262],[-97.80997,30.34264],[-97.80998,30.34263],[-97.81002,30.34257],[-97.80993,30.34253],[-97.81014,30.3422],[-97.8103,30.34196],[-97.81049,30.34205],[-97.81057,30.34209]],[[-97.83632,30.44965],[-97.83627,30.44978],[-97.83457,30.45128],[-97.83407,30.45094],[-97.83358,30.45066],[-97.83298,30.45154],[-97.83242,30.45123],[-97.83199,30.45098],[-97.8318,30.45087],[-97.83139,30.45067],[-97.83125,30.4506],[-97.83073,30.45034],[-97.83043,30.4502],[-97.83016,30.45007],[-97.8304,30.44959],[-97.8309,30.44854],[-97.83096,30.44857],[-97.83156,30.44883],[-97.83166,30.44867],[-97.83176,30.4485],[-97.83106,30.44823],[-97.83118,30.44795],[-97.83192,30.44652],[-97.8331,30.44696],[-97.83549,30.44786],[-97.835,30.4486],[-97.83484,30.44884],[-97.83612,30.44904],[-97.83614,30.44907],[-97.83618,30.44915],[-97.83622,30.44925],[-97.83631,30.44947],[-97.83632,30.44965]],[[-97.86832,30.36735],[-97.86768,30.3673],[-97.8671,30.36727],[-97.86641,30.36722],[-97.86645,30.36681],[-97.86718,30.36643],[-97.86665,30.36633],[-97.86661,30.36606],[-97.86511,30.36386],[-97.86394,30.36334],[-97.8639,30.3632],[-97.8637,30.36256],[-97.86349,30.36192],[-97.86277,30.36071],[-97.86293,30.36013],[-97.86377,30.35897],[-97.86445,30.3582],[-97.86577,30.35763],[-97.86591,30.35778],[-97.86666,30.35859],[-97.86677,30.35901],[-97.86683,30.35925],[-97.86689,30.35949],[-97.86687,30.35963],[-97.86686,30.35967],[-97.86685,30.3597],[-97.86668,30.3608],[-97.86663,30.36115],[-97.86658,30.36149],[-97.86656,30.36162],[-97.86638,30.3628],[-97.86657,30.36374],[-97.86677,30.36469],[-97.86717,30.36537],[-97.86754,30.36602],[-97.86832,30.36735]],[[-97.62781,30.36286],[-97.62737,30.36289],[-97.62609,30.36348],[-97.62469,30.36425],[-97.62407,30.36452],[-97.62128,30.36499],[-97.62119,30.36501],[-97.6211,30.36491],[-97.61882,30.3627],[-97.61881,30.36271],[-97.61843,30.36298],[-97.61796,30.36252],[-97.61801,30.36244],[-97.61803,30.3624],[-97.61834,30.36191],[-97.61834,30.3619],[-97.61865,30.36203],[-97.61866,30.36204],[-97.61987,30.36014],[-97.62025,30.35955],[-97.62197,30.35966],[-97.62264,30.35885],[-97.62265,30.35884],[-97.62439,30.35985],[-97.62442,30.35987],[-97.62341,30.36146],[-97.62395,30.36162],[-97.62772,30.36274],[-97.62781,30.36286]],[[-97.65244,30.3239],[-97.65226,30.32387],[-97.6521,30.32384],[-97.65133,30.3237],[-97.65053,30.32355],[-97.65025,30.32339],[-97.65018,30.32336],[-97.65014,30.32333],[-97.65,30.32325],[-97.64997,30.32323],[-97.64965,30.32368],[-97.64961,30.32373],[-97.64966,30.32433],[-97.64967,30.32436],[-97.64967,30.32438],[-97.64967,30.32439],[-97.64968,30.32441],[-97.64968,30.32442],[-97.64969,30.32444],[-97.64972,30.32453],[-97.64973,30.32456],[-97.64977,30.32468],[-97.64962,30.32513],[-97.6496,30.32519],[-97.64952,30.32541],[-97.6495,30.32562],[-97.64948,30.32586],[-97.64907,30.32619],[-97.64923,30.32699],[-97.64926,30.32719],[-97.64947,30.32736],[-97.64955,30.32742],[-97.64984,30.3276],[-97.64992,30.32766],[-97.64995,30.32769],[-97.64998,30.32773],[-97.65,30.32778],[-97.65001,30.32782],[-97.64999,30.32785],[-97.64995,30.32787],[-97.6499,30.3279],[-97.64985,30.32791],[-97.64971,30.32792],[-97.64959,30.32792],[-97.64954,30.32793],[-97.64928,30.32803],[-97.64916,30.32806],[-97.64909,30.32808],[-97.64901,30.32812],[-97.6489,30.32816],[-97.64885,30.32817],[-97.64882,30.32818],[-97.64878,30.32817],[-97.64875,30.32815],[-97.64873,30.3281],[-97.64873,30.32804],[-97.64879,30.32787],[-97.64879,30.32776],[-97.6488,30.32771],[-97.64884,30.3276],[-97.64885,30.32756],[-97.64884,30.32753],[-97.64883,30.3275],[-97.6488,30.32747],[-97.64864,30.32736],[-97.64858,30.32733],[-97.64854,30.32732],[-97.64846,30.3273],[-97.64835,30.3273],[-97.64827,30.32731],[-97.64822,30.32733],[-97.64815,30.32736],[-97.64812,30.32737],[-97.64805,30.32742],[-97.64802,30.32747],[-97.64801,30.32751],[-97.64801,30.32764],[-97.64801,30.32769],[-97.64806,30.32785],[-97.64809,30.32794],[-97.6481,30.328],[-97.6481,30.32811],[-97.64811,30.32816],[-97.64813,30.32823],[-97.64817,30.32829],[-97.64819,30.32834],[-97.64819,30.32838],[-97.64817,30.32842],[-97.6481,30.32854],[-97.64806,30.3286],[-97.64805,30.32863],[-97.64463,30.3289],[-97.64445,30.32892],[-97.6442,30.32894],[-97.64403,30.32896],[-97.64373,30.32899],[-97.64374,30.32866],[-97.64374,30.32833],[-97.64382,30.32729],[-97.64392,30.32728],[-97.64393,30.32714],[-97.64394,30.32699],[-97.64395,30.32694],[-97.64396,30.32689],[-97.64403,30.32629],[-97.64406,30.32607],[-97.6441,30.32576],[-97.64427,30.32433],[-97.64422,30.32426],[-97.64444,30.32418],[-97.64662,30.32345],[-97.64841,30.32285],[-97.64877,30.32274],[-97.64901,30.32267],[-97.64928,30.32263],[-97.64966,30.32259],[-97.65049,30.32253],[-97.65098,30.3225],[-97.65148,30.32245],[-97.6522,30.32235],[-97.65234,30.32233],[-97.65244,30.3239]],[[-97.83813,30.45351],[-97.83776,30.4541],[-97.8374,30.45468],[-97.83728,30.45487],[-97.8369,30.45548],[-97.8364,30.45627],[-97.83627,30.45649],[-97.83591,30.4564],[-97.8356,30.45633],[-97.83509,30.45621],[-97.83465,30.45611],[-97.83446,30.45606],[-97.83396,30.45734],[-97.8339,30.4575],[-97.83356,30.45741],[-97.83345,30.45739],[-97.83327,30.45737],[-97.83304,30.45733],[-97.83264,30.45729],[-97.83219,30.45722],[-97.83181,30.45715],[-97.83156,30.45708],[-97.83113,30.45696],[-97.83064,30.45678],[-97.83026,30.4566],[-97.8294,30.45633],[-97.82888,30.45616],[-97.82894,30.45602],[-97.82991,30.45445],[-97.82926,30.45377],[-97.82854,30.45304],[-97.82886,30.45256],[-97.8289,30.4525],[-97.82915,30.45201],[-97.82971,30.45099],[-97.83011,30.45119],[-97.83085,30.45155],[-97.83232,30.45228],[-97.83244,30.45233],[-97.83167,30.45349],[-97.83115,30.45425],[-97.83212,30.45472],[-97.83303,30.45515],[-97.83352,30.45538],[-97.83382,30.45487],[-97.83394,30.45465],[-97.83457,30.45355],[-97.83557,30.45182],[-97.83591,30.45124],[-97.83606,30.45096],[-97.83643,30.45114],[-97.83676,30.45137],[-97.83714,30.45161],[-97.83759,30.45194],[-97.83729,30.45254],[-97.83717,30.45278],[-97.83711,30.45284],[-97.83731,30.45298],[-97.83813,30.45351]],[[-97.83243,30.44462],[-97.83214,30.44523],[-97.83205,30.44541],[-97.83171,30.44609],[-97.83158,30.44638],[-97.83092,30.44782],[-97.83079,30.44812],[-97.83071,30.4483],[-97.83063,30.44843],[-97.83001,30.44943],[-97.8299,30.44971],[-97.82981,30.44991],[-97.82956,30.45049],[-97.82938,30.45082],[-97.82815,30.4502],[-97.82806,30.45016],[-97.82717,30.44971],[-97.8268,30.44953],[-97.82676,30.44951],[-97.82645,30.44936],[-97.82464,30.44838],[-97.82458,30.44848],[-97.82423,30.44817],[-97.82384,30.44797],[-97.82367,30.44789],[-97.82354,30.4478],[-97.82323,30.4476],[-97.82317,30.44756],[-97.82335,30.44728],[-97.82339,30.4472],[-97.82346,30.44711],[-97.82351,30.44703],[-97.8237,30.44676],[-97.82372,30.44672],[-97.82374,30.44669],[-97.8238,30.44661],[-97.82389,30.44647],[-97.82405,30.44624],[-97.82412,30.44615],[-97.82422,30.446],[-97.82426,30.44593],[-97.82439,30.44572],[-97.82443,30.44566],[-97.82452,30.4455],[-97.82469,30.44527],[-97.82482,30.44509],[-97.82487,30.44502],[-97.82498,30.44488],[-97.82502,30.44482],[-97.82505,30.44477],[-97.82511,30.44467],[-97.82517,30.44457],[-97.82519,30.44455],[-97.82537,30.44425],[-97.82539,30.44422],[-97.82542,30.44416],[-97.82543,30.44414],[-97.82546,30.44408],[-97.82549,30.44405],[-97.82595,30.44332],[-97.82599,30.44325],[-97.82602,30.4432],[-97.82618,30.44296],[-97.82645,30.44254],[-97.82654,30.4424],[-97.82667,30.4422],[-97.82676,30.44224],[-97.82733,30.4425],[-97.82797,30.44279],[-97.82838,30.44298],[-97.82862,30.44309],[-97.82927,30.44338],[-97.82991,30.44366],[-97.8306,30.44398],[-97.83064,30.444],[-97.83071,30.44387],[-97.83084,30.44393],[-97.83133,30.44415],[-97.83155,30.44425],[-97.83243,30.44462]],[[-97.61133,30.3415],[-97.61061,30.34263],[-97.60956,30.34426],[-97.60932,30.34465],[-97.60907,30.34502],[-97.60802,30.34668],[-97.60694,30.34836],[-97.6067,30.34875],[-97.60635,30.34928],[-97.6059,30.35001],[-97.60586,30.35008],[-97.60408,30.34916],[-97.60407,30.34916],[-97.60399,30.34911],[-97.60231,30.34827],[-97.60273,30.34763],[-97.603,30.3472],[-97.60306,30.34711],[-97.6034,30.34659],[-97.60374,30.34607],[-97.60408,30.34555],[-97.60441,30.34503],[-97.60444,30.34499],[-97.60475,30.34451],[-97.60509,30.34399],[-97.60511,30.34396],[-97.60543,30.34347],[-97.60576,30.34296],[-97.6061,30.34244],[-97.60644,30.34192],[-97.60668,30.34154],[-97.60678,30.3414],[-97.60682,30.34133],[-97.60657,30.34121],[-97.60646,30.34116],[-97.60638,30.34112],[-97.60607,30.34097],[-97.60568,30.34079],[-97.60512,30.34051],[-97.60484,30.34036],[-97.60445,30.34017],[-97.60388,30.33989],[-97.60411,30.33954],[-97.60445,30.339],[-97.60489,30.33833],[-97.60567,30.33871],[-97.60852,30.3401],[-97.60959,30.34064],[-97.61043,30.34107],[-97.61051,30.3411],[-97.61105,30.34136],[-97.61133,30.3415]],[[-97.65162,30.19843],[-97.6492,30.20056],[-97.64864,30.20106],[-97.64565,30.20368],[-97.6444,30.20265],[-97.64378,30.20213],[-97.64305,30.20152],[-97.64208,30.2007],[-97.64088,30.19973],[-97.64075,30.19961],[-97.64081,30.19956],[-97.64146,30.19898],[-97.64375,30.19692],[-97.64502,30.19578],[-97.64514,30.19567],[-97.64605,30.1949],[-97.64664,30.19441],[-97.64665,30.1944],[-97.64668,30.19436],[-97.64669,30.19433],[-97.64673,30.19437],[-97.65,30.19708],[-97.65162,30.19843]],[[-97.73933,30.4495],[-97.73898,30.44958],[-97.73811,30.44979],[-97.73604,30.45037],[-97.73023,30.45214],[-97.7301,30.45181],[-97.72999,30.45152],[-97.72945,30.45018],[-97.72891,30.44883],[-97.72868,30.44825],[-97.72849,30.44825],[-97.72806,30.44824],[-97.72772,30.44824],[-97.72704,30.44635],[-97.72822,30.446],[-97.72945,30.44564],[-97.73077,30.44526],[-97.73195,30.44491],[-97.73315,30.44456],[-97.73496,30.444],[-97.73485,30.44484],[-97.73469,30.4462],[-97.73459,30.44637],[-97.73448,30.44653],[-97.73478,30.44726],[-97.73642,30.44676],[-97.73708,30.44656],[-97.73831,30.44627],[-97.73933,30.4495]],[[-97.87055,30.37244],[-97.86814,30.37408],[-97.86811,30.3742],[-97.86799,30.37472],[-97.86774,30.3758],[-97.8677,30.37596],[-97.86721,30.37699],[-97.86718,30.37705],[-97.86682,30.37779],[-97.8668,30.37783],[-97.86675,30.37792],[-97.86667,30.37809],[-97.86652,30.37838],[-97.86636,30.37852],[-97.86616,30.37867],[-97.86587,30.37891],[-97.86579,30.37898],[-97.8652,30.37966],[-97.86427,30.38073],[-97.86398,30.38106],[-97.86353,30.38159],[-97.86343,30.38179],[-97.86281,30.38308],[-97.86194,30.38257],[-97.86085,30.38193],[-97.86083,30.38192],[-97.86063,30.3818],[-97.85985,30.38134],[-97.85968,30.38103],[-97.85964,30.38095],[-97.85951,30.38072],[-97.85964,30.3805],[-97.8597,30.38041],[-97.85984,30.38018],[-97.85988,30.38012],[-97.85991,30.38008],[-97.86006,30.37983],[-97.86017,30.37965],[-97.86024,30.37954],[-97.86011,30.37923],[-97.86006,30.37912],[-97.86,30.37899],[-97.86084,30.3768],[-97.86075,30.37665],[-97.86055,30.37624],[-97.85975,30.37597],[-97.861,30.3755],[-97.86167,30.37472],[-97.86267,30.37468],[-97.86342,30.37372],[-97.86413,30.37343],[-97.86498,30.37308],[-97.86517,30.37297],[-97.8666,30.37214],[-97.86826,30.37203],[-97.86847,30.37202],[-97.86891,30.37211],[-97.87055,30.37244]],[[-97.8356,30.16974],[-97.8356,30.16998],[-97.83514,30.16998],[-97.83428,30.16997],[-97.83425,30.16997],[-97.83288,30.17002],[-97.83065,30.17006],[-97.83065,30.16995],[-97.82995,30.16994],[-97.82995,30.17006],[-97.82931,30.16984],[-97.82913,30.16995],[-97.82887,30.17014],[-97.82872,30.17024],[-97.82858,30.17039],[-97.82824,30.17049],[-97.82789,30.17051],[-97.82754,30.17053],[-97.82729,30.17043],[-97.82728,30.17068],[-97.82726,30.17114],[-97.82725,30.17133],[-97.82722,30.17221],[-97.82694,30.17221],[-97.82422,30.17227],[-97.82425,30.17218],[-97.82469,30.17091],[-97.82471,30.17086],[-97.82556,30.16935],[-97.8263,30.16803],[-97.8265,30.16769],[-97.82683,30.1671],[-97.82708,30.16676],[-97.82747,30.16622],[-97.8281,30.16566],[-97.82865,30.16524],[-97.82948,30.16459],[-97.83,30.16414],[-97.83045,30.16381],[-97.83082,30.16348],[-97.83116,30.16313],[-97.83156,30.16262],[-97.832,30.16202],[-97.83235,30.16215],[-97.83302,30.16259],[-97.83313,30.16266],[-97.83318,30.1627],[-97.8341,30.16258],[-97.83424,30.16254],[-97.83422,30.16306],[-97.83402,30.1658],[-97.83415,30.16585],[-97.8344,30.16589],[-97.83449,30.16591],[-97.83447,30.16599],[-97.83448,30.16746],[-97.83526,30.16746],[-97.83555,30.16746],[-97.83555,30.16758],[-97.83555,30.16771],[-97.83556,30.16826],[-97.83558,30.16882],[-97.83559,30.16932],[-97.8356,30.16974]],[[-97.82251,30.32745],[-97.8224,30.32758],[-97.82231,30.32772],[-97.82224,30.32788],[-97.82219,30.32803],[-97.82217,30.3282],[-97.82216,30.32828],[-97.82215,30.32836],[-97.82216,30.32845],[-97.82218,30.32863],[-97.82222,30.32877],[-97.82229,30.32893],[-97.82222,30.32896],[-97.82211,30.32906],[-97.82209,30.32909],[-97.82194,30.32914],[-97.82165,30.32934],[-97.82147,30.32948],[-97.82137,30.32955],[-97.82128,30.32962],[-97.82118,30.32967],[-97.8211,30.32977],[-97.82106,30.32983],[-97.82102,30.3299],[-97.82098,30.32997],[-97.82092,30.32999],[-97.82086,30.33002],[-97.82081,30.33006],[-97.82077,30.33011],[-97.82041,30.33043],[-97.82017,30.33066],[-97.82009,30.3307],[-97.82013,30.3308],[-97.81976,30.33112],[-97.81965,30.33115],[-97.81959,30.33123],[-97.81959,30.3313],[-97.8195,30.33137],[-97.81942,30.33147],[-97.81928,30.33159],[-97.81912,30.33176],[-97.81889,30.33197],[-97.81876,30.3321],[-97.81866,30.33213],[-97.81859,30.3322],[-97.81857,30.33232],[-97.81825,30.33259],[-97.81801,30.33279],[-97.81783,30.33293],[-97.81771,30.33302],[-97.81765,30.33306],[-97.81758,30.33311],[-97.8175,30.33317],[-97.81744,30.33322],[-97.81737,30.33329],[-97.81731,30.33335],[-97.81726,30.33342],[-97.8172,30.33349],[-97.81715,30.33357],[-97.81707,30.33363],[-97.81697,30.33371],[-97.81687,30.33378],[-97.81677,30.33386],[-97.81667,30.33394],[-97.81647,30.3341],[-97.81638,30.33418],[-97.81628,30.33426],[-97.81619,30.33435],[-97.8161,30.33443],[-97.816,30.33451],[-97.81591,30.3346],[-97.81582,30.33468],[-97.81573,30.33477],[-97.81564,30.33486],[-97.81556,30.33494],[-97.81537,30.33533],[-97.81534,30.33535],[-97.8145,30.33485],[-97.81435,30.33483],[-97.81431,30.33476],[-97.81376,30.3345],[-97.8137,30.33447],[-97.81295,30.33411],[-97.81265,30.33398],[-97.81204,30.33369],[-97.81144,30.3334],[-97.8113,30.33333],[-97.81118,30.33327],[-97.81122,30.33323],[-97.81129,30.33317],[-97.81136,30.33311],[-97.81142,30.33304],[-97.81147,30.33297],[-97.81152,30.33289],[-97.81157,30.33281],[-97.8116,30.33273],[-97.81163,30.33264],[-97.81166,30.33256],[-97.81167,30.33248],[-97.81167,30.3324],[-97.81167,30.33232],[-97.81165,30.33224],[-97.81163,30.33216],[-97.81162,30.33208],[-97.8116,30.332],[-97.81157,30.33192],[-97.81153,30.33184],[-97.81148,30.33175],[-97.81143,30.33168],[-97.81138,30.3316],[-97.81132,30.33153],[-97.81125,30.33146],[-97.81118,30.3314],[-97.81111,30.33135],[-97.81116,30.33131],[-97.81168,30.33051],[-97.81351,30.3277],[-97.81468,30.32591],[-97.81594,30.32398],[-97.81714,30.32457],[-97.81734,30.32467],[-97.8193,30.32561],[-97.82181,30.32684],[-97.82251,30.32745]],[[-97.59196,30.30902],[-97.58927,30.31325],[-97.58649,30.31762],[-97.5864,30.31758],[-97.58511,30.31699],[-97.58293,30.31469],[-97.58203,30.31374],[-97.582,30.31371],[-97.58211,30.31222],[-97.58155,30.30741],[-97.58238,30.30613],[-97.5824,30.3061],[-97.58318,30.30488],[-97.58324,30.3048],[-97.58515,30.30572],[-97.59137,30.30874],[-97.59196,30.30902]],[[-97.67053,30.32482],[-97.67051,30.32501],[-97.67047,30.32516],[-97.67037,30.32543],[-97.67026,30.32565],[-97.67012,30.32584],[-97.67004,30.32593],[-97.66832,30.32653],[-97.66769,30.32671],[-97.66648,30.32703],[-97.66519,30.32733],[-97.66413,30.32749],[-97.66273,30.32763],[-97.66175,30.32768],[-97.66127,30.3277],[-97.65995,30.32779],[-97.65999,30.32747],[-97.65999,30.32745],[-97.66004,30.32737],[-97.66007,30.32732],[-97.66008,30.32731],[-97.66009,30.32728],[-97.66011,30.32726],[-97.66012,30.32722],[-97.66017,30.32716],[-97.66019,30.32713],[-97.66027,30.327],[-97.66028,30.32699],[-97.66034,30.3269],[-97.66036,30.32687],[-97.66069,30.32636],[-97.66066,30.32635],[-97.65997,30.32612],[-97.65989,30.32609],[-97.65958,30.32598],[-97.65956,30.32598],[-97.65954,30.32597],[-97.65948,30.32595],[-97.65942,30.32593],[-97.65939,30.32592],[-97.65936,30.32591],[-97.65924,30.32587],[-97.65912,30.32583],[-97.65896,30.32578],[-97.65843,30.3256],[-97.65837,30.32558],[-97.65832,30.32555],[-97.65831,30.32554],[-97.65829,30.32553],[-97.65825,30.32552],[-97.65822,30.32551],[-97.65763,30.32531],[-97.65734,30.32521],[-97.6573,30.32519],[-97.65724,30.32517],[-97.65717,30.32515],[-97.6575,30.32464],[-97.65754,30.32457],[-97.65787,30.32412],[-97.65883,30.32259],[-97.65922,30.32199],[-97.65977,30.32115],[-97.6605,30.31995],[-97.66078,30.3195],[-97.66086,30.31939],[-97.66136,30.3187],[-97.66197,30.31775],[-97.66236,30.3172],[-97.66252,30.31711],[-97.66256,30.3171],[-97.66261,30.31708],[-97.66271,30.31707],[-97.66281,30.31708],[-97.6629,30.31712],[-97.66302,30.31723],[-97.66334,30.31773],[-97.6634,30.31782],[-97.664,30.31852],[-97.66423,30.31879],[-97.66486,30.3195],[-97.66577,30.3204],[-97.66616,30.32074],[-97.66663,30.32114],[-97.66776,30.32203],[-97.66882,30.32284],[-97.66891,30.3229],[-97.66953,30.32335],[-97.67027,30.32388],[-97.67046,30.32427],[-97.67051,30.32455],[-97.67053,30.32482]],[[-97.64266,30.14947],[-97.64093,30.15213],[-97.63974,30.15395],[-97.63904,30.15514],[-97.63889,30.1554],[-97.63848,30.15609],[-97.63738,30.15776],[-97.63736,30.1578],[-97.63598,30.15712],[-97.63589,30.15708],[-97.63522,30.15676],[-97.63332,30.15584],[-97.63324,30.1558],[-97.63272,30.15556],[-97.63251,30.15546],[-97.63239,30.1554],[-97.63231,30.15536],[-97.63202,30.15522],[-97.6312,30.15482],[-97.63049,30.15451],[-97.63317,30.15092],[-97.63323,30.15083],[-97.6294,30.14901],[-97.62455,30.14668],[-97.62404,30.14644],[-97.62513,30.14469],[-97.62634,30.1428],[-97.62716,30.1432],[-97.62768,30.1424],[-97.62973,30.14337],[-97.63195,30.14442],[-97.63483,30.14578],[-97.6351,30.1459],[-97.63531,30.146],[-97.63747,30.14702],[-97.63903,30.14774],[-97.64266,30.14947]],[[-97.84782,30.36063],[-97.8474,30.36201],[-97.84695,30.36272],[-97.84679,30.36296],[-97.8459,30.36434],[-97.8417,30.36231],[-97.83819,30.36061],[-97.83706,30.36007],[-97.83692,30.36],[-97.83521,30.35917],[-97.83512,30.35913],[-97.83442,30.35879],[-97.83362,30.35855],[-97.83337,30.35848],[-97.83307,30.3584],[-97.83288,30.35835],[-97.8327,30.3583],[-97.83257,30.35827],[-97.83261,30.35819],[-97.83262,30.35817],[-97.83252,30.35821],[-97.83228,30.35832],[-97.83217,30.35841],[-97.83214,30.35843],[-97.83187,30.35857],[-97.83181,30.3586],[-97.83167,30.35857],[-97.83155,30.35855],[-97.83133,30.35853],[-97.83098,30.35848],[-97.8307,30.35927],[-97.83032,30.36033],[-97.82934,30.35987],[-97.82885,30.35964],[-97.82754,30.35902],[-97.82744,30.35897],[-97.82544,30.35791],[-97.8254,30.35789],[-97.82534,30.35786],[-97.82505,30.35772],[-97.82443,30.35742],[-97.82441,30.35742],[-97.82388,30.35716],[-97.82166,30.35625],[-97.81924,30.35524],[-97.81784,30.35458],[-97.81748,30.3544],[-97.81744,30.3545],[-97.81733,30.35494],[-97.81729,30.35514],[-97.8172,30.35552],[-97.81697,30.35576],[-97.8165,30.35626],[-97.81636,30.3564],[-97.81607,30.35665],[-97.81582,30.35699],[-97.81559,30.35728],[-97.8154,30.35741],[-97.81531,30.35752],[-97.81511,30.35774],[-97.81508,30.3579],[-97.81484,30.35805],[-97.81473,30.35817],[-97.81468,30.35833],[-97.81468,30.35839],[-97.81468,30.35842],[-97.81469,30.35858],[-97.81466,30.35876],[-97.81471,30.35897],[-97.81477,30.35915],[-97.81472,30.35917],[-97.81458,30.35926],[-97.81451,30.35928],[-97.81447,30.35929],[-97.81438,30.35931],[-97.81436,30.35935],[-97.81435,30.35939],[-97.81434,30.35943],[-97.81427,30.35967],[-97.81428,30.35972],[-97.81419,30.35994],[-97.81409,30.35992],[-97.81374,30.35985],[-97.81367,30.35983],[-97.81295,30.35968],[-97.81292,30.35967],[-97.81282,30.35965],[-97.81277,30.35964],[-97.81263,30.35961],[-97.81187,30.35945],[-97.81168,30.35941],[-97.81147,30.35936],[-97.81134,30.35933],[-97.81122,30.35931],[-97.81117,30.3593],[-97.81103,30.35926],[-97.811,30.35916],[-97.81092,30.35899],[-97.81083,30.35883],[-97.81083,30.35864],[-97.81085,30.35866],[-97.81088,30.35867],[-97.81091,30.35866],[-97.81108,30.35858],[-97.81209,30.35687],[-97.81132,30.35651],[-97.81109,30.3564],[-97.80972,30.35576],[-97.80971,30.3555],[-97.80967,30.35465],[-97.80951,30.35453],[-97.80813,30.35356],[-97.8082,30.35354],[-97.80856,30.35292],[-97.80897,30.35278],[-97.80971,30.35245],[-97.80953,30.3521],[-97.80951,30.3521],[-97.80948,30.35211],[-97.80943,30.35212],[-97.80938,30.35212],[-97.80933,30.35213],[-97.80929,30.35214],[-97.80927,30.35214],[-97.80889,30.35218],[-97.80898,30.35207],[-97.80924,30.35197],[-97.80931,30.35185],[-97.80938,30.35178],[-97.80943,30.35176],[-97.80948,30.35172],[-97.80956,30.35163],[-97.80981,30.35137],[-97.80982,30.35122],[-97.81001,30.35108],[-97.81017,30.35119],[-97.81028,30.35121],[-97.81046,30.35117],[-97.81066,30.35127],[-97.81066,30.35122],[-97.81066,30.35116],[-97.81066,30.35103],[-97.8107,30.35101],[-97.81074,30.351],[-97.81077,30.351],[-97.81082,30.35105],[-97.81101,30.35125],[-97.81114,30.35145],[-97.81116,30.35148],[-97.81119,30.35153],[-97.81123,30.35156],[-97.81129,30.35159],[-97.81133,30.3516],[-97.8114,30.35163],[-97.81144,30.35164],[-97.81148,30.35165],[-97.81154,30.35165],[-97.81158,30.35166],[-97.81165,30.35165],[-97.8117,30.35166],[-97.81175,30.35164],[-97.81178,30.35163],[-97.81185,30.35161],[-97.81195,30.35155],[-97.81204,30.3515],[-97.81219,30.35139],[-97.81226,30.35134],[-97.81232,30.35132],[-97.81251,30.35128],[-97.81288,30.35123],[-97.81292,30.35125],[-97.81299,30.3513],[-97.81301,30.35134],[-97.81304,30.35137],[-97.81301,30.35124],[-97.81299,30.35115],[-97.8129,30.35102],[-97.81294,30.35096],[-97.81305,30.35073],[-97.81315,30.35066],[-97.81326,30.35061],[-97.81337,30.35057],[-97.81343,30.35056],[-97.81349,30.35055],[-97.81358,30.35055],[-97.81366,30.35055],[-97.81368,30.35055],[-97.8138,30.35058],[-97.81395,30.35065],[-97.81398,30.35065],[-97.81408,30.35068],[-97.81414,30.3507],[-97.81418,30.35072],[-97.81447,30.35089],[-97.81474,30.35103],[-97.81503,30.35113],[-97.81473,30.35089],[-97.81468,30.35085],[-97.81461,30.35081],[-97.81457,30.35076],[-97.81455,30.35074],[-97.81448,30.35069],[-97.81444,30.35066],[-97.81438,30.35062],[-97.81433,30.35059],[-97.81425,30.35055],[-97.81415,30.35051],[-97.81408,30.35048],[-97.814,30.35045],[-97.81391,30.35045],[-97.81382,30.3504],[-97.81376,30.35038],[-97.81372,30.35036],[-97.81366,30.35033],[-97.81363,30.35033],[-97.81354,30.35032],[-97.81349,30.35031],[-97.81346,30.3503],[-97.81343,30.35031],[-97.81336,30.3503],[-97.81332,30.35029],[-97.81323,30.35032],[-97.81319,30.35032],[-97.81316,30.35033],[-97.81314,30.35033],[-97.81308,30.35033],[-97.81305,30.35034],[-97.81302,30.35036],[-97.81296,30.35039],[-97.81294,30.3504],[-97.81288,30.35043],[-97.81283,30.35047],[-97.81277,30.35052],[-97.81234,30.35082],[-97.81206,30.351],[-97.81204,30.35102],[-97.81198,30.35103],[-97.81196,30.35101],[-97.81194,30.351],[-97.81193,30.35098],[-97.8119,30.35097],[-97.81158,30.35064],[-97.81149,30.35055],[-97.81147,30.3505],[-97.81145,30.35046],[-97.81145,30.35043],[-97.81146,30.3504],[-97.81147,30.35037],[-97.8115,30.3503],[-97.81165,30.34989],[-97.8116,30.34979],[-97.81152,30.34971],[-97.81147,30.34962],[-97.81146,30.34954],[-97.8115,30.34942],[-97.81159,30.34935],[-97.81161,30.34932],[-97.81167,30.34922],[-97.81171,30.34916],[-97.8118,30.34896],[-97.81188,30.34877],[-97.81195,30.34871],[-97.81202,30.34865],[-97.81207,30.34859],[-97.81212,30.34851],[-97.81213,30.34845],[-97.81212,30.34837],[-97.81221,30.34831],[-97.81224,30.34832],[-97.81229,30.34832],[-97.81235,30.34831],[-97.81257,30.34827],[-97.81262,30.34827],[-97.81267,30.34828],[-97.81272,30.3482],[-97.81269,30.34819],[-97.81265,30.34817],[-97.81256,30.3481],[-97.81253,30.34805],[-97.81251,30.348],[-97.8125,30.34795],[-97.8125,30.3479],[-97.81254,30.3478],[-97.81263,30.34771],[-97.81268,30.3477],[-97.81274,30.34768],[-97.81292,30.34765],[-97.81303,30.34761],[-97.81317,30.34757],[-97.8132,30.34755],[-97.81324,30.34753],[-97.81326,30.34744],[-97.81326,30.34741],[-97.81327,30.34738],[-97.81326,30.34736],[-97.81324,30.34731],[-97.81317,30.34721],[-97.81316,30.3471],[-97.81331,30.34701],[-97.81342,30.347],[-97.81347,30.34695],[-97.81351,30.34695],[-97.81356,30.34694],[-97.81359,30.34695],[-97.81362,30.34695],[-97.81368,30.34694],[-97.81375,30.34692],[-97.81381,30.3469],[-97.81388,30.34682],[-97.8137,30.34673],[-97.81373,30.34666],[-97.81373,30.34658],[-97.81372,30.34646],[-97.81357,30.34632],[-97.81354,30.34618],[-97.8136,30.34607],[-97.81362,30.34604],[-97.81366,30.34599],[-97.8137,30.34593],[-97.81374,30.34586],[-97.81376,30.34581],[-97.81379,30.34571],[-97.81388,30.34558],[-97.81531,30.34625],[-97.81785,30.34743],[-97.81814,30.34757],[-97.81777,30.34807],[-97.81771,30.34815],[-97.81765,30.34823],[-97.81761,30.34829],[-97.81828,30.34861],[-97.81939,30.34914],[-97.8201,30.34949],[-97.82099,30.34992],[-97.8234,30.35105],[-97.82484,30.35173],[-97.82555,30.35207],[-97.82799,30.35324],[-97.82655,30.35552],[-97.82787,30.35611],[-97.82921,30.35675],[-97.82981,30.35703],[-97.82994,30.3571],[-97.83035,30.35729],[-97.832,30.35807],[-97.83211,30.35773],[-97.83216,30.35776],[-97.83264,30.35799],[-97.83269,30.35802],[-97.83268,30.35804],[-97.83276,30.35802],[-97.83283,30.35799],[-97.83296,30.35794],[-97.83326,30.35781],[-97.83362,30.35771],[-97.83365,30.3577],[-97.8337,30.35768],[-97.83377,30.35766],[-97.8342,30.35742],[-97.83454,30.35723],[-97.83506,30.35693],[-97.83578,30.35727],[-97.83617,30.35746],[-97.83602,30.3577],[-97.83543,30.35862],[-97.83548,30.35864],[-97.83652,30.35915],[-97.83672,30.35924],[-97.83694,30.35935],[-97.83766,30.3597],[-97.83767,30.35973],[-97.83769,30.35976],[-97.83771,30.35978],[-97.83774,30.3598],[-97.83777,30.35981],[-97.83781,30.35981],[-97.83784,30.35981],[-97.83787,30.3598],[-97.83817,30.35995],[-97.83913,30.36042],[-97.84077,30.35787],[-97.84098,30.35754],[-97.84109,30.35763],[-97.84149,30.35804],[-97.84205,30.35835],[-97.84267,30.35871],[-97.84281,30.35878],[-97.84305,30.35884],[-97.84327,30.35889],[-97.84371,30.35872],[-97.84397,30.35877],[-97.84405,30.35881],[-97.84548,30.35951],[-97.84693,30.3602],[-97.84766,30.36056],[-97.84782,30.36063]],[[-97.81745,30.40972],[-97.81741,30.40983],[-97.817,30.41046],[-97.8166,30.41105],[-97.81603,30.41192],[-97.81569,30.41244],[-97.81534,30.41299],[-97.81517,30.41325],[-97.81509,30.41337],[-97.81419,30.41306],[-97.81334,30.41445],[-97.81315,30.41475],[-97.8125,30.41582],[-97.81131,30.41591],[-97.80959,30.41605],[-97.80899,30.4161],[-97.80876,30.41612],[-97.80743,30.41622],[-97.80652,30.41761],[-97.80648,30.41767],[-97.80597,30.41845],[-97.80575,30.41877],[-97.80508,30.41976],[-97.80487,30.42007],[-97.80478,30.42005],[-97.80453,30.41994],[-97.80422,30.41982],[-97.80382,30.4197],[-97.8031,30.41951],[-97.80287,30.41949],[-97.80271,30.41947],[-97.80244,30.41947],[-97.80225,30.41951],[-97.80208,30.41956],[-97.80179,30.41965],[-97.80163,30.41968],[-97.80122,30.4197],[-97.80089,30.41972],[-97.80047,30.41978],[-97.80033,30.41983],[-97.80011,30.4199],[-97.79966,30.42008],[-97.79944,30.42017],[-97.79913,30.4203],[-97.799,30.42038],[-97.79888,30.42047],[-97.79877,30.42059],[-97.79859,30.42078],[-97.7984,30.42091],[-97.79835,30.42093],[-97.79832,30.42096],[-97.79824,30.42099],[-97.79816,30.42102],[-97.79805,30.42104],[-97.79778,30.42108],[-97.7977,30.42094],[-97.79762,30.42084],[-97.79759,30.4208],[-97.79747,30.42063],[-97.7973,30.42067],[-97.79723,30.42068],[-97.79697,30.42073],[-97.79672,30.42078],[-97.79645,30.4204],[-97.79626,30.42014],[-97.79621,30.42007],[-97.79602,30.42016],[-97.79514,30.42054],[-97.79456,30.42068],[-97.79415,30.42077],[-97.79395,30.42082],[-97.79389,30.42083],[-97.79385,30.42083],[-97.79384,30.4208],[-97.79383,30.42077],[-97.79382,30.42073],[-97.79382,30.4207],[-97.79382,30.42067],[-97.79381,30.42064],[-97.79381,30.4206],[-97.79381,30.42057],[-97.79381,30.42054],[-97.79382,30.4205],[-97.79382,30.42047],[-97.79383,30.42043],[-97.79386,30.42025],[-97.7939,30.42009],[-97.79393,30.41997],[-97.79407,30.41997],[-97.79413,30.41997],[-97.79434,30.41999],[-97.79445,30.41998],[-97.79455,30.41998],[-97.79461,30.41997],[-97.79505,30.4198],[-97.79517,30.41972],[-97.79519,30.41963],[-97.79521,30.41948],[-97.79484,30.4194],[-97.79477,30.41938],[-97.7942,30.41926],[-97.79411,30.41924],[-97.79416,30.41898],[-97.79448,30.41845],[-97.79494,30.41785],[-97.79519,30.41733],[-97.79532,30.41723],[-97.79533,30.41716],[-97.79539,30.41682],[-97.79554,30.41605],[-97.79563,30.41562],[-97.79552,30.41517],[-97.79499,30.41476],[-97.79437,30.41426],[-97.79344,30.41342],[-97.79301,30.41278],[-97.79276,30.41227],[-97.79291,30.41081],[-97.79338,30.40998],[-97.7935,30.40977],[-97.79353,30.4096],[-97.79353,30.40952],[-97.79358,30.409],[-97.7935,30.40717],[-97.79409,30.40622],[-97.79438,30.40575],[-97.79486,30.40498],[-97.79544,30.40405],[-97.79699,30.40163],[-97.7972,30.4013],[-97.79817,30.39985],[-97.79823,30.39976],[-97.79831,30.39964],[-97.79883,30.39883],[-97.80025,30.39951],[-97.80072,30.39973],[-97.80132,30.39885],[-97.80189,30.39917],[-97.8024,30.39945],[-97.80348,30.40004],[-97.80409,30.40038],[-97.80498,30.40087],[-97.80559,30.40113],[-97.80867,30.40247],[-97.81068,30.40334],[-97.81236,30.40414],[-97.81147,30.40549],[-97.81081,30.40652],[-97.81134,30.40677],[-97.81197,30.40708],[-97.81255,30.40736],[-97.8136,30.40788],[-97.81391,30.40802],[-97.81508,30.4086],[-97.81618,30.40913],[-97.81661,30.40933],[-97.81745,30.40972]],[[-97.82996,30.22225],[-97.82945,30.22308],[-97.82906,30.22372],[-97.82903,30.22377],[-97.82895,30.22389],[-97.82877,30.22419],[-97.8286,30.22446],[-97.82847,30.22444],[-97.82833,30.22442],[-97.82821,30.2244],[-97.82813,30.22439],[-97.82796,30.22469],[-97.82761,30.2253],[-97.82756,30.22539],[-97.82754,30.22543],[-97.82689,30.22647],[-97.8267,30.22677],[-97.82636,30.22732],[-97.82625,30.2275],[-97.82618,30.2276],[-97.82564,30.22847],[-97.82536,30.22893],[-97.825,30.22951],[-97.82479,30.22985],[-97.82477,30.22987],[-97.82475,30.22989],[-97.82441,30.22972],[-97.82352,30.22927],[-97.82344,30.22939],[-97.82326,30.22966],[-97.8232,30.22975],[-97.82316,30.22982],[-97.82314,30.22984],[-97.82313,30.22986],[-97.82297,30.23011],[-97.82287,30.23026],[-97.82276,30.23043],[-97.82094,30.2332],[-97.82084,30.23335],[-97.82071,30.23354],[-97.82057,30.23377],[-97.82046,30.23394],[-97.82037,30.23408],[-97.82034,30.23411],[-97.82033,30.23414],[-97.82032,30.23416],[-97.8202,30.2341],[-97.82013,30.23407],[-97.82001,30.23402],[-97.81981,30.23395],[-97.81968,30.23391],[-97.81956,30.23388],[-97.81948,30.23385],[-97.81933,30.23382],[-97.81916,30.23378],[-97.81898,30.23375],[-97.81888,30.23374],[-97.81881,30.23373],[-97.81863,30.2337],[-97.81846,30.23368],[-97.81828,30.23367],[-97.81823,30.23367],[-97.81807,30.23366],[-97.81785,30.23366],[-97.81767,30.23366],[-97.81758,30.23366],[-97.81668,30.2337],[-97.81669,30.23385],[-97.81676,30.23446],[-97.81656,30.2345],[-97.81591,30.23473],[-97.81639,30.23543],[-97.8164,30.23543],[-97.81638,30.2355],[-97.81631,30.23553],[-97.81628,30.23552],[-97.81615,30.23551],[-97.81606,30.23549],[-97.81599,30.23552],[-97.81584,30.23562],[-97.81571,30.23589],[-97.81557,30.23608],[-97.81543,30.23624],[-97.81536,30.23632],[-97.81527,30.23624],[-97.81515,30.2361],[-97.81509,30.23604],[-97.81492,30.2359],[-97.81475,30.23584],[-97.81459,30.23582],[-97.81443,30.23586],[-97.81429,30.23601],[-97.81418,30.23638],[-97.81408,30.23693],[-97.81394,30.23708],[-97.81379,30.23716],[-97.81363,30.23716],[-97.81346,30.23706],[-97.81328,30.23689],[-97.81311,30.23676],[-97.81303,30.23671],[-97.81293,30.23665],[-97.81291,30.23664],[-97.81277,30.23658],[-97.8126,30.23652],[-97.81248,30.23649],[-97.81187,30.23745],[-97.8119,30.23769],[-97.81191,30.23771],[-97.81191,30.23782],[-97.8119,30.23787],[-97.81182,30.23798],[-97.81178,30.23812],[-97.81165,30.23821],[-97.8115,30.2383],[-97.81128,30.23835],[-97.81098,30.23876],[-97.81071,30.23911],[-97.81064,30.23924],[-97.81059,30.23933],[-97.81046,30.23955],[-97.81033,30.23973],[-97.8102,30.2399],[-97.81018,30.23988],[-97.81016,30.23984],[-97.81003,30.2398],[-97.80995,30.23979],[-97.80994,30.23978],[-97.80991,30.23978],[-97.80982,30.23978],[-97.80974,30.23977],[-97.8097,30.23977],[-97.80964,30.23977],[-97.80938,30.23977],[-97.80926,30.23978],[-97.80924,30.23979],[-97.80911,30.2398],[-97.80909,30.2398],[-97.80906,30.23982],[-97.80891,30.23991],[-97.8088,30.23999],[-97.80875,30.24003],[-97.80861,30.24015],[-97.80839,30.24032],[-97.80833,30.24037],[-97.80828,30.24042],[-97.80826,30.24044],[-97.80822,30.2405],[-97.80816,30.24047],[-97.80814,30.24046],[-97.80803,30.24042],[-97.80739,30.24013],[-97.80734,30.24001],[-97.80723,30.23997],[-97.80821,30.2385],[-97.80859,30.23795],[-97.80885,30.23753],[-97.80904,30.23727],[-97.80948,30.23657],[-97.80993,30.23587],[-97.81037,30.23516],[-97.81096,30.23416],[-97.80993,30.23397],[-97.80914,30.23371],[-97.80846,30.23344],[-97.80673,30.23274],[-97.80621,30.23256],[-97.8056,30.23245],[-97.8052,30.2324],[-97.80438,30.23237],[-97.80391,30.23237],[-97.80358,30.23242],[-97.80349,30.23244],[-97.80333,30.23246],[-97.80328,30.23247],[-97.80324,30.23247],[-97.80318,30.23248],[-97.80313,30.23249],[-97.80291,30.23252],[-97.80296,30.23243],[-97.8031,30.2322],[-97.80319,30.23206],[-97.80334,30.23181],[-97.80345,30.2316],[-97.80353,30.23148],[-97.80374,30.23112],[-97.80381,30.23101],[-97.80512,30.22901],[-97.80636,30.22679],[-97.8055,30.22641],[-97.80501,30.22617],[-97.80481,30.22607],[-97.80468,30.22601],[-97.80455,30.22597],[-97.80387,30.22561],[-97.80447,30.22467],[-97.80479,30.22419],[-97.80496,30.22394],[-97.80556,30.22298],[-97.80626,30.22191],[-97.80632,30.22182],[-97.80649,30.22184],[-97.80652,30.22186],[-97.80679,30.22193],[-97.80704,30.222],[-97.80727,30.22195],[-97.80745,30.22192],[-97.80787,30.22185],[-97.80801,30.22186],[-97.80826,30.22188],[-97.8085,30.2219],[-97.80854,30.22185],[-97.8087,30.22167],[-97.8088,30.22154],[-97.80889,30.22134],[-97.80896,30.22118],[-97.80901,30.22111],[-97.80917,30.22084],[-97.80945,30.22068],[-97.80962,30.22056],[-97.80987,30.22038],[-97.80996,30.22031],[-97.8102,30.22013],[-97.81045,30.21995],[-97.81058,30.21986],[-97.81083,30.21986],[-97.811,30.21958],[-97.81106,30.21949],[-97.81137,30.219],[-97.81166,30.21854],[-97.81171,30.21845],[-97.81175,30.21839],[-97.8118,30.21832],[-97.81191,30.21813],[-97.81199,30.218],[-97.81208,30.21784],[-97.81256,30.21789],[-97.81277,30.21806],[-97.8128,30.21812],[-97.81283,30.21822],[-97.81307,30.21831],[-97.81369,30.21791],[-97.8137,30.2179],[-97.81372,30.21767],[-97.81355,30.2174],[-97.81353,30.21736],[-97.81357,30.21734],[-97.81359,30.21738],[-97.81376,30.21765],[-97.81412,30.21742],[-97.81426,30.21729],[-97.81439,30.21717],[-97.81452,30.21705],[-97.81465,30.21693],[-97.8148,30.21679],[-97.81494,30.21666],[-97.81507,30.21654],[-97.81521,30.21641],[-97.81535,30.21628],[-97.8155,30.21614],[-97.81562,30.21603],[-97.81575,30.21591],[-97.81591,30.21581],[-97.81607,30.21571],[-97.81619,30.2156],[-97.81632,30.21548],[-97.81649,30.21532],[-97.8165,30.21528],[-97.81659,30.21506],[-97.81665,30.21489],[-97.81664,30.21484],[-97.81661,30.21471],[-97.81681,30.21468],[-97.81697,30.21465],[-97.81717,30.21461],[-97.81737,30.21458],[-97.8176,30.21453],[-97.81776,30.2145],[-97.81765,30.21407],[-97.81769,30.21407],[-97.81771,30.21418],[-97.81779,30.2145],[-97.81806,30.21445],[-97.81826,30.21441],[-97.81849,30.21431],[-97.81867,30.21423],[-97.81868,30.21423],[-97.81886,30.21413],[-97.81897,30.21429],[-97.81907,30.21443],[-97.81905,30.21456],[-97.81902,30.21484],[-97.81947,30.21498],[-97.81965,30.21503],[-97.81996,30.21512],[-97.82023,30.21472],[-97.82027,30.21466],[-97.82056,30.21508],[-97.82119,30.21598],[-97.82124,30.21603],[-97.82119,30.21608],[-97.82113,30.21613],[-97.8211,30.21616],[-97.8214,30.21673],[-97.82143,30.21677],[-97.82157,30.21704],[-97.82348,30.21686],[-97.82382,30.21684],[-97.82396,30.21683],[-97.82444,30.2168],[-97.82543,30.21673],[-97.82783,30.21785],[-97.82698,30.21919],[-97.82662,30.2198],[-97.8262,30.22041],[-97.82633,30.22048],[-97.82643,30.22053],[-97.82711,30.22086],[-97.82733,30.22096],[-97.82749,30.22103],[-97.82788,30.22123],[-97.82793,30.22125],[-97.82845,30.2215],[-97.82873,30.22163],[-97.82927,30.2219],[-97.82931,30.22192],[-97.82996,30.22225]],[[-97.65932,30.16736],[-97.65716,30.16896],[-97.65358,30.17161],[-97.65172,30.173],[-97.65014,30.17484],[-97.64762,30.17835],[-97.64711,30.17937],[-97.64656,30.18062],[-97.64591,30.18227],[-97.64576,30.18329],[-97.64578,30.18362],[-97.6458,30.18406],[-97.64585,30.18436],[-97.64596,30.18489],[-97.6461,30.18539],[-97.64615,30.18561],[-97.64556,30.18537],[-97.64437,30.18482],[-97.64111,30.18329],[-97.64043,30.18297],[-97.64036,30.18294],[-97.64033,30.18292],[-97.6403,30.18299],[-97.64026,30.18297],[-97.63981,30.18274],[-97.63952,30.18267],[-97.63921,30.18259],[-97.63894,30.1825],[-97.63885,30.18246],[-97.63862,30.18238],[-97.63829,30.18226],[-97.63783,30.18223],[-97.6384,30.18184],[-97.63758,30.18144],[-97.63725,30.18128],[-97.63964,30.17731],[-97.63933,30.17716],[-97.63869,30.17684],[-97.6378,30.1764],[-97.63734,30.17619],[-97.63678,30.17592],[-97.63639,30.17573],[-97.63593,30.17551],[-97.63425,30.1747],[-97.62944,30.17239],[-97.62967,30.17201],[-97.63054,30.1707],[-97.63122,30.17018],[-97.63194,30.16963],[-97.63259,30.16914],[-97.63323,30.16866],[-97.63458,30.16764],[-97.63573,30.16579],[-97.63666,30.1643],[-97.63668,30.16413],[-97.63692,30.16376],[-97.63702,30.16361],[-97.63723,30.16328],[-97.63712,30.16323],[-97.63706,30.1632],[-97.63811,30.16163],[-97.64087,30.16302],[-97.64173,30.16346],[-97.64298,30.16272],[-97.64363,30.16296],[-97.6448,30.1634],[-97.64392,30.16251],[-97.64233,30.1609],[-97.64368,30.15874],[-97.64416,30.15897],[-97.6443,30.15903],[-97.64581,30.15973],[-97.64856,30.16101],[-97.65021,30.16182],[-97.65026,30.16185],[-97.65054,30.16199],[-97.65126,30.16235],[-97.65171,30.1616],[-97.65229,30.16188],[-97.65224,30.16197],[-97.65204,30.16227],[-97.65181,30.16262],[-97.65223,30.16283],[-97.65248,30.16296],[-97.65279,30.16311],[-97.65318,30.16331],[-97.65769,30.16556],[-97.65792,30.16567],[-97.65873,30.16672],[-97.6589,30.16693],[-97.65911,30.16713],[-97.65932,30.16736]],[[-97.78272,30.15732],[-97.78219,30.15743],[-97.78044,30.1576],[-97.77978,30.15769],[-97.77967,30.1577],[-97.77889,30.15781],[-97.77833,30.15788],[-97.77805,30.15791],[-97.77779,30.15797],[-97.77768,30.15802],[-97.77719,30.15827],[-97.77707,30.15835],[-97.77696,30.15839],[-97.77683,30.15846],[-97.77663,30.15853],[-97.77616,30.15871],[-97.77603,30.15874],[-97.77601,30.15875],[-97.77595,30.15876],[-97.7759,30.15877],[-97.77588,30.15878],[-97.7755,30.15884],[-97.77464,30.1589],[-97.77435,30.15892],[-97.7739,30.15898],[-97.77382,30.159],[-97.77382,30.15906],[-97.77383,30.15912],[-97.77386,30.15917],[-97.77388,30.15921],[-97.77391,30.15926],[-97.77393,30.1593],[-97.77395,30.15936],[-97.77397,30.1594],[-97.77399,30.15946],[-97.77402,30.1595],[-97.77405,30.15955],[-97.77407,30.15959],[-97.77409,30.15964],[-97.77411,30.15969],[-97.77412,30.15974],[-97.77415,30.15979],[-97.77418,30.15983],[-97.77421,30.15988],[-97.77423,30.15994],[-97.77426,30.16],[-97.77428,30.16005],[-97.7743,30.16009],[-97.77432,30.16014],[-97.77434,30.16019],[-97.77436,30.16024],[-97.77438,30.16029],[-97.7744,30.16033],[-97.77442,30.16039],[-97.77444,30.16044],[-97.77447,30.16051],[-97.77449,30.16057],[-97.77451,30.16063],[-97.77454,30.16071],[-97.77457,30.16079],[-97.77459,30.16085],[-97.77461,30.16092],[-97.77463,30.16097],[-97.77465,30.16101],[-97.77467,30.16108],[-97.77469,30.16114],[-97.77472,30.16119],[-97.77475,30.16124],[-97.77477,30.16129],[-97.7748,30.16134],[-97.77482,30.16138],[-97.77485,30.16144],[-97.77486,30.1615],[-97.77487,30.16155],[-97.77489,30.1616],[-97.77492,30.16166],[-97.77493,30.16173],[-97.77494,30.16177],[-97.77496,30.16181],[-97.77498,30.16187],[-97.775,30.16192],[-97.77502,30.16198],[-97.77505,30.16204],[-97.77508,30.16211],[-97.77511,30.16216],[-97.77515,30.16225],[-97.77519,30.16231],[-97.77521,30.16235],[-97.77523,30.16239],[-97.77524,30.16244],[-97.77526,30.1625],[-97.77529,30.16256],[-97.77531,30.16261],[-97.77533,30.16267],[-97.77535,30.16272],[-97.77537,30.16278],[-97.77539,30.16283],[-97.77542,30.16288],[-97.77544,30.16294],[-97.77546,30.163],[-97.77548,30.16308],[-97.77562,30.16313],[-97.77674,30.16353],[-97.77662,30.16372],[-97.77667,30.16376],[-97.77693,30.16402],[-97.77627,30.16454],[-97.77555,30.16452],[-97.77554,30.16456],[-97.77551,30.16462],[-97.77548,30.16468],[-97.77546,30.16473],[-97.77544,30.16479],[-97.77541,30.16484],[-97.77538,30.16489],[-97.77536,30.16493],[-97.77533,30.16497],[-97.7753,30.16502],[-97.77525,30.16508],[-97.77524,30.16509],[-97.77713,30.16641],[-97.77763,30.16601],[-97.77836,30.16543],[-97.7792,30.16625],[-97.78021,30.16723],[-97.78015,30.16733],[-97.78003,30.16749],[-97.77988,30.16934],[-97.77983,30.17018],[-97.7798,30.17089],[-97.77976,30.17137],[-97.78119,30.17144],[-97.7817,30.17146],[-97.78188,30.17147],[-97.78173,30.1717],[-97.78075,30.17319],[-97.78054,30.17343],[-97.78043,30.17356],[-97.78037,30.17363],[-97.77975,30.17457],[-97.77955,30.17489],[-97.7795,30.17479],[-97.77822,30.17226],[-97.77775,30.17133],[-97.77457,30.17127],[-97.77277,30.17124],[-97.77196,30.17122],[-97.77082,30.1712],[-97.77082,30.17122],[-97.7708,30.17121],[-97.76915,30.17115],[-97.76849,30.17112],[-97.76829,30.17111],[-97.76821,30.1708],[-97.76821,30.17074],[-97.76821,30.17066],[-97.76821,30.17058],[-97.76821,30.17054],[-97.76821,30.1705],[-97.76822,30.17046],[-97.76822,30.17042],[-97.76809,30.17037],[-97.76715,30.16987],[-97.76702,30.1698],[-97.7663,30.16941],[-97.76554,30.169],[-97.76509,30.16875],[-97.76482,30.1686],[-97.76477,30.16858],[-97.76454,30.16848],[-97.76442,30.16843],[-97.76406,30.16829],[-97.76403,30.16827],[-97.76387,30.1682],[-97.764,30.16793],[-97.76402,30.16789],[-97.76407,30.16771],[-97.7641,30.16762],[-97.76412,30.16757],[-97.76414,30.16748],[-97.7642,30.16735],[-97.76422,30.16731],[-97.76428,30.16719],[-97.7643,30.16709],[-97.76434,30.16696],[-97.76438,30.16683],[-97.76441,30.16655],[-97.76441,30.16652],[-97.76441,30.16651],[-97.76438,30.16642],[-97.76403,30.16597],[-97.76387,30.1657],[-97.76365,30.1652],[-97.76376,30.16454],[-97.76377,30.16452],[-97.76379,30.16449],[-97.7638,30.16443],[-97.7638,30.16436],[-97.76377,30.1643],[-97.76374,30.16425],[-97.76373,30.16423],[-97.76373,30.16419],[-97.76373,30.16415],[-97.76374,30.16411],[-97.76375,30.16406],[-97.76377,30.16399],[-97.76371,30.16396],[-97.76331,30.16378],[-97.76336,30.16369],[-97.76326,30.16365],[-97.76282,30.16347],[-97.76229,30.1643],[-97.76202,30.16472],[-97.76068,30.16412],[-97.76125,30.16314],[-97.76166,30.16248],[-97.76238,30.16126],[-97.76455,30.15753],[-97.76255,30.15671],[-97.76213,30.15665],[-97.76227,30.15651],[-97.76226,30.1565],[-97.76225,30.1565],[-97.76223,30.1565],[-97.76222,30.15649],[-97.76221,30.15649],[-97.7622,30.15649],[-97.76218,30.15649],[-97.76217,30.15649],[-97.76215,30.15649],[-97.76212,30.15649],[-97.7621,30.15649],[-97.76207,30.1565],[-97.76206,30.1565],[-97.76205,30.1565],[-97.76203,30.15651],[-97.76201,30.15652],[-97.762,30.15653],[-97.76199,30.15653],[-97.76198,30.15654],[-97.76197,30.15655],[-97.76196,30.15655],[-97.76196,30.15655],[-97.76195,30.15656],[-97.76195,30.15657],[-97.76193,30.15657],[-97.76194,30.15655],[-97.76255,30.15552],[-97.76446,30.15252],[-97.76481,30.15189],[-97.76492,30.1517],[-97.76496,30.15162],[-97.76556,30.15068],[-97.76576,30.15077],[-97.76585,30.1505],[-97.7664,30.14968],[-97.76731,30.14832],[-97.76739,30.14798],[-97.76639,30.1461],[-97.76636,30.14614],[-97.76606,30.14658],[-97.76575,30.14704],[-97.76487,30.14836],[-97.76359,30.15029],[-97.76317,30.15007],[-97.7623,30.14966],[-97.76134,30.1492],[-97.76279,30.14698],[-97.7633,30.14621],[-97.76379,30.14545],[-97.76339,30.14524],[-97.76403,30.14423],[-97.76451,30.14346],[-97.76456,30.14339],[-97.76472,30.14358],[-97.76478,30.14355],[-97.76633,30.14273],[-97.76752,30.14436],[-97.76757,30.14442],[-97.76836,30.14403],[-97.76956,30.14343],[-97.76957,30.14349],[-97.7698,30.14347],[-97.77088,30.14337],[-97.77095,30.14337],[-97.77096,30.14337],[-97.77159,30.14334],[-97.77171,30.14335],[-97.77174,30.14335],[-97.7725,30.14327],[-97.77344,30.14456],[-97.77341,30.14524],[-97.77341,30.14528],[-97.77347,30.14543],[-97.7736,30.14558],[-97.77417,30.14618],[-97.77424,30.14627],[-97.77448,30.14655],[-97.77466,30.14713],[-97.77522,30.1483],[-97.77618,30.14973],[-97.77631,30.14992],[-97.77644,30.1501],[-97.77657,30.15028],[-97.77667,30.15043],[-97.7767,30.15048],[-97.77675,30.15055],[-97.77698,30.15079],[-97.77707,30.15086],[-97.77749,30.15117],[-97.77816,30.15108],[-97.77838,30.15105],[-97.77919,30.15111],[-97.77932,30.15112],[-97.77942,30.15121],[-97.77959,30.15139],[-97.77966,30.15147],[-97.77979,30.15155],[-97.77992,30.15163],[-97.78002,30.15177],[-97.78005,30.15182],[-97.78019,30.15202],[-97.78023,30.15222],[-97.78024,30.15228],[-97.78029,30.15244],[-97.7804,30.15284],[-97.78043,30.15292],[-97.78038,30.15326],[-97.78042,30.15334],[-97.78044,30.15338],[-97.78046,30.1535],[-97.78058,30.15417],[-97.78038,30.15504],[-97.78089,30.15512],[-97.78126,30.15518],[-97.78272,30.15732]],[[-97.87337,30.42928],[-97.87054,30.43353],[-97.86992,30.43446],[-97.86965,30.43488],[-97.8695,30.43511],[-97.86941,30.43525],[-97.86933,30.4354],[-97.87132,30.43703],[-97.87058,30.4377],[-97.86986,30.43836],[-97.86972,30.43849],[-97.86969,30.43846],[-97.86951,30.4383],[-97.86886,30.4377],[-97.86787,30.43677],[-97.86688,30.4377],[-97.86683,30.43776],[-97.86665,30.43792],[-97.86606,30.43847],[-97.86569,30.43882],[-97.86565,30.43885],[-97.86367,30.44072],[-97.86436,30.44137],[-97.86546,30.44243],[-97.86512,30.44263],[-97.86457,30.44301],[-97.86363,30.44367],[-97.86295,30.44414],[-97.8624,30.44464],[-97.86212,30.4449],[-97.86186,30.44515],[-97.86172,30.44526],[-97.86142,30.44541],[-97.86136,30.44544],[-97.86103,30.44561],[-97.86069,30.44581],[-97.8592,30.44651],[-97.85913,30.44654],[-97.85902,30.44661],[-97.85884,30.44674],[-97.85872,30.44685],[-97.85864,30.44694],[-97.85854,30.44708],[-97.8583,30.44751],[-97.85792,30.4482],[-97.85782,30.44834],[-97.85774,30.44839],[-97.85717,30.44882],[-97.85589,30.44946],[-97.8552,30.44978],[-97.85518,30.44978],[-97.85424,30.45016],[-97.8542,30.45012],[-97.85411,30.45006],[-97.85404,30.45002],[-97.85399,30.45],[-97.85383,30.44987],[-97.85357,30.44942],[-97.85343,30.44916],[-97.85276,30.44887],[-97.8526,30.44881],[-97.85258,30.4488],[-97.85223,30.44813],[-97.85197,30.44795],[-97.85183,30.44762],[-97.85176,30.44745],[-97.85145,30.44737],[-97.85098,30.44746],[-97.85032,30.4476],[-97.84955,30.44779],[-97.84924,30.44799],[-97.84924,30.44797],[-97.8492,30.44792],[-97.8488,30.44732],[-97.84477,30.44113],[-97.84468,30.44099],[-97.84324,30.44179],[-97.843,30.44192],[-97.84096,30.44306],[-97.84052,30.4433],[-97.84033,30.44341],[-97.8399,30.44322],[-97.8389,30.44274],[-97.83912,30.4424],[-97.83917,30.44232],[-97.83847,30.44204],[-97.83789,30.44295],[-97.83773,30.44321],[-97.83756,30.44315],[-97.83718,30.44371],[-97.83712,30.44379],[-97.83572,30.44338],[-97.83539,30.44328],[-97.83511,30.44319],[-97.83499,30.44315],[-97.83437,30.44297],[-97.83426,30.44294],[-97.83423,30.44301],[-97.83411,30.44323],[-97.83359,30.44304],[-97.83364,30.44294],[-97.83372,30.44277],[-97.83352,30.4427],[-97.83364,30.44249],[-97.83384,30.44222],[-97.8341,30.4419],[-97.83452,30.44148],[-97.83517,30.4408],[-97.83555,30.44038],[-97.83576,30.44014],[-97.83591,30.43999],[-97.83597,30.43991],[-97.83624,30.43961],[-97.83649,30.43935],[-97.83668,30.43914],[-97.83723,30.43853],[-97.83737,30.43839],[-97.83758,30.43854],[-97.84076,30.43982],[-97.84084,30.43969],[-97.84094,30.43953],[-97.84098,30.43958],[-97.84129,30.43999],[-97.84252,30.43725],[-97.84303,30.43612],[-97.84321,30.43573],[-97.8437,30.43465],[-97.84388,30.43419],[-97.84459,30.43239],[-97.84465,30.43244],[-97.84469,30.43248],[-97.845,30.43274],[-97.84533,30.43301],[-97.84564,30.43328],[-97.84604,30.4343],[-97.8467,30.43511],[-97.84682,30.43525],[-97.84688,30.43533],[-97.84697,30.43544],[-97.84718,30.43569],[-97.84757,30.43618],[-97.84768,30.43632],[-97.84774,30.43638],[-97.84775,30.43641],[-97.84776,30.43642],[-97.84813,30.43671],[-97.84842,30.43669],[-97.84869,30.43668],[-97.84897,30.43666],[-97.84912,30.43638],[-97.84932,30.436],[-97.84943,30.43595],[-97.84947,30.43594],[-97.85139,30.43519],[-97.85395,30.43596],[-97.85422,30.43657],[-97.85423,30.43661],[-97.85433,30.43664],[-97.85445,30.43668],[-97.85473,30.43678],[-97.85572,30.43713],[-97.8562,30.43731],[-97.85631,30.43734],[-97.85634,30.43735],[-97.85644,30.43732],[-97.85658,30.43725],[-97.85701,30.43706],[-97.85741,30.43687],[-97.85796,30.43662],[-97.85864,30.43631],[-97.85879,30.43624],[-97.85901,30.43614],[-97.86027,30.43556],[-97.86046,30.43547],[-97.86067,30.43538],[-97.86297,30.43433],[-97.86328,30.43419],[-97.86306,30.43382],[-97.8629,30.43356],[-97.8619,30.43193],[-97.86185,30.43183],[-97.86122,30.4308],[-97.86016,30.42905],[-97.86014,30.42901],[-97.85967,30.42825],[-97.8601,30.42795],[-97.86015,30.42791],[-97.86034,30.42777],[-97.86038,30.42775],[-97.86073,30.42791],[-97.86087,30.42798],[-97.86142,30.42824],[-97.86156,30.42803],[-97.86182,30.42764],[-97.86218,30.42708],[-97.86253,30.42654],[-97.86325,30.42543],[-97.86339,30.42522],[-97.86348,30.42508],[-97.8644,30.42363],[-97.86451,30.42347],[-97.86467,30.4232],[-97.86485,30.42292],[-97.86507,30.42258],[-97.86514,30.42247],[-97.8652,30.42238],[-97.86525,30.42231],[-97.86654,30.42035],[-97.8675,30.41889],[-97.86841,30.41752],[-97.86869,30.41711],[-97.86875,30.41749],[-97.86879,30.41811],[-97.86879,30.41859],[-97.86879,30.41865],[-97.8688,30.41876],[-97.86881,30.41887],[-97.86882,30.41898],[-97.86884,30.41906],[-97.86886,30.41914],[-97.86888,30.41922],[-97.86924,30.42029],[-97.86927,30.42037],[-97.86932,30.42048],[-97.86935,30.42055],[-97.86939,30.42063],[-97.86943,30.42071],[-97.86946,30.42076],[-97.86947,30.42078],[-97.8695,30.42083],[-97.86953,30.42088],[-97.86956,30.42093],[-97.86965,30.42108],[-97.86972,30.42118],[-97.87003,30.4216],[-97.87009,30.42166],[-97.87015,30.42173],[-97.87023,30.42182],[-97.87031,30.42191],[-97.87037,30.42197],[-97.87043,30.42203],[-97.87052,30.42212],[-97.87062,30.42222],[-97.87071,30.42231],[-97.87121,30.42294],[-97.87167,30.42374],[-97.87224,30.42459],[-97.87227,30.42466],[-97.87239,30.42495],[-97.8724,30.42541],[-97.8724,30.42556],[-97.87214,30.42598],[-97.87164,30.42677],[-97.87128,30.42733],[-97.87083,30.42805],[-97.87095,30.42811],[-97.87333,30.42926],[-97.87337,30.42928]],[[-97.90712,30.3908],[-97.9066,30.39107],[-97.90655,30.3911],[-97.90648,30.39114],[-97.90637,30.3912],[-97.9063,30.39124],[-97.90606,30.39139],[-97.90586,30.39152],[-97.90382,30.3926],[-97.90374,30.39262],[-97.90309,30.39273],[-97.9028,30.39278],[-97.89974,30.39333],[-97.89935,30.39341],[-97.8986,30.39354],[-97.89815,30.39362],[-97.89472,30.394],[-97.89307,30.39419],[-97.89181,30.39433],[-97.8884,30.39515],[-97.88585,30.3961],[-97.88515,30.39636],[-97.88371,30.39737],[-97.88353,30.39749],[-97.88295,30.39789],[-97.88049,30.39959],[-97.88061,30.39944],[-97.88088,30.3991],[-97.88052,30.39883],[-97.87998,30.39841],[-97.87922,30.39825],[-97.8791,30.39816],[-97.87903,30.3981],[-97.87898,30.39815],[-97.87879,30.39838],[-97.87862,30.39858],[-97.87932,30.39886],[-97.8795,30.39893],[-97.88013,30.39938],[-97.88046,30.39963],[-97.88022,30.39996],[-97.87942,30.40101],[-97.87897,30.4016],[-97.87851,30.40221],[-97.87793,30.40337],[-97.87756,30.40413],[-97.87738,30.40449],[-97.87742,30.40489],[-97.87755,30.406],[-97.87772,30.4076],[-97.87776,30.40784],[-97.87854,30.40988],[-97.87872,30.41003],[-97.87886,30.41015],[-97.87952,30.41069],[-97.87988,30.41098],[-97.87975,30.41117],[-97.87902,30.41224],[-97.87863,30.41281],[-97.8784,30.41268],[-97.87779,30.41233],[-97.87779,30.41217],[-97.87776,30.41195],[-97.87772,30.41189],[-97.87768,30.4118],[-97.87761,30.41173],[-97.8775,30.41164],[-97.87745,30.4116],[-97.87737,30.41157],[-97.87723,30.41153],[-97.87708,30.41148],[-97.87683,30.41146],[-97.87652,30.41153],[-97.8764,30.41143],[-97.87602,30.4112],[-97.87591,30.41112],[-97.87585,30.41107],[-97.87583,30.41102],[-97.87581,30.41097],[-97.87581,30.41071],[-97.87584,30.41039],[-97.87578,30.41007],[-97.87578,30.41005],[-97.87573,30.40996],[-97.87566,30.40989],[-97.87557,30.4098],[-97.87544,30.40971],[-97.87534,30.40965],[-97.87527,30.40958],[-97.8752,30.40951],[-97.87514,30.40939],[-97.87509,30.40927],[-97.87503,30.40898],[-97.875,30.40886],[-97.87484,30.40853],[-97.87482,30.40867],[-97.87481,30.40879],[-97.87482,30.40907],[-97.87482,30.40932],[-97.87484,30.40937],[-97.87489,30.40947],[-97.87494,30.40957],[-97.875,30.40978],[-97.87507,30.40998],[-97.87508,30.41005],[-97.87469,30.41049],[-97.87468,30.41061],[-97.87464,30.41095],[-97.8746,30.41112],[-97.87446,30.41144],[-97.87405,30.41157],[-97.87404,30.41192],[-97.87403,30.41209],[-97.87402,30.41248],[-97.87444,30.41244],[-97.87493,30.41239],[-97.87565,30.41232],[-97.87681,30.41222],[-97.8768,30.41236],[-97.8768,30.4124],[-97.87681,30.41254],[-97.87681,30.41256],[-97.87683,30.41265],[-97.87687,30.41272],[-97.87694,30.41279],[-97.87699,30.41283],[-97.8772,30.41297],[-97.87725,30.413],[-97.8774,30.41309],[-97.87755,30.41316],[-97.87765,30.41321],[-97.87769,30.41323],[-97.87771,30.41324],[-97.87779,30.41326],[-97.87796,30.41328],[-97.87806,30.41328],[-97.87841,30.41326],[-97.87866,30.41324],[-97.87808,30.41413],[-97.87595,30.41739],[-97.87628,30.41752],[-97.87755,30.41811],[-97.87529,30.4217],[-97.87422,30.42335],[-97.87358,30.42432],[-97.87286,30.42543],[-97.8728,30.42552],[-97.87265,30.42545],[-97.87265,30.425],[-97.87262,30.4249],[-97.87251,30.42461],[-97.87247,30.4245],[-97.8719,30.42363],[-97.87142,30.42282],[-97.8709,30.42216],[-97.87086,30.42212],[-97.87081,30.42208],[-97.87077,30.42204],[-97.87071,30.42197],[-97.87064,30.42191],[-97.87058,30.42184],[-97.87052,30.42177],[-97.87045,30.42171],[-97.87039,30.42164],[-97.87033,30.42158],[-97.87027,30.42151],[-97.87023,30.42146],[-97.86994,30.42107],[-97.86992,30.42104],[-97.86987,30.42097],[-97.86983,30.4209],[-97.86971,30.4207],[-97.86967,30.42063],[-97.86963,30.42055],[-97.86959,30.42048],[-97.86956,30.4204],[-97.86952,30.42032],[-97.8695,30.42027],[-97.86948,30.42023],[-97.86912,30.41914],[-97.86904,30.41811],[-97.86905,30.41747],[-97.86905,30.41744],[-97.86905,30.41739],[-97.86905,30.41733],[-97.86904,30.41727],[-97.86904,30.41722],[-97.86904,30.41719],[-97.86903,30.41714],[-97.86902,30.41708],[-97.86901,30.41703],[-97.869,30.41697],[-97.86899,30.41692],[-97.86898,30.41686],[-97.86897,30.41683],[-97.86896,30.41681],[-97.86896,30.41679],[-97.86884,30.41685],[-97.86876,30.41662],[-97.86847,30.41625],[-97.86745,30.41478],[-97.86695,30.41371],[-97.86626,30.41306],[-97.86609,30.41294],[-97.86592,30.41284],[-97.86577,30.41276],[-97.86558,30.41267],[-97.8653,30.41254],[-97.86475,30.41221],[-97.86451,30.41203],[-97.86434,30.41188],[-97.86419,30.41174],[-97.86407,30.41158],[-97.86395,30.41142],[-97.86383,30.41112],[-97.86363,30.41063],[-97.86351,30.41025],[-97.86341,30.41],[-97.86331,30.40978],[-97.86321,30.40953],[-97.8631,30.40932],[-97.86295,30.40913],[-97.86273,30.40889],[-97.86239,30.4086],[-97.86195,30.40829],[-97.86154,30.40803],[-97.86121,30.40789],[-97.86076,30.40774],[-97.86035,30.40756],[-97.86006,30.40742],[-97.85965,30.40721],[-97.85913,30.40693],[-97.85881,30.40672],[-97.85852,30.40652],[-97.85823,30.40633],[-97.85806,30.40618],[-97.85789,30.40606],[-97.85772,30.40594],[-97.85762,30.40589],[-97.85752,30.40584],[-97.85729,30.40574],[-97.85695,30.40559],[-97.85669,30.40548],[-97.85629,30.40529],[-97.85557,30.40488],[-97.85518,30.40458],[-97.85514,30.40455],[-97.85491,30.40442],[-97.85473,30.40429],[-97.85497,30.40386],[-97.85522,30.40342],[-97.85532,30.4033],[-97.85535,30.40332],[-97.85542,30.40326],[-97.85536,30.40319],[-97.85549,30.40295],[-97.85606,30.40194],[-97.85554,30.40146],[-97.85561,30.40134],[-97.85585,30.40086],[-97.8561,30.40096],[-97.85618,30.401],[-97.85643,30.40109],[-97.85669,30.40052],[-97.85617,30.40031],[-97.8573,30.39805],[-97.85745,30.39776],[-97.85811,30.39731],[-97.85866,30.39698],[-97.86273,30.39603],[-97.86701,30.39506],[-97.86916,30.39462],[-97.86922,30.39461],[-97.87227,30.39399],[-97.87534,30.39306],[-97.87648,30.39277],[-97.87677,30.39361],[-97.87784,30.39336],[-97.87918,30.39305],[-97.87966,30.39293],[-97.87991,30.39296],[-97.88215,30.39319],[-97.88237,30.3937],[-97.88241,30.39381],[-97.88245,30.39387],[-97.88253,30.39401],[-97.88256,30.39452],[-97.88254,30.39485],[-97.88231,30.39525],[-97.88216,30.39554],[-97.88196,30.39582],[-97.88189,30.39592],[-97.88229,30.39626],[-97.88233,30.39634],[-97.8824,30.39641],[-97.88247,30.39646],[-97.88256,30.39651],[-97.88266,30.39654],[-97.88276,30.39655],[-97.88286,30.39654],[-97.88296,30.39651],[-97.88305,30.39647],[-97.88313,30.39642],[-97.8832,30.39635],[-97.88321,30.39634],[-97.8833,30.3963],[-97.88344,30.39623],[-97.88371,30.3961],[-97.88398,30.39596],[-97.88411,30.3959],[-97.88425,30.39584],[-97.88439,30.39577],[-97.88453,30.39572],[-97.88467,30.39565],[-97.8848,30.3956],[-97.88488,30.39556],[-97.88531,30.39539],[-97.88553,30.39531],[-97.88575,30.39522],[-97.88597,30.39514],[-97.88619,30.39506],[-97.88641,30.39498],[-97.88663,30.39491],[-97.88685,30.39483],[-97.887,30.39476],[-97.88718,30.39469],[-97.88738,30.39461],[-97.88757,30.39454],[-97.88777,30.39448],[-97.88797,30.39441],[-97.88817,30.39436],[-97.88837,30.39431],[-97.88857,30.39425],[-97.88867,30.39423],[-97.88877,30.39421],[-97.88887,30.39419],[-97.88895,30.39418],[-97.88908,30.39415],[-97.88918,30.39413],[-97.88928,30.39412],[-97.89048,30.39396],[-97.89055,30.39396],[-97.89067,30.39395],[-97.89079,30.39393],[-97.89091,30.39391],[-97.89103,30.39389],[-97.89115,30.39387],[-97.89126,30.39384],[-97.89138,30.3938],[-97.89149,30.39376],[-97.8916,30.39372],[-97.89171,30.39367],[-97.89182,30.39362],[-97.89192,30.39356],[-97.89202,30.3935],[-97.89222,30.39337],[-97.89231,30.39331],[-97.8924,30.39323],[-97.89248,30.39316],[-97.89257,30.39308],[-97.89264,30.393],[-97.89272,30.39291],[-97.8929,30.39245],[-97.89297,30.39235],[-97.89304,30.3923],[-97.89313,30.39226],[-97.89322,30.39223],[-97.89332,30.39222],[-97.89341,30.39223],[-97.89359,30.3923],[-97.89371,30.39243],[-97.89381,30.39249],[-97.89399,30.39259],[-97.89414,30.39267],[-97.89431,30.39274],[-97.89454,30.39283],[-97.8946,30.39285],[-97.89479,30.3929],[-97.89485,30.39291],[-97.89503,30.39295],[-97.89525,30.39298],[-97.8954,30.393],[-97.89572,30.39303],[-97.89605,30.39303],[-97.89621,30.39303],[-97.89645,30.39302],[-97.89661,30.39301],[-97.89693,30.39297],[-97.89716,30.39292],[-97.89732,30.39289],[-97.89755,30.39283],[-97.8978,30.39275],[-97.89799,30.39269],[-97.89826,30.39259],[-97.8993,30.39223],[-97.89943,30.39221],[-97.89956,30.39218],[-97.89975,30.39212],[-97.89981,30.3921],[-97.89994,30.39206],[-97.90006,30.39201],[-97.90024,30.39193],[-97.90041,30.39185],[-97.90053,30.39178],[-97.90069,30.39168],[-97.9009,30.39154],[-97.90105,30.39141],[-97.90119,30.39129],[-97.90136,30.39111],[-97.90148,30.39097],[-97.90156,30.39088],[-97.90159,30.39069],[-97.90165,30.39055],[-97.90172,30.39041],[-97.90181,30.39028],[-97.90192,30.39016],[-97.90204,30.39006],[-97.90218,30.38996],[-97.90233,30.38988],[-97.90249,30.38982],[-97.90265,30.38977],[-97.90282,30.38974],[-97.903,30.38973],[-97.90317,30.38973],[-97.90335,30.38976],[-97.90356,30.38981],[-97.90446,30.38999],[-97.90529,30.38971],[-97.90537,30.38976],[-97.9055,30.38983],[-97.90712,30.3908]],[[-97.87453,30.17292],[-97.87406,30.17291],[-97.87287,30.17293],[-97.87033,30.17295],[-97.86847,30.17584],[-97.87006,30.17586],[-97.8701,30.17587],[-97.87015,30.17588],[-97.87019,30.17591],[-97.87022,30.17594],[-97.87023,30.17596],[-97.87024,30.17598],[-97.87025,30.17603],[-97.87025,30.17606],[-97.87024,30.17608],[-97.87023,30.17611],[-97.8702,30.17615],[-97.87016,30.17618],[-97.87013,30.17619],[-97.87006,30.1762],[-97.87002,30.1762],[-97.86995,30.17617],[-97.86991,30.17614],[-97.86987,30.17608],[-97.86985,30.17605],[-97.86982,30.17604],[-97.86979,30.17603],[-97.86885,30.17602],[-97.86818,30.17758],[-97.8681,30.17776],[-97.86756,30.17743],[-97.8675,30.17739],[-97.86447,30.17739],[-97.86173,30.17739],[-97.86174,30.17592],[-97.86155,30.17592],[-97.86154,30.17739],[-97.85912,30.17738],[-97.8584,30.17738],[-97.85836,30.17738],[-97.85859,30.17771],[-97.85896,30.17809],[-97.85932,30.17846],[-97.85835,30.17835],[-97.85678,30.17817],[-97.85646,30.17867],[-97.85554,30.17855],[-97.85324,30.17824],[-97.8533,30.17815],[-97.85344,30.17793],[-97.8536,30.17766],[-97.85368,30.17754],[-97.85384,30.17728],[-97.85499,30.17541],[-97.85602,30.1738],[-97.85644,30.17319],[-97.85488,30.17317],[-97.85437,30.17319],[-97.85353,30.17322],[-97.85224,30.1732],[-97.85101,30.17325],[-97.851,30.17325],[-97.85036,30.17325],[-97.8503,30.16949],[-97.85029,30.16834],[-97.85028,30.16777],[-97.85024,30.16476],[-97.85019,30.16026],[-97.85018,30.15898],[-97.85175,30.15895],[-97.85186,30.15896],[-97.85207,30.15895],[-97.85233,30.15895],[-97.8526,30.15894],[-97.85287,30.15894],[-97.85344,30.15893],[-97.85385,30.15892],[-97.85432,30.15891],[-97.8546,30.15891],[-97.85475,30.1589],[-97.85482,30.15889],[-97.85496,30.15889],[-97.8556,30.15888],[-97.85998,30.15884],[-97.85995,30.1583],[-97.85989,30.15713],[-97.85985,30.15695],[-97.85979,30.15674],[-97.85971,30.15654],[-97.85958,30.15635],[-97.85911,30.15572],[-97.85918,30.1557],[-97.85999,30.15541],[-97.86141,30.15492],[-97.86211,30.15469],[-97.86226,30.15389],[-97.86239,30.15306],[-97.86257,30.1529],[-97.86264,30.15283],[-97.86268,30.15279],[-97.86244,30.15242],[-97.86234,30.15226],[-97.86213,30.15195],[-97.86194,30.15144],[-97.86195,30.15108],[-97.86218,30.15034],[-97.86213,30.15007],[-97.86201,30.14988],[-97.86177,30.14963],[-97.86143,30.14946],[-97.86117,30.14935],[-97.86105,30.14934],[-97.86093,30.14933],[-97.85985,30.14936],[-97.85964,30.14927],[-97.85942,30.14901],[-97.85942,30.14898],[-97.85933,30.14761],[-97.85926,30.14749],[-97.85925,30.14747],[-97.85936,30.14743],[-97.86,30.1457],[-97.86086,30.14588],[-97.86114,30.14593],[-97.86162,30.14609],[-97.86197,30.14632],[-97.86197,30.1463],[-97.86208,30.14599],[-97.86225,30.14549],[-97.86254,30.14575],[-97.86343,30.14655],[-97.86474,30.14742],[-97.86548,30.14792],[-97.86613,30.14846],[-97.86638,30.14862],[-97.86711,30.14888],[-97.86749,30.14912],[-97.86738,30.1495],[-97.86722,30.15003],[-97.86678,30.15027],[-97.86647,30.15005],[-97.86547,30.14924],[-97.86337,30.14924],[-97.86208,30.14927],[-97.86167,30.14928],[-97.86167,30.14936],[-97.86167,30.14947],[-97.86185,30.14947],[-97.86209,30.14947],[-97.86336,30.14945],[-97.86411,30.14944],[-97.86538,30.14943],[-97.86595,30.14991],[-97.86631,30.15019],[-97.86645,30.15029],[-97.86682,30.15054],[-97.86697,30.15152],[-97.86709,30.15227],[-97.86945,30.1529],[-97.87162,30.15348],[-97.87331,30.15351],[-97.87429,30.15352],[-97.87431,30.15464],[-97.87441,30.16078],[-97.87441,30.16087],[-97.87443,30.16192],[-97.87448,30.16722],[-97.87453,30.17246],[-97.87453,30.17292]],[[-97.78971,30.45708],[-97.78962,30.45712],[-97.78968,30.45733],[-97.78877,30.45768],[-97.78843,30.45781],[-97.7883,30.45796],[-97.78835,30.45806],[-97.78835,30.45808],[-97.78838,30.45813],[-97.78849,30.45841],[-97.78855,30.45856],[-97.78858,30.45861],[-97.78849,30.45864],[-97.78326,30.46025],[-97.78316,30.46028],[-97.78245,30.4605],[-97.7824,30.46052],[-97.78237,30.46053],[-97.78209,30.46061],[-97.7821,30.46063],[-97.78216,30.46077],[-97.78222,30.46084],[-97.78224,30.4609],[-97.78232,30.46114],[-97.78225,30.46118],[-97.78232,30.4614],[-97.78233,30.46143],[-97.78237,30.46158],[-97.78243,30.46163],[-97.78257,30.46197],[-97.7826,30.46203],[-97.78263,30.46209],[-97.78281,30.46254],[-97.78355,30.46436],[-97.7838,30.46498],[-97.78387,30.46514],[-97.7839,30.4652],[-97.78396,30.46533],[-97.78397,30.46537],[-97.78405,30.46553],[-97.78414,30.46574],[-97.78417,30.46577],[-97.7842,30.46583],[-97.78373,30.46591],[-97.78368,30.46592],[-97.78354,30.46601],[-97.78348,30.46604],[-97.78327,30.46617],[-97.783,30.46646],[-97.78286,30.46665],[-97.78276,30.46681],[-97.78269,30.46704],[-97.78262,30.46726],[-97.78265,30.46803],[-97.78266,30.46822],[-97.78261,30.46855],[-97.78257,30.46865],[-97.78247,30.46892],[-97.78244,30.46895],[-97.78229,30.46912],[-97.78208,30.46924],[-97.78199,30.46929],[-97.78195,30.46932],[-97.78181,30.46939],[-97.78104,30.46985],[-97.78074,30.46986],[-97.78067,30.47039],[-97.7808,30.47052],[-97.78075,30.47071],[-97.78071,30.47085],[-97.78068,30.47094],[-97.78067,30.47099],[-97.78065,30.47105],[-97.78068,30.4715],[-97.78064,30.47155],[-97.78062,30.47158],[-97.78055,30.47168],[-97.78067,30.47201],[-97.78064,30.47202],[-97.78037,30.4721],[-97.78042,30.47222],[-97.78044,30.47227],[-97.78044,30.47228],[-97.78049,30.47241],[-97.78052,30.47246],[-97.78041,30.4725],[-97.78028,30.47254],[-97.7795,30.47278],[-97.77916,30.47288],[-97.77804,30.47323],[-97.77794,30.47327],[-97.77785,30.4733],[-97.77781,30.47331],[-97.77775,30.47333],[-97.77766,30.47335],[-97.77746,30.47341],[-97.77734,30.47344],[-97.77724,30.47346],[-97.77714,30.47348],[-97.77705,30.4735],[-97.77694,30.47353],[-97.77673,30.47357],[-97.77653,30.4736],[-97.77647,30.47361],[-97.77633,30.47363],[-97.77622,30.47365],[-97.77604,30.47367],[-97.77577,30.47368],[-97.77545,30.4737],[-97.77391,30.4738],[-97.77205,30.47395],[-97.77133,30.47406],[-97.77063,30.47418],[-97.76962,30.47441],[-97.76941,30.4736],[-97.76851,30.4739],[-97.76429,30.47523],[-97.76394,30.47534],[-97.76378,30.47497],[-97.763,30.47305],[-97.76292,30.47286],[-97.76243,30.47169],[-97.76127,30.46895],[-97.76038,30.46698],[-97.76026,30.46677],[-97.76004,30.46644],[-97.75982,30.46615],[-97.75954,30.46583],[-97.75919,30.46548],[-97.75879,30.46514],[-97.7587,30.46508],[-97.75848,30.46491],[-97.75809,30.46466],[-97.75704,30.46401],[-97.75679,30.46384],[-97.75655,30.46366],[-97.75621,30.46338],[-97.75588,30.46308],[-97.75557,30.46277],[-97.75519,30.46234],[-97.75484,30.46188],[-97.7546,30.46152],[-97.75432,30.46103],[-97.75418,30.46079],[-97.75412,30.46068],[-97.75455,30.46058],[-97.7549,30.46048],[-97.75486,30.46037],[-97.75479,30.46022],[-97.75477,30.46017],[-97.75467,30.45992],[-97.75463,30.45981],[-97.75461,30.45977],[-97.75457,30.45967],[-97.75453,30.45955],[-97.75449,30.45944],[-97.75445,30.45935],[-97.75444,30.45932],[-97.75439,30.4592],[-97.75435,30.45909],[-97.7543,30.45897],[-97.75425,30.45885],[-97.75421,30.45873],[-97.75417,30.45864],[-97.75412,30.4585],[-97.75407,30.45838],[-97.75402,30.45826],[-97.75398,30.45815],[-97.75393,30.45803],[-97.75389,30.45791],[-97.75384,30.4578],[-97.75379,30.45768],[-97.75375,30.45757],[-97.7537,30.45745],[-97.75366,30.45733],[-97.75361,30.45721],[-97.75356,30.45709],[-97.75352,30.45698],[-97.75347,30.45686],[-97.75342,30.45672],[-97.75339,30.45664],[-97.75327,30.45635],[-97.75326,30.45631],[-97.75316,30.45605],[-97.75307,30.45585],[-97.75302,30.45572],[-97.75299,30.45564],[-97.75294,30.45553],[-97.7529,30.45541],[-97.75286,30.45531],[-97.75281,30.45519],[-97.75276,30.45507],[-97.7527,30.45493],[-97.75266,30.45484],[-97.7526,30.45472],[-97.75255,30.45461],[-97.7525,30.45451],[-97.75243,30.45439],[-97.75236,30.45427],[-97.75229,30.45415],[-97.75224,30.45407],[-97.75219,30.45399],[-97.7521,30.45385],[-97.75197,30.45367],[-97.75187,30.45353],[-97.75179,30.45342],[-97.7517,30.45331],[-97.75163,30.45323],[-97.75109,30.45266],[-97.75087,30.45243],[-97.75078,30.45235],[-97.7506,30.4522],[-97.75045,30.45208],[-97.75026,30.45193],[-97.75012,30.45182],[-97.74997,30.45172],[-97.74986,30.45165],[-97.74917,30.45118],[-97.74867,30.45084],[-97.74857,30.45078],[-97.74837,30.45063],[-97.74808,30.45041],[-97.74799,30.45034],[-97.7478,30.45018],[-97.74766,30.45006],[-97.74752,30.44994],[-97.74689,30.44942],[-97.7468,30.44935],[-97.74662,30.4492],[-97.74636,30.44897],[-97.7462,30.44884],[-97.746,30.44865],[-97.7458,30.44848],[-97.74561,30.4483],[-97.74547,30.44814],[-97.74529,30.44796],[-97.74515,30.4478],[-97.74501,30.44764],[-97.74489,30.44749],[-97.74475,30.44732],[-97.74463,30.44716],[-97.74451,30.44699],[-97.74439,30.44682],[-97.74428,30.44665],[-97.74423,30.44658],[-97.74412,30.44643],[-97.74408,30.44637],[-97.74399,30.44622],[-97.74388,30.44605],[-97.74381,30.44591],[-97.74372,30.44575],[-97.74366,30.44563],[-97.74345,30.4452],[-97.74327,30.44484],[-97.74302,30.44434],[-97.74289,30.44407],[-97.74278,30.44385],[-97.74276,30.44379],[-97.7444,30.44319],[-97.7445,30.44316],[-97.74462,30.4431],[-97.74629,30.44248],[-97.74642,30.44243],[-97.74772,30.44196],[-97.74809,30.44181],[-97.74855,30.44271],[-97.74867,30.44297],[-97.74889,30.44347],[-97.74895,30.4436],[-97.74901,30.44375],[-97.74921,30.44421],[-97.74927,30.44435],[-97.74933,30.4445],[-97.74937,30.44459],[-97.74981,30.44559],[-97.75127,30.44502],[-97.75156,30.4449],[-97.75221,30.44465],[-97.75242,30.44457],[-97.75273,30.44444],[-97.75305,30.44432],[-97.75319,30.44426],[-97.75411,30.4439],[-97.75422,30.44386],[-97.75426,30.44385],[-97.75429,30.44384],[-97.75457,30.44373],[-97.75483,30.44365],[-97.75494,30.44362],[-97.75501,30.4436],[-97.75515,30.44355],[-97.75545,30.44346],[-97.7557,30.44338],[-97.75593,30.44331],[-97.75594,30.44333],[-97.75595,30.44335],[-97.75667,30.44313],[-97.75691,30.44306],[-97.7578,30.44278],[-97.75832,30.44262],[-97.75873,30.44249],[-97.75854,30.44205],[-97.75823,30.44134],[-97.7585,30.44125],[-97.75987,30.44081],[-97.76007,30.44131],[-97.76027,30.4418],[-97.76198,30.44123],[-97.76206,30.44122],[-97.7621,30.44132],[-97.76242,30.44209],[-97.76244,30.44215],[-97.76254,30.4424],[-97.76258,30.44249],[-97.76271,30.44282],[-97.76275,30.4429],[-97.76282,30.44308],[-97.76343,30.44461],[-97.76358,30.44498],[-97.76361,30.44505],[-97.76364,30.44513],[-97.76386,30.44567],[-97.76416,30.44643],[-97.76379,30.44671],[-97.76357,30.44688],[-97.76351,30.44693],[-97.76342,30.447],[-97.76327,30.44711],[-97.76318,30.44717],[-97.76305,30.44727],[-97.76287,30.4474],[-97.76276,30.44749],[-97.76261,30.4476],[-97.7625,30.44767],[-97.76241,30.44774],[-97.76221,30.44789],[-97.76216,30.44793],[-97.76201,30.44803],[-97.76194,30.44809],[-97.76186,30.44815],[-97.76173,30.44825],[-97.76166,30.44831],[-97.76154,30.4484],[-97.76145,30.44847],[-97.76135,30.44855],[-97.7613,30.44859],[-97.76133,30.44867],[-97.76136,30.44874],[-97.76145,30.44895],[-97.76152,30.44912],[-97.76161,30.44934],[-97.76165,30.44941],[-97.76168,30.44949],[-97.76173,30.44961],[-97.76176,30.44968],[-97.76183,30.44984],[-97.76189,30.44999],[-97.76196,30.45015],[-97.76203,30.4503],[-97.76209,30.45046],[-97.76215,30.45059],[-97.76222,30.45077],[-97.76229,30.45092],[-97.76232,30.451],[-97.76236,30.45107],[-97.76241,30.45121],[-97.76242,30.45123],[-97.7625,30.45141],[-97.76253,30.45148],[-97.76258,30.45159],[-97.76264,30.45176],[-97.76271,30.45191],[-97.76272,30.45193],[-97.76275,30.45196],[-97.76279,30.45207],[-97.76286,30.45222],[-97.76292,30.45238],[-97.76294,30.45242],[-97.76296,30.45247],[-97.76299,30.45253],[-97.76304,30.45264],[-97.76306,30.45268],[-97.76312,30.45284],[-97.76315,30.4529],[-97.76319,30.45299],[-97.76326,30.45315],[-97.76333,30.45331],[-97.76339,30.45346],[-97.76346,30.45362],[-97.76353,30.45377],[-97.76357,30.45387],[-97.76362,30.45399],[-97.76366,30.45407],[-97.7637,30.45417],[-97.7638,30.45441],[-97.76419,30.45532],[-97.76422,30.45539],[-97.7643,30.45556],[-97.76437,30.45574],[-97.76444,30.4559],[-97.76448,30.45598],[-97.76462,30.45631],[-97.7648,30.45673],[-97.76483,30.45679],[-97.76485,30.45685],[-97.76291,30.4575],[-97.7625,30.45765],[-97.76248,30.45783],[-97.76246,30.45799],[-97.76243,30.45816],[-97.76239,30.45838],[-97.76238,30.45849],[-97.76236,30.45861],[-97.76233,30.4588],[-97.7623,30.459],[-97.76227,30.45916],[-97.76226,30.4592],[-97.76224,30.45936],[-97.76223,30.4594],[-97.7622,30.45961],[-97.76216,30.45983],[-97.76209,30.46002],[-97.7624,30.46006],[-97.76246,30.46007],[-97.76245,30.46008],[-97.76245,30.46011],[-97.76245,30.46012],[-97.76245,30.46014],[-97.76245,30.46016],[-97.76245,30.46021],[-97.76245,30.46022],[-97.76245,30.46024],[-97.76246,30.46028],[-97.76257,30.46027],[-97.76266,30.46027],[-97.76266,30.46021],[-97.76266,30.46018],[-97.76266,30.46013],[-97.76266,30.46009],[-97.76307,30.46015],[-97.76309,30.46028],[-97.76312,30.46047],[-97.76322,30.46049],[-97.76339,30.46054],[-97.7637,30.46062],[-97.76407,30.46071],[-97.76426,30.46117],[-97.76514,30.46336],[-97.76517,30.46345],[-97.76592,30.46532],[-97.76626,30.46619],[-97.7663,30.4663],[-97.76632,30.46635],[-97.76647,30.46674],[-97.76667,30.46726],[-97.76835,30.46679],[-97.76848,30.46675],[-97.76851,30.46674],[-97.7686,30.46672],[-97.76939,30.46649],[-97.77002,30.4663],[-97.77011,30.46627],[-97.77016,30.46625],[-97.77267,30.46552],[-97.77287,30.46547],[-97.77357,30.46526],[-97.77387,30.46513],[-97.77379,30.46497],[-97.77368,30.46474],[-97.77355,30.4645],[-97.77352,30.46442],[-97.77348,30.46434],[-97.77338,30.4641],[-97.77328,30.46386],[-97.77328,30.46383],[-97.77324,30.46374],[-97.7732,30.46363],[-97.77312,30.46343],[-97.7732,30.4634],[-97.77346,30.46328],[-97.77376,30.46315],[-97.77391,30.46309],[-97.77412,30.463],[-97.77421,30.46296],[-97.77429,30.46292],[-97.77434,30.4629],[-97.77469,30.46275],[-97.77478,30.46271],[-97.77486,30.46268],[-97.7751,30.46258],[-97.77531,30.46249],[-97.77535,30.46247],[-97.77552,30.46239],[-97.77573,30.4623],[-97.77592,30.46223],[-97.77598,30.4622],[-97.77609,30.46215],[-97.77621,30.4621],[-97.77654,30.46196],[-97.77654,30.46194],[-97.77652,30.46184],[-97.77651,30.46178],[-97.77646,30.46154],[-97.77645,30.46148],[-97.77641,30.46132],[-97.77641,30.4613],[-97.77638,30.46117],[-97.77636,30.46109],[-97.77632,30.46089],[-97.77631,30.46084],[-97.77629,30.46072],[-97.77628,30.46068],[-97.77624,30.46051],[-97.77623,30.46044],[-97.77618,30.4602],[-97.77611,30.45989],[-97.7761,30.45984],[-97.77608,30.45975],[-97.77601,30.45943],[-97.776,30.4594],[-97.77597,30.45924],[-97.77594,30.4591],[-97.77589,30.45891],[-97.77587,30.45881],[-97.77582,30.45851],[-97.77579,30.45833],[-97.77576,30.45818],[-97.77576,30.45813],[-97.77572,30.45789],[-97.77569,30.45778],[-97.77567,30.45768],[-97.77563,30.45753],[-97.7756,30.45743],[-97.77558,30.45733],[-97.77555,30.4572],[-97.7755,30.45689],[-97.7755,30.45686],[-97.77542,30.45655],[-97.77542,30.45652],[-97.77539,30.45639],[-97.77531,30.45599],[-97.77529,30.45591],[-97.77524,30.4557],[-97.77516,30.45535],[-97.77514,30.45526],[-97.7751,30.4551],[-97.77504,30.45486],[-97.77504,30.45482],[-97.77499,30.45462],[-97.77493,30.45437],[-97.77492,30.45433],[-97.77487,30.45413],[-97.77482,30.45396],[-97.77475,30.4537],[-97.77642,30.45322],[-97.77666,30.45313],[-97.77798,30.45265],[-97.77852,30.4525],[-97.78009,30.45202],[-97.78106,30.45171],[-97.78206,30.45139],[-97.783,30.45108],[-97.78325,30.45129],[-97.7835,30.4515],[-97.78355,30.45154],[-97.78371,30.45166],[-97.7843,30.4521],[-97.78461,30.45234],[-97.78466,30.45237],[-97.78471,30.45241],[-97.7849,30.45221],[-97.78494,30.45217],[-97.785,30.45211],[-97.78515,30.45222],[-97.78569,30.45263],[-97.78588,30.45276],[-97.78599,30.45266],[-97.786,30.45264],[-97.78616,30.45248],[-97.78632,30.45232],[-97.78648,30.45216],[-97.78663,30.45227],[-97.78703,30.45257],[-97.78709,30.45262],[-97.78716,30.45267],[-97.78753,30.45294],[-97.78765,30.45302],[-97.78772,30.45308],[-97.78725,30.45322],[-97.78745,30.45351],[-97.78749,30.45357],[-97.78764,30.45379],[-97.78767,30.45382],[-97.78766,30.45383],[-97.78761,30.45384],[-97.78753,30.45388],[-97.78758,30.45402],[-97.78771,30.45439],[-97.78774,30.45449],[-97.78777,30.45455],[-97.7878,30.45458],[-97.7884,30.45531],[-97.78842,30.45536],[-97.78844,30.4554],[-97.78849,30.45552],[-97.78866,30.45546],[-97.78946,30.45523],[-97.78948,30.45558],[-97.78952,30.45646],[-97.78952,30.45654],[-97.78953,30.45664],[-97.78956,30.45682],[-97.78971,30.45708]],[[-97.64347,30.30751],[-97.64343,30.30758],[-97.64322,30.3079],[-97.64271,30.30895],[-97.64224,30.30946],[-97.64141,30.31039],[-97.64099,30.31063],[-97.64072,30.31033],[-97.6407,30.31035],[-97.64067,30.31036],[-97.64065,30.31038],[-97.64062,30.3104],[-97.64086,30.3107],[-97.64037,30.31099],[-97.63937,30.31121],[-97.63873,30.31138],[-97.63796,30.31159],[-97.63759,30.31179],[-97.63726,30.31201],[-97.63408,30.31002],[-97.63117,30.30818],[-97.63066,30.30786],[-97.63057,30.30799],[-97.63048,30.30812],[-97.63041,30.30826],[-97.63034,30.30839],[-97.63027,30.30854],[-97.63026,30.30857],[-97.63025,30.30859],[-97.63021,30.3087],[-97.63019,30.30875],[-97.63018,30.30877],[-97.63016,30.30886],[-97.63014,30.30894],[-97.63011,30.30903],[-97.62966,30.31067],[-97.62953,30.31116],[-97.6294,30.31162],[-97.62821,30.31596],[-97.63281,30.31819],[-97.63297,30.31828],[-97.63187,30.32],[-97.63139,30.32075],[-97.63063,30.32194],[-97.62995,30.32298],[-97.63223,30.32507],[-97.63406,30.32674],[-97.63417,30.32666],[-97.63443,30.32644],[-97.63464,30.32662],[-97.63484,30.3268],[-97.63499,30.32695],[-97.63531,30.32722],[-97.63708,30.32664],[-97.6369,30.32647],[-97.63659,30.32616],[-97.63687,30.32593],[-97.6375,30.3265],[-97.63795,30.32635],[-97.63946,30.32584],[-97.6398,30.32573],[-97.64087,30.32538],[-97.64089,30.32545],[-97.64189,30.32593],[-97.6419,30.32594],[-97.6429,30.32642],[-97.64267,30.32679],[-97.64243,30.32716],[-97.6424,30.3272],[-97.64191,30.32797],[-97.64162,30.32842],[-97.64134,30.32886],[-97.64114,30.32917],[-97.64112,30.3292],[-97.64036,30.32925],[-97.63804,30.32941],[-97.63658,30.32949],[-97.63568,30.3295],[-97.63485,30.32954],[-97.63313,30.32965],[-97.63205,30.32973],[-97.63086,30.32981],[-97.6303,30.3299],[-97.63001,30.32994],[-97.62929,30.32999],[-97.62877,30.33005],[-97.62562,30.3305],[-97.62364,30.33063],[-97.62346,30.33064],[-97.62327,30.33065],[-97.62316,30.33067],[-97.6231,30.33068],[-97.62151,30.33087],[-97.62096,30.33096],[-97.62021,30.33112],[-97.61963,30.33125],[-97.61843,30.33158],[-97.61737,30.33188],[-97.61393,30.3328],[-97.61058,30.3337],[-97.60991,30.33386],[-97.60925,30.33403],[-97.60771,30.33445],[-97.60756,30.3345],[-97.60736,30.33455],[-97.60718,30.3346],[-97.60512,30.33515],[-97.6047,30.33528],[-97.60465,30.33529],[-97.60447,30.33501],[-97.60407,30.33454],[-97.60305,30.33493],[-97.60299,30.33495],[-97.6023,30.33521],[-97.60226,30.33523],[-97.60184,30.33539],[-97.60178,30.33541],[-97.60169,30.33523],[-97.60089,30.33486],[-97.60073,30.33478],[-97.60089,30.33452],[-97.60117,30.33406],[-97.60282,30.33132],[-97.60346,30.33026],[-97.6041,30.32919],[-97.60413,30.32915],[-97.60457,30.32818],[-97.60475,30.32779],[-97.60509,30.32705],[-97.6053,30.3266],[-97.60532,30.32655],[-97.60538,30.32638],[-97.60868,30.32123],[-97.61194,30.31614],[-97.61406,30.31285],[-97.61477,30.31173],[-97.61496,30.31141],[-97.61559,30.31035],[-97.61677,30.3086],[-97.61694,30.30832],[-97.61795,30.3069],[-97.61801,30.3068],[-97.61852,30.30597],[-97.61874,30.30559],[-97.61892,30.30528],[-97.61901,30.30513],[-97.61908,30.30501],[-97.6193,30.30465],[-97.61951,30.30475],[-97.62189,30.30594],[-97.62226,30.30612],[-97.62228,30.30613],[-97.6223,30.30614],[-97.62269,30.30634],[-97.62473,30.30735],[-97.62503,30.3075],[-97.62528,30.30762],[-97.62556,30.30777],[-97.62606,30.30801],[-97.6274,30.30866],[-97.62726,30.30894],[-97.62728,30.30899],[-97.62808,30.30936],[-97.62883,30.30971],[-97.62884,30.30972],[-97.62946,30.31],[-97.62968,30.30917],[-97.62953,30.30912],[-97.62965,30.30871],[-97.62965,30.30869],[-97.62966,30.30865],[-97.62968,30.30859],[-97.6297,30.30853],[-97.62973,30.30847],[-97.62975,30.30841],[-97.62977,30.30835],[-97.6298,30.30829],[-97.62982,30.30823],[-97.62985,30.30817],[-97.62988,30.30812],[-97.62981,30.30869],[-97.62974,30.30918],[-97.62977,30.30908],[-97.62978,30.30905],[-97.6299,30.30869],[-97.62997,30.30847],[-97.63006,30.30825],[-97.63014,30.30803],[-97.63018,30.30793],[-97.6302,30.30788],[-97.63025,30.30778],[-97.63031,30.30767],[-97.63035,30.30762],[-97.6304,30.30757],[-97.63043,30.30753],[-97.63044,30.30751],[-97.63049,30.30747],[-97.63057,30.30739],[-97.63063,30.30732],[-97.63069,30.30727],[-97.63075,30.30722],[-97.63087,30.30711],[-97.631,30.30701],[-97.63114,30.30692],[-97.63128,30.30683],[-97.63142,30.30675],[-97.63157,30.30668],[-97.6318,30.30658],[-97.63188,30.30655],[-97.63204,30.30649],[-97.6322,30.30644],[-97.63237,30.3064],[-97.63254,30.30636],[-97.6327,30.30633],[-97.63278,30.30632],[-97.63287,30.30625],[-97.63268,30.30624],[-97.6324,30.30623],[-97.63253,30.3062],[-97.63265,30.30618],[-97.63277,30.30616],[-97.63289,30.30614],[-97.63301,30.30613],[-97.63313,30.30612],[-97.63323,30.30611],[-97.63336,30.30609],[-97.6335,30.30608],[-97.63365,30.30608],[-97.63378,30.30607],[-97.63395,30.30607],[-97.63407,30.30607],[-97.63426,30.30608],[-97.63435,30.30609],[-97.63446,30.3061],[-97.63456,30.30611],[-97.63533,30.30624],[-97.63765,30.30663],[-97.63825,30.30672],[-97.63843,30.30675],[-97.63863,30.30677],[-97.63872,30.30678],[-97.63891,30.30679],[-97.63915,30.30679],[-97.63942,30.30677],[-97.63973,30.30674],[-97.64002,30.30668],[-97.64005,30.30682],[-97.64011,30.3068],[-97.64023,30.30677],[-97.64034,30.30674],[-97.64045,30.30671],[-97.64068,30.30664],[-97.64074,30.30661],[-97.64086,30.30657],[-97.64092,30.30654],[-97.64104,30.30649],[-97.64109,30.30647],[-97.64119,30.30652],[-97.64139,30.3066],[-97.6414,30.3066],[-97.64146,30.3066],[-97.64159,30.30666],[-97.64171,30.30672],[-97.64212,30.30691],[-97.64347,30.30751]],[[-97.67135,30.34592],[-97.67104,30.3465],[-97.67069,30.34684],[-97.67007,30.34799],[-97.66939,30.34768],[-97.66897,30.34749],[-97.66877,30.34739],[-97.66873,30.34737],[-97.66828,30.34809],[-97.66851,30.34819],[-97.66869,30.34827],[-97.66895,30.34839],[-97.6694,30.3486],[-97.66943,30.34861],[-97.67115,30.34941],[-97.67124,30.34945],[-97.67117,30.34953],[-97.67105,30.34962],[-97.6709,30.3497],[-97.67044,30.34989],[-97.67034,30.34993],[-97.67025,30.34998],[-97.67006,30.35016],[-97.66978,30.35061],[-97.66953,30.35098],[-97.66936,30.35123],[-97.66916,30.35155],[-97.67107,30.35241],[-97.67067,30.35296],[-97.67048,30.35325],[-97.67038,30.35339],[-97.67029,30.35354],[-97.67006,30.3539],[-97.66999,30.35387],[-97.66989,30.35382],[-97.66971,30.35374],[-97.66946,30.35413],[-97.66938,30.35425],[-97.66925,30.35445],[-97.66912,30.35464],[-97.66903,30.35478],[-97.66899,30.35484],[-97.66877,30.35518],[-97.66872,30.35524],[-97.66809,30.35494],[-97.66762,30.35471],[-97.66751,30.35466],[-97.6673,30.35455],[-97.66722,30.35452],[-97.66711,30.35447],[-97.66644,30.35414],[-97.66621,30.35404],[-97.66488,30.35338],[-97.66467,30.35329],[-97.66301,30.35256],[-97.66128,30.35176],[-97.66093,30.35229],[-97.66094,30.35231],[-97.66095,30.35232],[-97.66102,30.35237],[-97.66104,30.35239],[-97.66096,30.35259],[-97.66095,30.35264],[-97.66093,30.35268],[-97.6609,30.35267],[-97.66088,30.35267],[-97.66085,30.35265],[-97.66081,30.35269],[-97.66068,30.35266],[-97.66022,30.35244],[-97.66006,30.35252],[-97.65989,30.35234],[-97.65745,30.35116],[-97.65736,30.35111],[-97.65729,30.35102],[-97.6573,30.35093],[-97.65668,30.35189],[-97.65666,30.35192],[-97.65665,30.35193],[-97.65663,30.35197],[-97.65654,30.3521],[-97.65567,30.35167],[-97.65563,30.35165],[-97.65487,30.35129],[-97.65479,30.35125],[-97.65469,30.35144],[-97.65465,30.35152],[-97.65446,30.3519],[-97.65423,30.35228],[-97.65408,30.35248],[-97.65391,30.35266],[-97.6537,30.35282],[-97.65355,30.35289],[-97.65324,30.35302],[-97.6532,30.35304],[-97.65325,30.35313],[-97.65349,30.35354],[-97.65364,30.35377],[-97.65386,30.35414],[-97.65386,30.35418],[-97.65387,30.35426],[-97.65388,30.35429],[-97.6539,30.35434],[-97.65384,30.35454],[-97.65373,30.35486],[-97.65363,30.35492],[-97.65355,30.35497],[-97.65346,30.35505],[-97.65344,30.35507],[-97.65344,30.35513],[-97.65344,30.35514],[-97.65343,30.35523],[-97.65329,30.35514],[-97.65292,30.35494],[-97.65287,30.35492],[-97.65266,30.35485],[-97.65252,30.35477],[-97.65238,30.35469],[-97.65143,30.35416],[-97.65125,30.35407],[-97.65092,30.35388],[-97.65068,30.35374],[-97.6506,30.35372],[-97.65045,30.35367],[-97.65029,30.35361],[-97.64951,30.35323],[-97.64859,30.35279],[-97.64764,30.35233],[-97.64756,30.35229],[-97.64749,30.35241],[-97.64734,30.35266],[-97.64733,30.35267],[-97.6474,30.3527],[-97.64746,30.35273],[-97.64763,30.35281],[-97.64787,30.35292],[-97.64788,30.35293],[-97.64757,30.35339],[-97.64757,30.3534],[-97.64793,30.35357],[-97.64795,30.35357],[-97.64796,30.35358],[-97.64798,30.35359],[-97.64782,30.35383],[-97.64781,30.35385],[-97.64775,30.35395],[-97.64772,30.35401],[-97.64774,30.35405],[-97.64779,30.35429],[-97.64823,30.35624],[-97.64814,30.35621],[-97.64802,30.35611],[-97.64795,30.35605],[-97.64794,30.35604],[-97.64792,30.35602],[-97.64789,30.35599],[-97.64745,30.35562],[-97.6473,30.3555],[-97.64722,30.35542],[-97.6472,30.35541],[-97.64715,30.35537],[-97.64714,30.35536],[-97.64704,30.35526],[-97.64695,30.35517],[-97.64688,30.35511],[-97.64684,30.35508],[-97.64681,30.35506],[-97.64675,30.35501],[-97.64671,30.35505],[-97.64666,30.35511],[-97.64652,30.35481],[-97.64596,30.35467],[-97.6459,30.35465],[-97.64571,30.35461],[-97.64555,30.35457],[-97.64546,30.35455],[-97.64532,30.35452],[-97.64522,30.35449],[-97.6452,30.35449],[-97.64518,30.35448],[-97.64499,30.35444],[-97.64483,30.3544],[-97.64481,30.3544],[-97.6448,30.3544],[-97.6447,30.35437],[-97.64447,30.3543],[-97.64429,30.35424],[-97.64422,30.35422],[-97.64418,30.35421],[-97.64327,30.35395],[-97.64274,30.35379],[-97.64257,30.35375],[-97.64246,30.35372],[-97.6422,30.35364],[-97.64213,30.35362],[-97.64212,30.35362],[-97.64187,30.35355],[-97.6418,30.35353],[-97.64156,30.35346],[-97.64119,30.35418],[-97.64066,30.35522],[-97.64042,30.35569],[-97.64026,30.356],[-97.63986,30.35589],[-97.63833,30.35552],[-97.63811,30.35572],[-97.63788,30.35593],[-97.63766,30.35612],[-97.63642,30.35578],[-97.63582,30.3556],[-97.63556,30.35584],[-97.63392,30.35448],[-97.63379,30.35436],[-97.63386,30.3543],[-97.63476,30.35347],[-97.63654,30.35495],[-97.63782,30.35381],[-97.63882,30.35289],[-97.63892,30.35283],[-97.63905,30.35277],[-97.63896,30.35271],[-97.63883,30.35266],[-97.6338,30.35124],[-97.63107,30.35053],[-97.63089,30.35046],[-97.63072,30.35036],[-97.63066,30.3503],[-97.6302,30.351],[-97.62951,30.35206],[-97.62916,30.35259],[-97.62802,30.35433],[-97.62764,30.35415],[-97.62723,30.35396],[-97.62735,30.35378],[-97.62995,30.34977],[-97.62358,30.3468],[-97.62313,30.34659],[-97.62309,30.34657],[-97.62066,30.34544],[-97.61746,30.34395],[-97.61661,30.34354],[-97.61674,30.34333],[-97.61707,30.34281],[-97.62118,30.33642],[-97.62163,30.33572],[-97.6219,30.3353],[-97.62258,30.33425],[-97.62262,30.33419],[-97.62278,30.33393],[-97.6229,30.33374],[-97.6231,30.33344],[-97.62378,30.33237],[-97.62397,30.33208],[-97.62418,30.33176],[-97.62526,30.33169],[-97.62561,30.33167],[-97.62635,30.33163],[-97.62629,30.33172],[-97.62626,30.33176],[-97.62621,30.33185],[-97.62573,30.33257],[-97.62549,30.33293],[-97.62593,30.33313],[-97.62605,30.33319],[-97.62744,30.33383],[-97.62766,30.33348],[-97.62831,30.33249],[-97.62847,30.33224],[-97.6286,30.33204],[-97.62862,30.332],[-97.62863,30.33198],[-97.62888,30.3316],[-97.62896,30.33148],[-97.6295,30.33145],[-97.62958,30.33144],[-97.62963,30.33144],[-97.62976,30.33143],[-97.62982,30.33143],[-97.63023,30.3314],[-97.63027,30.3314],[-97.63062,30.33138],[-97.63137,30.33133],[-97.63292,30.33123],[-97.63311,30.33121],[-97.63466,30.3311],[-97.64299,30.3305],[-97.64407,30.33042],[-97.64443,30.3304],[-97.64504,30.33035],[-97.64529,30.33034],[-97.6455,30.33032],[-97.64633,30.33026],[-97.64662,30.33024],[-97.64688,30.33022],[-97.64738,30.33019],[-97.64776,30.33016],[-97.64838,30.33012],[-97.64878,30.33009],[-97.64912,30.33007],[-97.64948,30.33004],[-97.64961,30.33004],[-97.64981,30.33002],[-97.65079,30.32995],[-97.65153,30.3299],[-97.65166,30.32989],[-97.65207,30.32986],[-97.65346,30.32977],[-97.65371,30.32976],[-97.65436,30.32972],[-97.65456,30.32972],[-97.65437,30.33026],[-97.65494,30.33117],[-97.65548,30.33194],[-97.65553,30.33203],[-97.65573,30.3321],[-97.65638,30.33233],[-97.65642,30.33234],[-97.65675,30.33246],[-97.65689,30.3325],[-97.6568,30.33265],[-97.65675,30.33272],[-97.65688,30.33279],[-97.65686,30.33284],[-97.65673,30.33303],[-97.6567,30.33301],[-97.65663,30.33298],[-97.6566,30.33296],[-97.65655,30.33304],[-97.65635,30.33335],[-97.65628,30.33332],[-97.65579,30.33316],[-97.65583,30.33337],[-97.65584,30.33357],[-97.65581,30.33394],[-97.65578,30.33409],[-97.65573,30.33424],[-97.65568,30.33432],[-97.65564,30.33438],[-97.65525,30.33499],[-97.65367,30.33746],[-97.65387,30.33755],[-97.65598,30.33854],[-97.66104,30.3409],[-97.66117,30.34096],[-97.66133,30.34104],[-97.66306,30.34191],[-97.6636,30.34216],[-97.66432,30.3425],[-97.66855,30.34449],[-97.67,30.34521],[-97.67016,30.34528],[-97.67035,30.34534],[-97.67059,30.34536],[-97.67081,30.34534],[-97.67093,30.34529],[-97.67097,30.34536],[-97.67108,30.34552],[-97.6711,30.34556],[-97.67135,30.34592]],[[-97.68136,30.24096],[-97.68024,30.24197],[-97.68018,30.24581],[-97.68016,30.24632],[-97.68016,30.24669],[-97.68016,30.24713],[-97.68016,30.24734],[-97.68016,30.24745],[-97.68009,30.24747],[-97.68004,30.24751],[-97.68001,30.24753],[-97.68001,30.24755],[-97.67997,30.24754],[-97.67996,30.24756],[-97.67994,30.24755],[-97.67991,30.24756],[-97.6799,30.24757],[-97.67985,30.24758],[-97.67984,30.24759],[-97.67982,30.2476],[-97.6798,30.24761],[-97.67975,30.24761],[-97.67968,30.24763],[-97.67962,30.24765],[-97.6795,30.24768],[-97.67942,30.24771],[-97.67939,30.24772],[-97.67938,30.24773],[-97.67934,30.24774],[-97.67928,30.24775],[-97.67922,30.24776],[-97.67917,30.24778],[-97.67912,30.24778],[-97.67909,30.24782],[-97.67905,30.24783],[-97.679,30.24784],[-97.67894,30.24786],[-97.6789,30.24788],[-97.67882,30.24789],[-97.67877,30.24792],[-97.67871,30.24794],[-97.6786,30.24795],[-97.67848,30.24798],[-97.67838,30.248],[-97.6783,30.24803],[-97.67814,30.24815],[-97.67805,30.24819],[-97.67798,30.24822],[-97.67795,30.24823],[-97.67784,30.24828],[-97.6778,30.2483],[-97.67775,30.24831],[-97.67767,30.24833],[-97.67761,30.24838],[-97.67758,30.2484],[-97.67755,30.24844],[-97.67749,30.24847],[-97.67743,30.24851],[-97.67735,30.24857],[-97.67727,30.24864],[-97.67716,30.24868],[-97.67703,30.24873],[-97.67694,30.24877],[-97.67687,30.24879],[-97.6768,30.24882],[-97.67672,30.24885],[-97.67665,30.24888],[-97.67657,30.24894],[-97.67644,30.249],[-97.67635,30.24904],[-97.67625,30.24907],[-97.67615,30.24912],[-97.67596,30.24921],[-97.67584,30.24928],[-97.67577,30.24931],[-97.67569,30.24936],[-97.67562,30.2494],[-97.67556,30.24945],[-97.67548,30.24951],[-97.67546,30.24956],[-97.67544,30.24959],[-97.67541,30.24962],[-97.6754,30.24962],[-97.67533,30.24967],[-97.67524,30.2497],[-97.67521,30.24971],[-97.67518,30.24972],[-97.67509,30.24976],[-97.675,30.2498],[-97.67495,30.24982],[-97.6749,30.24985],[-97.67487,30.24987],[-97.67486,30.24988],[-97.67484,30.2499],[-97.67477,30.24997],[-97.6747,30.25005],[-97.67465,30.2501],[-97.6746,30.25014],[-97.67459,30.25017],[-97.67458,30.25021],[-97.67457,30.25025],[-97.67455,30.25028],[-97.67452,30.25029],[-97.67449,30.25031],[-97.67447,30.25031],[-97.67446,30.25033],[-97.67444,30.25034],[-97.67443,30.25035],[-97.67441,30.25035],[-97.67439,30.25033],[-97.67438,30.25032],[-97.67436,30.25032],[-97.6743,30.25036],[-97.67422,30.25043],[-97.67417,30.25047],[-97.67406,30.25056],[-97.67398,30.25061],[-97.67388,30.25068],[-97.67383,30.25072],[-97.67381,30.25073],[-97.67379,30.25075],[-97.67374,30.25078],[-97.67368,30.25083],[-97.67366,30.25084],[-97.67359,30.2509],[-97.67354,30.25094],[-97.67342,30.25105],[-97.67339,30.25107],[-97.67337,30.25108],[-97.67334,30.25112],[-97.67331,30.25115],[-97.67325,30.25121],[-97.67322,30.25124],[-97.67321,30.25126],[-97.67318,30.25128],[-97.67315,30.2513],[-97.67313,30.2513],[-97.67311,30.25129],[-97.67309,30.25129],[-97.67309,30.2513],[-97.67309,30.25134],[-97.67309,30.25136],[-97.67309,30.25138],[-97.67306,30.25142],[-97.67302,30.25146],[-97.67299,30.2515],[-97.67297,30.25153],[-97.67293,30.25158],[-97.6729,30.25162],[-97.67288,30.25165],[-97.67284,30.2517],[-97.6728,30.25176],[-97.67278,30.25183],[-97.67274,30.2519],[-97.67272,30.25196],[-97.6727,30.25202],[-97.67269,30.2521],[-97.67266,30.25217],[-97.67262,30.25224],[-97.67254,30.2523],[-97.67249,30.25234],[-97.67241,30.25236],[-97.67236,30.25238],[-97.67231,30.25241],[-97.67228,30.25242],[-97.67226,30.25242],[-97.67222,30.25244],[-97.67218,30.25243],[-97.67216,30.25246],[-97.67215,30.25247],[-97.67213,30.25248],[-97.67211,30.25249],[-97.6721,30.2525],[-97.67209,30.25251],[-97.67209,30.25252],[-97.6721,30.25255],[-97.67209,30.25257],[-97.67208,30.25259],[-97.67208,30.2526],[-97.67208,30.25261],[-97.67209,30.25263],[-97.67209,30.25264],[-97.67211,30.25267],[-97.67213,30.2527],[-97.67214,30.25272],[-97.67217,30.25273],[-97.67219,30.25275],[-97.67218,30.25277],[-97.67218,30.2528],[-97.67217,30.25283],[-97.67216,30.25286],[-97.67214,30.25289],[-97.67213,30.25292],[-97.67211,30.25295],[-97.6721,30.25297],[-97.67208,30.25301],[-97.67208,30.25302],[-97.67207,30.25305],[-97.67206,30.25307],[-97.67204,30.2531],[-97.67202,30.25312],[-97.67201,30.25316],[-97.672,30.2532],[-97.67199,30.25326],[-97.67198,30.2533],[-97.67199,30.25334],[-97.67199,30.25338],[-97.67198,30.25342],[-97.67197,30.25346],[-97.67196,30.25349],[-97.67195,30.25351],[-97.67195,30.25356],[-97.67195,30.25362],[-97.67196,30.25368],[-97.67195,30.25376],[-97.67193,30.25381],[-97.67192,30.25387],[-97.67193,30.25391],[-97.67194,30.25395],[-97.67194,30.25398],[-97.67194,30.25404],[-97.67193,30.2541],[-97.67192,30.25417],[-97.67192,30.25421],[-97.67191,30.25424],[-97.67191,30.25429],[-97.67191,30.25436],[-97.6719,30.25439],[-97.67187,30.25443],[-97.67183,30.25447],[-97.6718,30.2545],[-97.67178,30.25455],[-97.67174,30.2546],[-97.67173,30.2546],[-97.67169,30.25464],[-97.67164,30.25468],[-97.6716,30.25473],[-97.67157,30.25475],[-97.67155,30.25476],[-97.67153,30.25478],[-97.6715,30.25481],[-97.67147,30.25483],[-97.67142,30.25487],[-97.67138,30.25489],[-97.67134,30.25492],[-97.67129,30.25496],[-97.67125,30.255],[-97.67121,30.25504],[-97.67116,30.25509],[-97.67112,30.25512],[-97.6711,30.25513],[-97.67107,30.25515],[-97.67103,30.25518],[-97.67097,30.25521],[-97.67091,30.25524],[-97.67086,30.25527],[-97.67083,30.25529],[-97.6708,30.25531],[-97.67076,30.25534],[-97.67072,30.25538],[-97.67067,30.25543],[-97.67061,30.25548],[-97.67055,30.25552],[-97.67051,30.25555],[-97.67047,30.25558],[-97.67042,30.25563],[-97.67037,30.25567],[-97.67033,30.2557],[-97.6703,30.25572],[-97.67024,30.25577],[-97.67015,30.25584],[-97.67006,30.25587],[-97.66999,30.25593],[-97.66995,30.25597],[-97.6699,30.256],[-97.66984,30.25603],[-97.66978,30.25608],[-97.66974,30.2561],[-97.66967,30.25614],[-97.66964,30.25616],[-97.66962,30.25618],[-97.66958,30.25621],[-97.66955,30.25622],[-97.66949,30.25627],[-97.66945,30.2563],[-97.66943,30.25631],[-97.66935,30.25635],[-97.66927,30.2564],[-97.66923,30.25643],[-97.66918,30.25646],[-97.66917,30.25647],[-97.66914,30.25648],[-97.66909,30.2565],[-97.66906,30.25651],[-97.66902,30.25653],[-97.66898,30.25655],[-97.66896,30.25656],[-97.6689,30.25658],[-97.66886,30.25657],[-97.66884,30.25657],[-97.66884,30.25658],[-97.66883,30.25661],[-97.66883,30.25665],[-97.6688,30.2567],[-97.66877,30.2567],[-97.66872,30.25671],[-97.66871,30.25673],[-97.6687,30.25675],[-97.66865,30.25676],[-97.6686,30.25678],[-97.66858,30.25679],[-97.66855,30.25682],[-97.66851,30.25683],[-97.66849,30.25683],[-97.66846,30.25685],[-97.66844,30.25687],[-97.66842,30.25689],[-97.66815,30.25704],[-97.66806,30.25711],[-97.66784,30.25721],[-97.66778,30.25726],[-97.66769,30.25731],[-97.6676,30.25736],[-97.66756,30.25738],[-97.66739,30.25746],[-97.6673,30.25753],[-97.66723,30.25758],[-97.66716,30.25765],[-97.66708,30.25772],[-97.66702,30.25776],[-97.66693,30.25782],[-97.66687,30.25787],[-97.66673,30.25796],[-97.66672,30.25797],[-97.66663,30.25803],[-97.66656,30.25808],[-97.66648,30.25814],[-97.66641,30.25818],[-97.66632,30.25825],[-97.66623,30.2583],[-97.66618,30.25834],[-97.66609,30.2584],[-97.66604,30.25846],[-97.66596,30.25852],[-97.66587,30.25857],[-97.66577,30.25865],[-97.66573,30.25873],[-97.66567,30.25879],[-97.6656,30.25887],[-97.66546,30.25898],[-97.66538,30.25905],[-97.66533,30.25911],[-97.66527,30.25918],[-97.66521,30.25922],[-97.66517,30.25926],[-97.66511,30.25932],[-97.66504,30.25939],[-97.66497,30.25944],[-97.66488,30.25954],[-97.66479,30.2596],[-97.66466,30.25966],[-97.66461,30.25971],[-97.66449,30.25984],[-97.66438,30.25991],[-97.66426,30.25998],[-97.66414,30.26007],[-97.66398,30.2602],[-97.66385,30.2603],[-97.66371,30.26043],[-97.66364,30.26048],[-97.66358,30.26052],[-97.66353,30.26057],[-97.66342,30.26065],[-97.66332,30.26072],[-97.66327,30.26075],[-97.66325,30.26079],[-97.66322,30.2608],[-97.6632,30.26082],[-97.66317,30.26085],[-97.66314,30.26086],[-97.6631,30.26089],[-97.66306,30.26091],[-97.66301,30.26093],[-97.66298,30.26094],[-97.66294,30.26097],[-97.6629,30.26101],[-97.66286,30.26103],[-97.66282,30.26106],[-97.66279,30.26108],[-97.66275,30.26111],[-97.66272,30.26113],[-97.66266,30.26118],[-97.66263,30.26122],[-97.66258,30.26126],[-97.66253,30.26128],[-97.66251,30.26129],[-97.66248,30.26129],[-97.66245,30.2613],[-97.66243,30.26131],[-97.66239,30.26134],[-97.66235,30.26136],[-97.66228,30.26141],[-97.66223,30.26143],[-97.66219,30.26145],[-97.66214,30.26147],[-97.66211,30.2615],[-97.66206,30.26151],[-97.66202,30.26152],[-97.66198,30.26155],[-97.66196,30.2616],[-97.66191,30.26163],[-97.66186,30.26165],[-97.66183,30.26167],[-97.66179,30.2617],[-97.66176,30.26172],[-97.66172,30.26175],[-97.66168,30.26177],[-97.66163,30.26177],[-97.66159,30.26177],[-97.66155,30.26179],[-97.66152,30.2618],[-97.66149,30.26182],[-97.66145,30.26183],[-97.66141,30.26182],[-97.66136,30.26182],[-97.66131,30.26183],[-97.66127,30.26184],[-97.66122,30.26186],[-97.66117,30.26187],[-97.66112,30.26189],[-97.66107,30.26189],[-97.66101,30.26191],[-97.66098,30.26192],[-97.66093,30.26193],[-97.66089,30.26194],[-97.66085,30.26195],[-97.66082,30.26196],[-97.66081,30.26198],[-97.6608,30.26203],[-97.6608,30.26205],[-97.66083,30.26208],[-97.66085,30.26212],[-97.66088,30.26214],[-97.66092,30.26215],[-97.66096,30.26217],[-97.66102,30.26218],[-97.66108,30.26219],[-97.66114,30.2622],[-97.66117,30.26221],[-97.66118,30.26223],[-97.66119,30.26224],[-97.6612,30.26226],[-97.66119,30.26227],[-97.66117,30.26228],[-97.66111,30.2623],[-97.66104,30.26231],[-97.66098,30.26232],[-97.66092,30.26232],[-97.66086,30.26231],[-97.66082,30.26229],[-97.66077,30.26227],[-97.66075,30.26226],[-97.66073,30.26226],[-97.6607,30.26225],[-97.66069,30.26225],[-97.66067,30.26225],[-97.66065,30.26224],[-97.66061,30.26224],[-97.66058,30.26222],[-97.66053,30.2622],[-97.66051,30.2622],[-97.66048,30.26218],[-97.66045,30.26216],[-97.66043,30.26216],[-97.6604,30.26215],[-97.66038,30.26214],[-97.66035,30.26212],[-97.66031,30.26211],[-97.66027,30.2621],[-97.66024,30.26208],[-97.66023,30.26207],[-97.66019,30.26206],[-97.66015,30.26204],[-97.66011,30.26204],[-97.6601,30.26203],[-97.66008,30.26201],[-97.66006,30.262],[-97.66005,30.26199],[-97.66004,30.26199],[-97.66002,30.26198],[-97.66,30.26198],[-97.65998,30.26197],[-97.65996,30.26196],[-97.65994,30.26196],[-97.65992,30.26196],[-97.65989,30.26196],[-97.65987,30.26196],[-97.65986,30.26195],[-97.65985,30.26195],[-97.65985,30.26193],[-97.65986,30.26191],[-97.65987,30.2619],[-97.65989,30.26189],[-97.65991,30.26188],[-97.65994,30.26188],[-97.65995,30.26188],[-97.65996,30.26188],[-97.65997,30.26188],[-97.65999,30.26188],[-97.66,30.26188],[-97.66003,30.26188],[-97.66004,30.26189],[-97.66006,30.2619],[-97.66008,30.26191],[-97.6601,30.26191],[-97.66011,30.26192],[-97.66013,30.26192],[-97.66014,30.26192],[-97.66015,30.26191],[-97.66018,30.26191],[-97.66019,30.26191],[-97.6602,30.26191],[-97.66022,30.26192],[-97.66023,30.26192],[-97.66024,30.26192],[-97.66026,30.26192],[-97.66027,30.26192],[-97.66028,30.26191],[-97.66028,30.26189],[-97.66027,30.26187],[-97.66027,30.26186],[-97.66026,30.26185],[-97.66026,30.26184],[-97.66025,30.26183],[-97.66025,30.26181],[-97.66024,30.26181],[-97.66024,30.2618],[-97.66024,30.26178],[-97.66023,30.26176],[-97.66022,30.26174],[-97.66022,30.26171],[-97.66022,30.26171],[-97.66021,30.26169],[-97.66021,30.26167],[-97.66021,30.26165],[-97.66021,30.26164],[-97.66021,30.26163],[-97.6602,30.26161],[-97.6602,30.2616],[-97.6602,30.26158],[-97.6602,30.26157],[-97.6602,30.26156],[-97.6602,30.26155],[-97.66019,30.26154],[-97.66019,30.26153],[-97.66018,30.26151],[-97.66018,30.26149],[-97.66017,30.26148],[-97.66017,30.26146],[-97.66015,30.26142],[-97.66011,30.26138],[-97.6601,30.26136],[-97.66008,30.26135],[-97.66007,30.26135],[-97.66003,30.26136],[-97.66002,30.26137],[-97.66001,30.26139],[-97.66,30.26139],[-97.66,30.2614],[-97.65999,30.26141],[-97.65998,30.26142],[-97.65996,30.26142],[-97.65995,30.26141],[-97.65994,30.2614],[-97.65992,30.2614],[-97.65991,30.26139],[-97.65989,30.26139],[-97.65988,30.26138],[-97.65986,30.26137],[-97.65985,30.26138],[-97.65984,30.26138],[-97.65983,30.26139],[-97.65982,30.26141],[-97.65981,30.26141],[-97.6598,30.26142],[-97.65978,30.26141],[-97.65976,30.26141],[-97.65974,30.26141],[-97.65972,30.2614],[-97.6597,30.2614],[-97.65968,30.2614],[-97.65966,30.26141],[-97.65964,30.26141],[-97.65962,30.26141],[-97.6596,30.26141],[-97.65959,30.26141],[-97.65958,30.26142],[-97.65956,30.26142],[-97.65955,30.26142],[-97.65954,30.26143],[-97.65953,30.26143],[-97.65951,30.26143],[-97.65949,30.26144],[-97.65948,30.26144],[-97.65947,30.26144],[-97.65946,30.26144],[-97.65944,30.26145],[-97.65945,30.26146],[-97.65945,30.26147],[-97.65946,30.26148],[-97.65946,30.26149],[-97.65945,30.2615],[-97.65944,30.2615],[-97.65943,30.2615],[-97.65942,30.26149],[-97.65941,30.26148],[-97.6594,30.26148],[-97.65939,30.26148],[-97.65938,30.26148],[-97.65936,30.26148],[-97.65934,30.26148],[-97.65931,30.26149],[-97.6593,30.26149],[-97.65929,30.26149],[-97.65926,30.2615],[-97.65925,30.2615],[-97.65923,30.26151],[-97.65922,30.26151],[-97.65921,30.26151],[-97.6592,30.26152],[-97.65918,30.26152],[-97.65917,30.26153],[-97.65916,30.26153],[-97.65914,30.26154],[-97.65912,30.26155],[-97.6591,30.26155],[-97.65907,30.26156],[-97.65906,30.26157],[-97.65905,30.26157],[-97.65904,30.26158],[-97.65903,30.26158],[-97.65902,30.2616],[-97.65902,30.26161],[-97.65903,30.26162],[-97.65904,30.26163],[-97.65906,30.26163],[-97.65907,30.26164],[-97.65907,30.26165],[-97.65907,30.26166],[-97.65906,30.26167],[-97.65904,30.26166],[-97.65903,30.26166],[-97.65902,30.26166],[-97.659,30.26165],[-97.65899,30.26166],[-97.65897,30.26166],[-97.65896,30.26167],[-97.65895,30.26168],[-97.65893,30.26169],[-97.65892,30.26169],[-97.65891,30.2617],[-97.65889,30.2617],[-97.65888,30.2617],[-97.65886,30.26171],[-97.65885,30.26172],[-97.65884,30.26173],[-97.65883,30.26174],[-97.65883,30.26177],[-97.65884,30.26178],[-97.65886,30.2618],[-97.65888,30.26181],[-97.65889,30.26181],[-97.6589,30.26181],[-97.65892,30.26182],[-97.65894,30.26183],[-97.65895,30.26183],[-97.65897,30.26184],[-97.65898,30.26184],[-97.659,30.26185],[-97.65903,30.26186],[-97.65904,30.26188],[-97.65905,30.26189],[-97.65906,30.2619],[-97.65908,30.26191],[-97.65909,30.26192],[-97.6591,30.26193],[-97.65912,30.26194],[-97.65913,30.26195],[-97.65913,30.26195],[-97.65914,30.26196],[-97.65915,30.26198],[-97.65917,30.26199],[-97.65918,30.262],[-97.65919,30.26201],[-97.6592,30.26202],[-97.65921,30.26203],[-97.65922,30.26204],[-97.65922,30.26205],[-97.65921,30.26206],[-97.6592,30.26206],[-97.65919,30.26206],[-97.65918,30.26207],[-97.65917,30.26209],[-97.65916,30.2621],[-97.65915,30.26212],[-97.65915,30.26212],[-97.65914,30.26213],[-97.65912,30.26215],[-97.6591,30.26217],[-97.65909,30.26218],[-97.65909,30.26219],[-97.65908,30.2622],[-97.65907,30.26221],[-97.65907,30.26222],[-97.65906,30.26222],[-97.65904,30.26223],[-97.65903,30.26224],[-97.65902,30.26224],[-97.65902,30.26226],[-97.65902,30.26227],[-97.65902,30.26228],[-97.65904,30.26228],[-97.65906,30.26229],[-97.65909,30.26228],[-97.65911,30.26228],[-97.65912,30.26228],[-97.65914,30.26228],[-97.65915,30.26228],[-97.65917,30.26229],[-97.65918,30.26229],[-97.6592,30.2623],[-97.65922,30.2623],[-97.65924,30.26231],[-97.65926,30.26231],[-97.65929,30.26232],[-97.6593,30.26232],[-97.65931,30.26232],[-97.65933,30.26232],[-97.65934,30.26232],[-97.65936,30.26232],[-97.65938,30.26233],[-97.65941,30.26233],[-97.65943,30.26234],[-97.65944,30.26235],[-97.65946,30.26235],[-97.65947,30.26235],[-97.65948,30.26235],[-97.6595,30.26234],[-97.65952,30.26233],[-97.65952,30.26232],[-97.65952,30.2623],[-97.65951,30.26229],[-97.65949,30.26227],[-97.6595,30.26226],[-97.65951,30.26226],[-97.65952,30.26225],[-97.65954,30.26223],[-97.65956,30.26222],[-97.6596,30.2622],[-97.65962,30.2622],[-97.65964,30.2622],[-97.65965,30.26221],[-97.65965,30.26223],[-97.65967,30.26223],[-97.65968,30.26224],[-97.65972,30.26222],[-97.65972,30.2622],[-97.65974,30.26219],[-97.65977,30.26219],[-97.65978,30.2622],[-97.65977,30.26222],[-97.65976,30.26223],[-97.65978,30.26224],[-97.65979,30.26225],[-97.65979,30.26226],[-97.65977,30.26228],[-97.65975,30.26228],[-97.65974,30.2623],[-97.65974,30.26231],[-97.65973,30.26234],[-97.65973,30.26235],[-97.65971,30.26236],[-97.65967,30.26236],[-97.65965,30.26235],[-97.65963,30.26233],[-97.65962,30.26232],[-97.65959,30.26231],[-97.65955,30.26231],[-97.65953,30.26233],[-97.65953,30.26235],[-97.65951,30.26236],[-97.65949,30.26237],[-97.65945,30.26237],[-97.65944,30.26238],[-97.65945,30.26239],[-97.65945,30.2624],[-97.65947,30.26241],[-97.65949,30.2624],[-97.65951,30.2624],[-97.65954,30.2624],[-97.65956,30.2624],[-97.65959,30.26241],[-97.65962,30.26241],[-97.65965,30.26241],[-97.65967,30.26242],[-97.65968,30.26243],[-97.65967,30.26245],[-97.65966,30.26246],[-97.65957,30.26247],[-97.65953,30.26246],[-97.65948,30.26245],[-97.65943,30.26243],[-97.65942,30.26242],[-97.6594,30.26238],[-97.6593,30.26237],[-97.65922,30.26236],[-97.65919,30.26235],[-97.65916,30.26233],[-97.65914,30.26231],[-97.65911,30.26231],[-97.6591,30.26231],[-97.65909,30.26232],[-97.65908,30.26233],[-97.65908,30.26234],[-97.65908,30.26236],[-97.65908,30.26237],[-97.65907,30.26239],[-97.65906,30.2624],[-97.65906,30.26241],[-97.65905,30.26242],[-97.65905,30.26244],[-97.65905,30.26245],[-97.65904,30.26246],[-97.65902,30.26247],[-97.65901,30.26248],[-97.65901,30.2625],[-97.659,30.26252],[-97.65899,30.26253],[-97.65898,30.26254],[-97.65898,30.26255],[-97.65897,30.26257],[-97.65896,30.26258],[-97.65895,30.2626],[-97.65894,30.26261],[-97.65894,30.26262],[-97.65894,30.26263],[-97.65894,30.26264],[-97.65893,30.26266],[-97.65892,30.26266],[-97.6589,30.26266],[-97.65889,30.26266],[-97.65887,30.26266],[-97.65886,30.26266],[-97.65885,30.26265],[-97.65885,30.26264],[-97.65884,30.26263],[-97.65884,30.26262],[-97.65883,30.26262],[-97.65882,30.26261],[-97.65882,30.2626],[-97.65881,30.26259],[-97.6588,30.26258],[-97.6588,30.26257],[-97.65879,30.26257],[-97.65877,30.26256],[-97.65876,30.26256],[-97.65875,30.26255],[-97.65874,30.26255],[-97.65872,30.26255],[-97.65871,30.26255],[-97.65869,30.26255],[-97.65867,30.26256],[-97.65866,30.26256],[-97.65865,30.26256],[-97.65863,30.26256],[-97.65862,30.26257],[-97.6586,30.26257],[-97.65858,30.26257],[-97.65856,30.26258],[-97.65854,30.26258],[-97.65853,30.26259],[-97.65851,30.2626],[-97.6585,30.26261],[-97.65849,30.26262],[-97.65848,30.26263],[-97.65847,30.26264],[-97.65845,30.26265],[-97.65844,30.26266],[-97.65843,30.26266],[-97.65842,30.26266],[-97.65841,30.26266],[-97.65838,30.26266],[-97.65836,30.26266],[-97.65835,30.26266],[-97.65834,30.26266],[-97.65832,30.26266],[-97.6583,30.26267],[-97.65828,30.26267],[-97.65826,30.26267],[-97.65825,30.26267],[-97.65824,30.26267],[-97.65823,30.26267],[-97.65821,30.26267],[-97.6582,30.26267],[-97.65819,30.26268],[-97.65817,30.26268],[-97.65816,30.26269],[-97.65815,30.26269],[-97.65814,30.26269],[-97.65812,30.26269],[-97.65811,30.26269],[-97.65809,30.2627],[-97.65808,30.2627],[-97.65807,30.2627],[-97.65806,30.2627],[-97.65804,30.26271],[-97.65803,30.26271],[-97.65801,30.26271],[-97.65799,30.26271],[-97.65797,30.26271],[-97.65795,30.26271],[-97.65794,30.26271],[-97.65791,30.2627],[-97.65789,30.2627],[-97.65788,30.2627],[-97.65787,30.2627],[-97.65786,30.2627],[-97.65784,30.2627],[-97.65782,30.2627],[-97.6578,30.2627],[-97.65778,30.26271],[-97.65777,30.26271],[-97.65775,30.26272],[-97.65774,30.26272],[-97.65773,30.26273],[-97.65772,30.26273],[-97.6577,30.26273],[-97.65768,30.26274],[-97.65766,30.26275],[-97.65764,30.26275],[-97.65762,30.26275],[-97.65761,30.26275],[-97.65759,30.26275],[-97.65758,30.26275],[-97.65756,30.26274],[-97.65755,30.26273],[-97.65754,30.26273],[-97.65753,30.26272],[-97.65751,30.26271],[-97.6575,30.2627],[-97.65749,30.2627],[-97.65748,30.2627],[-97.65747,30.26269],[-97.65746,30.26269],[-97.65744,30.26269],[-97.65743,30.26269],[-97.65742,30.26269],[-97.65741,30.26269],[-97.65739,30.2627],[-97.65738,30.2627],[-97.65736,30.2627],[-97.65735,30.26271],[-97.65734,30.26272],[-97.65733,30.26273],[-97.65733,30.26275],[-97.65732,30.26276],[-97.65731,30.26276],[-97.65728,30.26277],[-97.65726,30.26277],[-97.65725,30.26277],[-97.65723,30.26277],[-97.65721,30.26277],[-97.6572,30.26277],[-97.65717,30.26278],[-97.65716,30.26278],[-97.65714,30.26278],[-97.65713,30.26277],[-97.6571,30.26277],[-97.65709,30.26277],[-97.65707,30.26277],[-97.65705,30.26277],[-97.65703,30.26277],[-97.65701,30.26277],[-97.65699,30.26277],[-97.65697,30.26277],[-97.65696,30.26277],[-97.65694,30.26277],[-97.65693,30.26277],[-97.65691,30.26277],[-97.6569,30.26277],[-97.65688,30.26277],[-97.65686,30.26277],[-97.65684,30.26277],[-97.65683,30.26277],[-97.65681,30.26276],[-97.65679,30.26276],[-97.65678,30.26276],[-97.65676,30.26276],[-97.65674,30.26276],[-97.65672,30.26276],[-97.6567,30.26276],[-97.65668,30.26277],[-97.65666,30.26277],[-97.65664,30.26277],[-97.65663,30.26277],[-97.65661,30.26278],[-97.65658,30.26278],[-97.65655,30.26278],[-97.65654,30.26278],[-97.65652,30.26277],[-97.6565,30.26277],[-97.65649,30.26277],[-97.65647,30.26277],[-97.65646,30.26277],[-97.65644,30.26277],[-97.65643,30.26277],[-97.65641,30.26277],[-97.6564,30.26277],[-97.65638,30.26277],[-97.65636,30.26277],[-97.65635,30.26277],[-97.65634,30.26276],[-97.65632,30.26276],[-97.6563,30.26276],[-97.65629,30.26276],[-97.65627,30.26275],[-97.65626,30.26275],[-97.65624,30.26275],[-97.65622,30.26275],[-97.65619,30.26275],[-97.65618,30.26275],[-97.65617,30.26276],[-97.65615,30.26276],[-97.65613,30.26276],[-97.65612,30.26276],[-97.65611,30.26276],[-97.65609,30.26276],[-97.65607,30.26276],[-97.65606,30.26276],[-97.65603,30.26276],[-97.65602,30.26276],[-97.656,30.26277],[-97.65599,30.26277],[-97.65598,30.26277],[-97.65595,30.26277],[-97.65593,30.26277],[-97.65591,30.26278],[-97.6559,30.26278],[-97.65589,30.26278],[-97.65587,30.26277],[-97.65586,30.26277],[-97.65584,30.26277],[-97.65583,30.26277],[-97.65581,30.26277],[-97.6558,30.26277],[-97.65579,30.26276],[-97.65578,30.26275],[-97.65577,30.26274],[-97.65576,30.26273],[-97.65575,30.26272],[-97.65574,30.2627],[-97.65573,30.2627],[-97.65572,30.26269],[-97.65571,30.26269],[-97.65568,30.26269],[-97.65565,30.2627],[-97.65564,30.2627],[-97.65562,30.26271],[-97.65561,30.26272],[-97.6556,30.26274],[-97.6556,30.26275],[-97.65559,30.26276],[-97.65558,30.26276],[-97.65556,30.26277],[-97.65555,30.26277],[-97.65553,30.26277],[-97.65552,30.26277],[-97.65551,30.26277],[-97.65549,30.26277],[-97.65548,30.26277],[-97.65546,30.26277],[-97.65542,30.26277],[-97.65538,30.26277],[-97.65536,30.26276],[-97.65535,30.26276],[-97.65533,30.26275],[-97.65532,30.26274],[-97.65531,30.26273],[-97.65529,30.26273],[-97.65527,30.26273],[-97.65525,30.26273],[-97.65522,30.26273],[-97.6552,30.26272],[-97.65518,30.26272],[-97.65516,30.26272],[-97.65514,30.26271],[-97.65512,30.26271],[-97.6551,30.26271],[-97.65508,30.26272],[-97.65506,30.26272],[-97.65505,30.26272],[-97.65502,30.26272],[-97.655,30.26272],[-97.65498,30.26272],[-97.65496,30.26272],[-97.65495,30.26272],[-97.65494,30.26272],[-97.65491,30.26272],[-97.6549,30.26271],[-97.65488,30.26271],[-97.65486,30.26271],[-97.65484,30.26271],[-97.65482,30.26271],[-97.6548,30.26271],[-97.65477,30.26271],[-97.65476,30.26271],[-97.65473,30.26272],[-97.6547,30.26272],[-97.65468,30.26272],[-97.65466,30.26272],[-97.65464,30.26272],[-97.65463,30.26272],[-97.65462,30.26272],[-97.65461,30.26271],[-97.65459,30.2627],[-97.65458,30.26268],[-97.65458,30.26267],[-97.65457,30.26266],[-97.65455,30.26265],[-97.65452,30.26265],[-97.6545,30.26266],[-97.65448,30.26266],[-97.65445,30.26267],[-97.65444,30.26267],[-97.65443,30.26268],[-97.65441,30.26268],[-97.65439,30.26268],[-97.65436,30.26268],[-97.65435,30.26268],[-97.65434,30.26266],[-97.65435,30.26266],[-97.65437,30.26265],[-97.65438,30.26265],[-97.65438,30.26263],[-97.65437,30.26263],[-97.65435,30.26262],[-97.65433,30.26262],[-97.65432,30.26262],[-97.6543,30.26262],[-97.65429,30.26262],[-97.65427,30.26262],[-97.65426,30.26262],[-97.65424,30.26261],[-97.65423,30.26261],[-97.65421,30.26261],[-97.65419,30.26261],[-97.65418,30.26261],[-97.65416,30.26261],[-97.65414,30.26261],[-97.65412,30.26261],[-97.6541,30.26261],[-97.65408,30.26261],[-97.65407,30.26261],[-97.65405,30.26261],[-97.65404,30.26261],[-97.65402,30.26261],[-97.654,30.26261],[-97.65398,30.26262],[-97.65396,30.26262],[-97.65394,30.26262],[-97.65392,30.26262],[-97.65391,30.26261],[-97.65389,30.26261],[-97.65388,30.26261],[-97.65387,30.26261],[-97.65384,30.26261],[-97.65382,30.26261],[-97.65381,30.26261],[-97.6538,30.26261],[-97.65378,30.26261],[-97.65376,30.26261],[-97.65374,30.26261],[-97.65372,30.26261],[-97.6537,30.26261],[-97.65368,30.26261],[-97.65367,30.26261],[-97.65365,30.26261],[-97.65364,30.26261],[-97.65362,30.26261],[-97.65361,30.26261],[-97.65359,30.26261],[-97.65357,30.26261],[-97.65355,30.26261],[-97.65354,30.26261],[-97.65352,30.26261],[-97.6535,30.26261],[-97.65349,30.26261],[-97.65348,30.26261],[-97.65347,30.2626],[-97.65345,30.2626],[-97.65343,30.2626],[-97.65341,30.26259],[-97.65339,30.2626],[-97.65338,30.2626],[-97.65336,30.2626],[-97.65335,30.2626],[-97.65334,30.2626],[-97.65332,30.2626],[-97.65329,30.26261],[-97.65328,30.26261],[-97.65325,30.26261],[-97.65323,30.26261],[-97.65322,30.26261],[-97.6532,30.2626],[-97.65318,30.2626],[-97.65316,30.2626],[-97.65314,30.2626],[-97.65312,30.2626],[-97.6531,30.26261],[-97.65308,30.26261],[-97.65306,30.26262],[-97.65304,30.26262],[-97.65302,30.26263],[-97.65299,30.26263],[-97.65298,30.26263],[-97.65296,30.26263],[-97.65294,30.26264],[-97.65292,30.26264],[-97.65291,30.26264],[-97.65289,30.26264],[-97.65287,30.26265],[-97.65285,30.26265],[-97.65283,30.26265],[-97.65282,30.26265],[-97.6528,30.26265],[-97.65278,30.26265],[-97.65277,30.26265],[-97.65275,30.26266],[-97.65273,30.26266],[-97.65272,30.26266],[-97.65271,30.26266],[-97.6527,30.26267],[-97.65269,30.26268],[-97.65269,30.26269],[-97.65269,30.2627],[-97.65269,30.26272],[-97.65269,30.26273],[-97.65269,30.26274],[-97.65269,30.26275],[-97.65269,30.26279],[-97.65269,30.2628],[-97.65269,30.26281],[-97.65268,30.26282],[-97.65267,30.26283],[-97.65265,30.26283],[-97.65264,30.26283],[-97.65263,30.26283],[-97.6526,30.26283],[-97.65259,30.26283],[-97.65256,30.26283],[-97.65254,30.26283],[-97.65252,30.26283],[-97.6525,30.26283],[-97.65248,30.26284],[-97.65247,30.26284],[-97.65245,30.26285],[-97.65244,30.26285],[-97.65242,30.26286],[-97.65239,30.26286],[-97.65238,30.26286],[-97.65237,30.26287],[-97.65236,30.26287],[-97.65235,30.26287],[-97.65233,30.26287],[-97.65232,30.26287],[-97.6523,30.26287],[-97.65229,30.26286],[-97.65227,30.26286],[-97.65225,30.26286],[-97.65224,30.26286],[-97.65223,30.26286],[-97.65222,30.26285],[-97.6522,30.26285],[-97.65219,30.26285],[-97.65217,30.26285],[-97.65216,30.26285],[-97.65215,30.26285],[-97.65214,30.26285],[-97.65212,30.26285],[-97.65209,30.26285],[-97.65208,30.26285],[-97.65206,30.26285],[-97.65202,30.26285],[-97.65199,30.26285],[-97.65198,30.26285],[-97.65197,30.26285],[-97.65196,30.26285],[-97.65194,30.26285],[-97.65193,30.26286],[-97.65191,30.26286],[-97.65189,30.26287],[-97.65187,30.26287],[-97.65186,30.26287],[-97.65184,30.26287],[-97.65183,30.26288],[-97.65182,30.26288],[-97.6518,30.26288],[-97.65178,30.26288],[-97.65176,30.26289],[-97.65173,30.26289],[-97.65171,30.26289],[-97.6517,30.2629],[-97.65168,30.2629],[-97.65167,30.2629],[-97.65166,30.2629],[-97.65164,30.2629],[-97.65162,30.2629],[-97.65161,30.2629],[-97.65159,30.2629],[-97.65158,30.2629],[-97.65156,30.2629],[-97.65154,30.26289],[-97.65152,30.26289],[-97.65151,30.26289],[-97.6515,30.26288],[-97.65149,30.26288],[-97.65148,30.26288],[-97.65146,30.26287],[-97.65145,30.26287],[-97.65144,30.26287],[-97.65143,30.26286],[-97.65142,30.26285],[-97.65133,30.26285],[-97.65115,30.26285],[-97.65098,30.26286],[-97.65086,30.26285],[-97.65067,30.26286],[-97.65055,30.26288],[-97.65045,30.2629],[-97.65041,30.26291],[-97.65038,30.2629],[-97.65025,30.26287],[-97.65015,30.26287],[-97.6501,30.26288],[-97.65007,30.2629],[-97.65007,30.26293],[-97.65006,30.26295],[-97.65006,30.26297],[-97.64992,30.263],[-97.64988,30.263],[-97.64984,30.263],[-97.64981,30.26299],[-97.64977,30.263],[-97.6497,30.26302],[-97.64966,30.26305],[-97.64962,30.26306],[-97.64958,30.26307],[-97.64954,30.26305],[-97.64947,30.26306],[-97.64942,30.26305],[-97.6494,30.26302],[-97.64933,30.263],[-97.64907,30.26304],[-97.6488,30.2631],[-97.64877,30.2631],[-97.6487,30.2631],[-97.64868,30.2631],[-97.64862,30.26308],[-97.64856,30.26308],[-97.64848,30.26309],[-97.64843,30.26312],[-97.64838,30.26312],[-97.64831,30.26312],[-97.6482,30.26315],[-97.64818,30.26315],[-97.64815,30.26314],[-97.64811,30.26314],[-97.64808,30.26315],[-97.64802,30.26317],[-97.64799,30.26316],[-97.64796,30.26313],[-97.6479,30.26313],[-97.64784,30.26314],[-97.6478,30.26316],[-97.64778,30.26318],[-97.64778,30.26322],[-97.64779,30.26324],[-97.64778,30.26326],[-97.64775,30.26327],[-97.64769,30.26328],[-97.64763,30.26332],[-97.64761,30.26336],[-97.6476,30.26338],[-97.64756,30.26339],[-97.64748,30.26335],[-97.64742,30.26333],[-97.64737,30.26334],[-97.6471,30.26339],[-97.64686,30.26346],[-97.6467,30.2635],[-97.64667,30.26352],[-97.64645,30.26353],[-97.64631,30.26356],[-97.6461,30.26358],[-97.64603,30.26359],[-97.64576,30.26357],[-97.64569,30.26355],[-97.64566,30.26354],[-97.64556,30.26352],[-97.64536,30.2635],[-97.64514,30.26348],[-97.64504,30.26347],[-97.64501,30.26346],[-97.64497,30.26346],[-97.64492,30.26346],[-97.64477,30.26344],[-97.64465,30.26342],[-97.64459,30.26341],[-97.64453,30.26341],[-97.64435,30.26338],[-97.64403,30.26331],[-97.64367,30.26323],[-97.64353,30.26317],[-97.64346,30.26313],[-97.64344,30.26312],[-97.64333,30.26309],[-97.64328,30.26306],[-97.64326,30.26304],[-97.64324,30.263],[-97.6432,30.26297],[-97.64317,30.26296],[-97.64311,30.26295],[-97.643,30.26296],[-97.64298,30.26297],[-97.6429,30.26297],[-97.64268,30.26293],[-97.64255,30.2629],[-97.64253,30.2629],[-97.64241,30.26288],[-97.64244,30.26283],[-97.64266,30.26248],[-97.64284,30.26218],[-97.642,30.2612],[-97.64186,30.26105],[-97.64191,30.26099],[-97.64195,30.26095],[-97.64196,30.26091],[-97.64202,30.26086],[-97.64207,30.26079],[-97.64211,30.26072],[-97.64214,30.26065],[-97.64218,30.26057],[-97.64221,30.26049],[-97.64221,30.26047],[-97.64223,30.26041],[-97.64225,30.26033],[-97.64226,30.26028],[-97.64226,30.26023],[-97.64227,30.26017],[-97.64227,30.26014],[-97.64227,30.26008],[-97.64227,30.26002],[-97.64227,30.25997],[-97.64226,30.25993],[-97.64226,30.25989],[-97.64225,30.25985],[-97.64224,30.25981],[-97.64224,30.25977],[-97.64222,30.25973],[-97.64221,30.25969],[-97.6422,30.25966],[-97.64219,30.25962],[-97.64218,30.25959],[-97.64216,30.25954],[-97.64212,30.25947],[-97.64208,30.2594],[-97.64205,30.25934],[-97.64209,30.25824],[-97.64213,30.25725],[-97.64212,30.25721],[-97.64211,30.25716],[-97.64209,30.25708],[-97.64206,30.25699],[-97.64204,30.25692],[-97.64203,30.25689],[-97.64202,30.25687],[-97.642,30.25684],[-97.64198,30.25679],[-97.64197,30.25676],[-97.64195,30.25673],[-97.64193,30.25668],[-97.64187,30.25661],[-97.64182,30.25654],[-97.64177,30.25648],[-97.64174,30.25645],[-97.6417,30.2564],[-97.64166,30.25636],[-97.64164,30.25634],[-97.6416,30.2563],[-97.64157,30.25628],[-97.6415,30.25622],[-97.64142,30.25616],[-97.64135,30.25611],[-97.64125,30.25606],[-97.64118,30.25602],[-97.64109,30.25598],[-97.641,30.25594],[-97.64091,30.25591],[-97.64082,30.25589],[-97.64072,30.25586],[-97.64063,30.25584],[-97.64054,30.25583],[-97.64049,30.25582],[-97.64044,30.25582],[-97.6404,30.25582],[-97.64033,30.25582],[-97.64024,30.25581],[-97.64014,30.25581],[-97.63949,30.25576],[-97.63846,30.25567],[-97.63497,30.25537],[-97.63406,30.25529],[-97.63353,30.25524],[-97.63298,30.25519],[-97.63287,30.25522],[-97.63279,30.25523],[-97.63275,30.25524],[-97.6327,30.25524],[-97.63263,30.25523],[-97.63252,30.25521],[-97.6324,30.25509],[-97.63159,30.25499],[-97.63004,30.25537],[-97.63002,30.25537],[-97.62996,30.25538],[-97.62992,30.25538],[-97.62987,30.25539],[-97.62983,30.2554],[-97.62979,30.25541],[-97.62968,30.25543],[-97.6296,30.25544],[-97.6295,30.25546],[-97.62941,30.25548],[-97.62932,30.2555],[-97.62926,30.25552],[-97.62922,30.25553],[-97.62914,30.25555],[-97.62909,30.25557],[-97.62905,30.25557],[-97.62899,30.25559],[-97.62891,30.25562],[-97.62888,30.25563],[-97.62884,30.25564],[-97.6288,30.25565],[-97.62853,30.25558],[-97.62783,30.25536],[-97.62768,30.25532],[-97.62756,30.25529],[-97.62729,30.25522],[-97.62725,30.25521],[-97.62704,30.25515],[-97.62692,30.25511],[-97.62688,30.2551],[-97.62674,30.25507],[-97.62645,30.25493],[-97.62632,30.25487],[-97.62616,30.25414],[-97.62609,30.25384],[-97.62605,30.25318],[-97.62604,30.25304],[-97.62604,30.25291],[-97.62605,30.25228],[-97.62607,30.25166],[-97.62607,30.25145],[-97.62607,30.25123],[-97.62609,30.25116],[-97.62613,30.25092],[-97.62623,30.25056],[-97.62629,30.25032],[-97.62632,30.25022],[-97.62646,30.24991],[-97.62648,30.24986],[-97.62653,30.24972],[-97.62665,30.24953],[-97.62668,30.24943],[-97.6267,30.24934],[-97.627,30.24884],[-97.62729,30.24839],[-97.62734,30.24831],[-97.62807,30.24718],[-97.62846,30.24658],[-97.62903,30.24572],[-97.62954,30.24496],[-97.63057,30.24344],[-97.63107,30.24287],[-97.63119,30.24273],[-97.63137,30.24249],[-97.63151,30.24234],[-97.63159,30.24225],[-97.63172,30.24212],[-97.63184,30.24199],[-97.63195,30.24187],[-97.63213,30.24167],[-97.63218,30.24159],[-97.63227,30.2415],[-97.63233,30.24144],[-97.63236,30.24141],[-97.6324,30.24137],[-97.63246,30.24132],[-97.63255,30.24123],[-97.63258,30.24121],[-97.63265,30.24114],[-97.63267,30.24111],[-97.63269,30.24108],[-97.63272,30.24103],[-97.63276,30.24098],[-97.6328,30.24092],[-97.63296,30.24085],[-97.63304,30.2408],[-97.63314,30.24071],[-97.63323,30.24064],[-97.63327,30.24061],[-97.63329,30.24059],[-97.63334,30.24055],[-97.63392,30.2402],[-97.63413,30.24007],[-97.63472,30.23972],[-97.63493,30.23967],[-97.63501,30.23965],[-97.63581,30.23944],[-97.63801,30.23887],[-97.63834,30.23879],[-97.63888,30.23864],[-97.6394,30.2385],[-97.63945,30.23849],[-97.63964,30.23843],[-97.6397,30.2384],[-97.63979,30.23838],[-97.63981,30.23837],[-97.63988,30.23835],[-97.64,30.23831],[-97.6401,30.2383],[-97.64019,30.23827],[-97.6403,30.23823],[-97.64034,30.23822],[-97.6404,30.2382],[-97.64046,30.23818],[-97.64069,30.2381],[-97.64077,30.23808],[-97.64081,30.23807],[-97.64088,30.23805],[-97.64093,30.23803],[-97.64105,30.238],[-97.64113,30.23798],[-97.64117,30.23796],[-97.64129,30.23793],[-97.64131,30.23793],[-97.64142,30.2379],[-97.64153,30.23787],[-97.64159,30.23785],[-97.64164,30.23784],[-97.64171,30.23783],[-97.64174,30.23782],[-97.64178,30.23781],[-97.6419,30.23778],[-97.64198,30.23777],[-97.64202,30.23776],[-97.6421,30.23772],[-97.64216,30.2377],[-97.64221,30.23769],[-97.64225,30.23768],[-97.64234,30.23765],[-97.64256,30.23758],[-97.6426,30.23757],[-97.64265,30.23756],[-97.64276,30.23754],[-97.64279,30.23754],[-97.64288,30.23755],[-97.64302,30.23752],[-97.64318,30.23751],[-97.64321,30.23751],[-97.64331,30.23751],[-97.64354,30.23747],[-97.64361,30.23745],[-97.64372,30.23744],[-97.64387,30.23742],[-97.64405,30.23739],[-97.64422,30.23737],[-97.64432,30.23735],[-97.64437,30.23734],[-97.64459,30.2373],[-97.64464,30.23729],[-97.64479,30.23727],[-97.64515,30.23721],[-97.64552,30.23715],[-97.64607,30.23706],[-97.64635,30.23699],[-97.64715,30.2368],[-97.64734,30.23676],[-97.64811,30.23658],[-97.64844,30.23648],[-97.64878,30.23636],[-97.64927,30.23622],[-97.65005,30.23583],[-97.65036,30.2357],[-97.65054,30.23561],[-97.6511,30.23536],[-97.65197,30.23498],[-97.65274,30.23459],[-97.6528,30.23456],[-97.65303,30.2343],[-97.65338,30.23393],[-97.65411,30.23315],[-97.65446,30.23277],[-97.65459,30.23265],[-97.65469,30.23255],[-97.65568,30.2314],[-97.6558,30.23126],[-97.65598,30.23105],[-97.65675,30.23024],[-97.65727,30.2297],[-97.65779,30.22913],[-97.65829,30.22852],[-97.65837,30.22843],[-97.65849,30.22829],[-97.65855,30.22823],[-97.65863,30.22809],[-97.66115,30.22576],[-97.66169,30.22526],[-97.66249,30.22592],[-97.66268,30.22607],[-97.66355,30.22679],[-97.66355,30.22693],[-97.66355,30.22704],[-97.66356,30.22728],[-97.66357,30.22778],[-97.66388,30.22807],[-97.66426,30.22843],[-97.66427,30.22843],[-97.66431,30.22841],[-97.66432,30.2284],[-97.66446,30.22834],[-97.66547,30.22789],[-97.66604,30.22802],[-97.66737,30.22701],[-97.66826,30.22775],[-97.67094,30.23],[-97.66926,30.23149],[-97.67071,30.23269],[-97.67153,30.23337],[-97.67245,30.23413],[-97.67254,30.23404],[-97.67308,30.23356],[-97.67339,30.23328],[-97.67624,30.23562],[-97.67633,30.23569],[-97.67686,30.23522],[-97.67696,30.23512],[-97.67736,30.23467],[-97.67802,30.23406],[-97.67841,30.23439],[-97.67793,30.23482],[-97.67783,30.23492],[-97.67794,30.23501],[-97.67815,30.23519],[-97.67784,30.23546],[-97.67713,30.23611],[-97.67702,30.23621],[-97.67637,30.23679],[-97.67671,30.23706],[-97.67819,30.23831],[-97.68136,30.24096]],[[-97.92732,30.34041],[-97.92722,30.34048],[-97.92711,30.34058],[-97.927,30.3407],[-97.92688,30.34081],[-97.92676,30.34093],[-97.92666,30.34104],[-97.92655,30.34116],[-97.92644,30.34127],[-97.92632,30.3414],[-97.92624,30.34149],[-97.92621,30.34149],[-97.92594,30.34154],[-97.92569,30.34164],[-97.92564,30.34167],[-97.92546,30.34178],[-97.92526,30.34194],[-97.92521,30.342],[-97.92509,30.34213],[-97.92497,30.34235],[-97.92489,30.34258],[-97.92486,30.34282],[-97.92488,30.34299],[-97.92481,30.34306],[-97.92413,30.34372],[-97.92404,30.34376],[-97.92381,30.34389],[-97.92361,30.34406],[-97.92344,30.34425],[-97.92332,30.34447],[-97.92331,30.34451],[-97.92177,30.34591],[-97.92163,30.34598],[-97.92143,30.34615],[-97.92126,30.34634],[-97.92123,30.3464],[-97.92121,30.34642],[-97.92087,30.34667],[-97.9207,30.34681],[-97.92054,30.34701],[-97.92047,30.34712],[-97.91971,30.34788],[-97.91893,30.34861],[-97.91797,30.34951],[-97.9179,30.34959],[-97.91745,30.35007],[-97.91712,30.35043],[-97.91657,30.35089],[-97.91579,30.35174],[-97.9157,30.35184],[-97.91507,30.35249],[-97.91482,30.35275],[-97.9147,30.35292],[-97.91449,30.35303],[-97.91448,30.35305],[-97.91429,30.3532],[-97.91413,30.35339],[-97.91405,30.35351],[-97.91402,30.35358],[-97.91398,30.35366],[-97.9139,30.35389],[-97.91387,30.35413],[-97.91388,30.35418],[-97.91373,30.35441],[-97.91371,30.35445],[-97.91336,30.35504],[-97.91334,30.35507],[-97.9133,30.35514],[-97.91326,30.35521],[-97.91323,30.35527],[-97.91319,30.35533],[-97.91315,30.35539],[-97.91311,30.35545],[-97.91307,30.35551],[-97.91303,30.35557],[-97.91292,30.35577],[-97.91289,30.35583],[-97.91285,30.3559],[-97.91278,30.35603],[-97.9127,30.35617],[-97.91264,30.35629],[-97.91256,30.35643],[-97.9125,30.35656],[-97.91243,30.3567],[-97.91237,30.35682],[-97.91231,30.35697],[-97.91225,30.35709],[-97.91219,30.35723],[-97.91213,30.35735],[-97.91207,30.3575],[-97.91202,30.35762],[-97.91197,30.35774],[-97.91193,30.3578],[-97.91189,30.35786],[-97.91187,30.35789],[-97.91184,30.35794],[-97.91178,30.35804],[-97.91174,30.35811],[-97.91171,30.35818],[-97.91168,30.35823],[-97.91166,30.35826],[-97.91163,30.35831],[-97.91162,30.35834],[-97.9116,30.3584],[-97.91158,30.35842],[-97.91152,30.35856],[-97.91148,30.35865],[-97.91143,30.35876],[-97.9114,30.35886],[-97.91136,30.35896],[-97.91132,30.35906],[-97.91129,30.35917],[-97.91125,30.35927],[-97.91122,30.35937],[-97.91119,30.35947],[-97.91116,30.35958],[-97.91115,30.35963],[-97.91113,30.35969],[-97.91111,30.35978],[-97.91111,30.35979],[-97.91108,30.35986],[-97.91092,30.36005],[-97.9108,30.36027],[-97.91076,30.36036],[-97.91068,30.36075],[-97.91068,30.36078],[-97.91076,30.36124],[-97.91077,30.36127],[-97.91084,30.36139],[-97.9108,30.36177],[-97.91079,30.36182],[-97.91078,30.36186],[-97.91078,30.36207],[-97.91075,30.36232],[-97.91076,30.36256],[-97.91077,30.36259],[-97.91076,30.36264],[-97.91077,30.36301],[-97.91078,30.36311],[-97.9108,30.3632],[-97.9108,30.36324],[-97.91081,30.36328],[-97.91083,30.36346],[-97.91084,30.36354],[-97.91084,30.36363],[-97.91085,30.36372],[-97.91086,30.3638],[-97.91086,30.36389],[-97.91086,30.36398],[-97.91086,30.36401],[-97.91084,30.36418],[-97.91086,30.36442],[-97.91093,30.36465],[-97.91101,30.36483],[-97.911,30.36493],[-97.911,30.365],[-97.91101,30.36509],[-97.91101,30.36515],[-97.91103,30.36526],[-97.91104,30.36532],[-97.91106,30.36542],[-97.91107,30.36548],[-97.91109,30.36558],[-97.9111,30.36562],[-97.91116,30.36585],[-97.91122,30.36597],[-97.91123,30.366],[-97.91123,30.36603],[-97.91124,30.36607],[-97.91125,30.36612],[-97.91125,30.36616],[-97.91126,30.36619],[-97.91126,30.36624],[-97.91126,30.36627],[-97.91127,30.3663],[-97.91127,30.36634],[-97.91127,30.36639],[-97.91127,30.36642],[-97.91126,30.36647],[-97.91112,30.36659],[-97.91096,30.36678],[-97.91084,30.367],[-97.91082,30.36705],[-97.91079,30.36712],[-97.91073,30.3673],[-97.9107,30.36754],[-97.91072,30.36778],[-97.91078,30.36801],[-97.91089,30.36823],[-97.91102,30.36839],[-97.91105,30.36843],[-97.91124,30.3686],[-97.91147,30.36874],[-97.91144,30.36892],[-97.91139,30.36936],[-97.91135,30.36981],[-97.91132,30.37017],[-97.91129,30.37053],[-97.9113,30.3708],[-97.91129,30.37109],[-97.91131,30.37149],[-97.91132,30.37177],[-97.91133,30.37232],[-97.91134,30.37266],[-97.91136,30.37281],[-97.91139,30.37288],[-97.91116,30.37302],[-97.91096,30.37319],[-97.91079,30.37338],[-97.91067,30.37359],[-97.91059,30.37383],[-97.91055,30.37414],[-97.91057,30.37438],[-97.91063,30.37461],[-97.91074,30.37483],[-97.91109,30.3752],[-97.91142,30.37545],[-97.91156,30.37555],[-97.91175,30.37567],[-97.91168,30.37641],[-97.91187,30.37784],[-97.91185,30.37797],[-97.91177,30.37818],[-97.91187,30.37821],[-97.91192,30.37823],[-97.91193,30.37824],[-97.91199,30.37826],[-97.91201,30.37828],[-97.912,30.37849],[-97.91199,30.37866],[-97.91195,30.37873],[-97.91188,30.37896],[-97.91184,30.3792],[-97.91186,30.37944],[-97.91187,30.37948],[-97.91193,30.37967],[-97.91198,30.37979],[-97.91199,30.38],[-97.912,30.38057],[-97.912,30.38062],[-97.91201,30.38079],[-97.91203,30.38091],[-97.91205,30.38096],[-97.91204,30.38101],[-97.91204,30.38146],[-97.91194,30.38146],[-97.9118,30.38147],[-97.91134,30.38148],[-97.91116,30.38151],[-97.91111,30.38152],[-97.91098,30.38155],[-97.91082,30.38164],[-97.91075,30.38167],[-97.91048,30.38182],[-97.91045,30.38184],[-97.91036,30.38189],[-97.91017,30.38199],[-97.91013,30.38199],[-97.90978,30.38196],[-97.90946,30.38194],[-97.90927,30.38193],[-97.90915,30.38193],[-97.90902,30.38192],[-97.90883,30.38191],[-97.90859,30.38189],[-97.90852,30.38189],[-97.90845,30.38188],[-97.90829,30.38189],[-97.90802,30.38189],[-97.90784,30.38186],[-97.90772,30.38179],[-97.90746,30.38162],[-97.9072,30.38147],[-97.90694,30.3813],[-97.90678,30.38121],[-97.90668,30.38114],[-97.90637,30.38105],[-97.90617,30.38099],[-97.90608,30.38095],[-97.90601,30.38092],[-97.90583,30.38084],[-97.90579,30.38082],[-97.90551,30.38069],[-97.90542,30.38065],[-97.90524,30.38056],[-97.90496,30.38042],[-97.90481,30.38035],[-97.90469,30.38029],[-97.90461,30.38025],[-97.90449,30.38018],[-97.90442,30.38015],[-97.90417,30.38003],[-97.90413,30.38001],[-97.90397,30.37993],[-97.90392,30.3799],[-97.90387,30.37988],[-97.90372,30.3798],[-97.9036,30.37974],[-97.90358,30.37976],[-97.90346,30.37996],[-97.90325,30.3803],[-97.90317,30.38042],[-97.90306,30.3806],[-97.90281,30.38098],[-97.90244,30.38163],[-97.90227,30.38193],[-97.90226,30.38196],[-97.90184,30.38269],[-97.90116,30.3839],[-97.90061,30.38488],[-97.90046,30.38514],[-97.90039,30.38526],[-97.90009,30.38481],[-97.89974,30.38429],[-97.89966,30.38416],[-97.89937,30.38371],[-97.89849,30.38414],[-97.89817,30.3843],[-97.89798,30.38439],[-97.89763,30.38456],[-97.89691,30.38492],[-97.89636,30.38519],[-97.89622,30.38526],[-97.8959,30.38541],[-97.89484,30.38591],[-97.89453,30.38606],[-97.89416,30.38624],[-97.89034,30.3881],[-97.89094,30.38922],[-97.89134,30.38895],[-97.89214,30.38845],[-97.89254,30.38826],[-97.89289,30.3881],[-97.8933,30.38818],[-97.8946,30.3885],[-97.89464,30.38851],[-97.89472,30.389],[-97.89474,30.38911],[-97.89494,30.39026],[-97.89662,30.39108],[-97.89654,30.39122],[-97.89632,30.39157],[-97.89626,30.39167],[-97.89607,30.392],[-97.896,30.39212],[-97.89583,30.39209],[-97.89521,30.39224],[-97.8948,30.39204],[-97.89429,30.39143],[-97.89405,30.39097],[-97.8937,30.39118],[-97.89367,30.3911],[-97.89358,30.39085],[-97.89352,30.39067],[-97.89351,30.39055],[-97.89351,30.39052],[-97.89341,30.39045],[-97.89312,30.39027],[-97.89289,30.39012],[-97.89258,30.38993],[-97.89162,30.38934],[-97.8913,30.38961],[-97.89099,30.38933],[-97.89091,30.38925],[-97.89089,30.38926],[-97.89076,30.38937],[-97.88999,30.39004],[-97.8893,30.39068],[-97.88893,30.39103],[-97.88841,30.39207],[-97.88808,30.39265],[-97.8877,30.393],[-97.88703,30.39337],[-97.88631,30.39328],[-97.88549,30.39299],[-97.88511,30.39267],[-97.88489,30.39229],[-97.88475,30.39184],[-97.88458,30.39121],[-97.88458,30.39111],[-97.88458,30.39104],[-97.88458,30.39089],[-97.88474,30.39058],[-97.8848,30.39044],[-97.88421,30.39022],[-97.88363,30.38999],[-97.88321,30.38989],[-97.88291,30.38985],[-97.88226,30.38979],[-97.88236,30.38961],[-97.88238,30.38934],[-97.88243,30.3883],[-97.88243,30.38816],[-97.88234,30.38801],[-97.88225,30.38814],[-97.88201,30.3885],[-97.88178,30.38853],[-97.88172,30.38854],[-97.88091,30.38865],[-97.88084,30.38866],[-97.88069,30.38869],[-97.88048,30.38875],[-97.88041,30.38877],[-97.88034,30.38879],[-97.88027,30.38881],[-97.8802,30.38883],[-97.88013,30.38885],[-97.88006,30.38888],[-97.87992,30.38893],[-97.87985,30.38896],[-97.87979,30.38899],[-97.87972,30.38902],[-97.87966,30.38905],[-97.87959,30.38908],[-97.87953,30.38911],[-97.8794,30.38918],[-97.87934,30.38922],[-97.87928,30.38926],[-97.87916,30.38933],[-97.87904,30.38941],[-97.87898,30.38945],[-97.87893,30.38949],[-97.87639,30.39114],[-97.87151,30.39242],[-97.87062,30.39265],[-97.86953,30.39294],[-97.86928,30.39298],[-97.86718,30.39343],[-97.867,30.39347],[-97.8666,30.39355],[-97.86313,30.39428],[-97.86344,30.39379],[-97.86432,30.3924],[-97.86653,30.38896],[-97.86719,30.38793],[-97.86801,30.38664],[-97.86865,30.38562],[-97.8716,30.38098],[-97.87171,30.38078],[-97.87225,30.37995],[-97.87241,30.37971],[-97.87334,30.37824],[-97.87482,30.37592],[-97.87501,30.37601],[-97.87503,30.37602],[-97.87512,30.37588],[-97.87517,30.37581],[-97.87521,30.37576],[-97.87529,30.37564],[-97.87532,30.37559],[-97.87589,30.37474],[-97.87646,30.37387],[-97.87648,30.37384],[-97.8768,30.37336],[-97.87764,30.37208],[-97.87777,30.37189],[-97.8778,30.37183],[-97.87783,30.3718],[-97.87789,30.37171],[-97.87792,30.37165],[-97.87827,30.37112],[-97.87878,30.37035],[-97.87881,30.3703],[-97.87883,30.37027],[-97.88073,30.36739],[-97.88131,30.3665],[-97.88134,30.36647],[-97.88293,30.36405],[-97.88297,30.36398],[-97.88305,30.36387],[-97.8831,30.36379],[-97.88312,30.36376],[-97.88313,30.36374],[-97.88375,30.3628],[-97.88405,30.36235],[-97.88402,30.36234],[-97.88136,30.36103],[-97.88072,30.36071],[-97.88004,30.36038],[-97.87943,30.36008],[-97.87959,30.35984],[-97.87976,30.35956],[-97.87988,30.35938],[-97.88207,30.35592],[-97.8821,30.35592],[-97.88218,30.35593],[-97.88244,30.35604],[-97.88273,30.35617],[-97.88288,30.35601],[-97.88301,30.35586],[-97.88314,30.35567],[-97.88393,30.35448],[-97.88476,30.35319],[-97.88512,30.35264],[-97.88532,30.35235],[-97.88607,30.35122],[-97.8892,30.3465],[-97.8896,30.34663],[-97.88988,30.34667],[-97.89019,30.34665],[-97.89027,30.34663],[-97.89048,30.34658],[-97.89079,30.34644],[-97.89103,30.34629],[-97.89115,30.34618],[-97.89143,30.3458],[-97.8915,30.34557],[-97.89157,30.34533],[-97.89159,30.34524],[-97.89161,30.34515],[-97.89162,30.34483],[-97.89239,30.34464],[-97.89258,30.34457],[-97.89329,30.34437],[-97.89358,30.34429],[-97.89382,30.34422],[-97.89405,30.34415],[-97.89431,30.34408],[-97.89446,30.34404],[-97.89455,30.34402],[-97.89479,30.34397],[-97.89563,30.34379],[-97.89678,30.34348],[-97.89694,30.34344],[-97.89707,30.34341],[-97.89724,30.34357],[-97.89742,30.34373],[-97.89741,30.34388],[-97.89741,30.34403],[-97.89747,30.3443],[-97.89754,30.34451],[-97.8976,30.34458],[-97.89774,30.34476],[-97.89788,30.34489],[-97.89809,30.34505],[-97.89828,30.34516],[-97.89849,30.34523],[-97.89874,30.34528],[-97.899,30.34529],[-97.89909,30.34529],[-97.89924,30.34528],[-97.89949,30.34523],[-97.89976,30.34514],[-97.90003,30.34502],[-97.90025,30.34486],[-97.90036,30.34474],[-97.90044,30.34466],[-97.90048,30.34461],[-97.90074,30.34457],[-97.90099,30.34446],[-97.90125,30.34432],[-97.90164,30.3439],[-97.90174,30.34373],[-97.90178,30.34364],[-97.90188,30.3433],[-97.90186,30.34305],[-97.90179,30.34279],[-97.90171,30.34261],[-97.90158,30.34243],[-97.90145,30.34229],[-97.90126,30.34212],[-97.90111,30.3419],[-97.901,30.34178],[-97.90093,30.34171],[-97.90305,30.34029],[-97.90314,30.34029],[-97.9032,30.34028],[-97.90337,30.34028],[-97.90367,30.34021],[-97.90385,30.34013],[-97.90394,30.34009],[-97.90419,30.33993],[-97.90429,30.33983],[-97.90439,30.33974],[-97.90456,30.3395],[-97.90464,30.33924],[-97.9047,30.33888],[-97.90518,30.33842],[-97.90635,30.33774],[-97.90653,30.33762],[-97.90697,30.33734],[-97.9072,30.33674],[-97.90817,30.33622],[-97.90851,30.33592],[-97.90924,30.33601],[-97.90954,30.33605],[-97.91007,30.33611],[-97.91053,30.33617],[-97.91073,30.33703],[-97.91077,30.33721],[-97.91077,30.33723],[-97.91094,30.33725],[-97.91174,30.33718],[-97.91229,30.33701],[-97.91326,30.33671],[-97.91356,30.33662],[-97.91415,30.33682],[-97.9146,30.33716],[-97.91489,30.33737],[-97.91581,30.33788],[-97.9174,30.33801],[-97.91916,30.33806],[-97.92007,30.33824],[-97.92011,30.33826],[-97.92005,30.33812],[-97.92003,30.33801],[-97.92003,30.33796],[-97.92008,30.33797],[-97.92461,30.33889],[-97.92732,30.34041]]],[[[-97.56958,30.27984],[-97.56862,30.27939],[-97.56843,30.2793],[-97.56803,30.2791],[-97.56768,30.27894],[-97.5667,30.27847],[-97.56587,30.27807],[-97.56506,30.27769],[-97.56461,30.27747],[-97.56437,30.27736],[-97.56369,30.27703],[-97.56328,30.27684],[-97.56278,30.27661],[-97.56019,30.27546],[-97.56004,30.27539],[-97.56,30.27537],[-97.55891,30.27486],[-97.55885,30.27483],[-97.55883,30.27482],[-97.55876,30.27479],[-97.55874,30.27478],[-97.55942,30.27365],[-97.55999,30.27271],[-97.56005,30.27262],[-97.55995,30.27252],[-97.5598,30.27231],[-97.55967,30.27232],[-97.55963,30.27234],[-97.5595,30.2726],[-97.55945,30.27266],[-97.55937,30.2727],[-97.55917,30.27269],[-97.55899,30.27263],[-97.55891,30.27258],[-97.55885,30.27253],[-97.55882,30.27247],[-97.55881,30.27246],[-97.55882,30.27242],[-97.55882,30.27231],[-97.55875,30.27226],[-97.55874,30.27224],[-97.55873,30.27223],[-97.55873,30.27223],[-97.55872,30.27222],[-97.55871,30.27221],[-97.55871,30.2722],[-97.5587,30.27218],[-97.5587,30.27217],[-97.55869,30.27216],[-97.55869,30.27214],[-97.55869,30.27213],[-97.55869,30.27212],[-97.55869,30.27209],[-97.55871,30.27203],[-97.55873,30.27201],[-97.5588,30.27195],[-97.55887,30.27188],[-97.55893,30.27179],[-97.55896,30.27174],[-97.55898,30.27153],[-97.55898,30.27152],[-97.55902,30.27144],[-97.55907,30.27136],[-97.5591,30.27133],[-97.55912,30.27131],[-97.55924,30.27127],[-97.55928,30.27125],[-97.5593,30.27123],[-97.55931,30.27122],[-97.55932,30.27122],[-97.55934,30.2712],[-97.55934,30.27113],[-97.55931,30.27111],[-97.55925,30.27109],[-97.55905,30.27109],[-97.55869,30.27109],[-97.55868,30.27109],[-97.55849,30.2711],[-97.55839,30.27108],[-97.55829,30.27105],[-97.55826,30.27099],[-97.55825,30.2708],[-97.55826,30.27076],[-97.55826,30.27075],[-97.55826,30.2707],[-97.55825,30.27066],[-97.55818,30.27056],[-97.55819,30.27051],[-97.5582,30.27027],[-97.55814,30.27027],[-97.55812,30.27027],[-97.55804,30.27027],[-97.55798,30.27025],[-97.55792,30.27022],[-97.55786,30.27015],[-97.55778,30.27001],[-97.55778,30.26999],[-97.55778,30.26995],[-97.55777,30.2699],[-97.55777,30.26986],[-97.55773,30.2698],[-97.55771,30.26977],[-97.55783,30.26953],[-97.55753,30.26931],[-97.55749,30.26926],[-97.55746,30.2692],[-97.5574,30.26911],[-97.55731,30.26881],[-97.5567,30.26863],[-97.55634,30.26893],[-97.55622,30.26888],[-97.55615,30.26871],[-97.55623,30.26841],[-97.55613,30.26825],[-97.55612,30.26803],[-97.55601,30.26795],[-97.55585,30.26787],[-97.55586,30.26786],[-97.55587,30.26784],[-97.55584,30.26783],[-97.55579,30.26781],[-97.5557,30.26777],[-97.55566,30.26776],[-97.55555,30.26774],[-97.55547,30.26773],[-97.55525,30.26771],[-97.55519,30.2677],[-97.55515,30.26767],[-97.55508,30.26761],[-97.55504,30.2676],[-97.555,30.2676],[-97.55491,30.26761],[-97.55474,30.26757],[-97.55463,30.26742],[-97.5546,30.26728],[-97.55457,30.26703],[-97.55456,30.26697],[-97.55453,30.26694],[-97.55448,30.26689],[-97.55437,30.26682],[-97.55412,30.2667],[-97.55401,30.26663],[-97.55381,30.26649],[-97.55367,30.26637],[-97.55359,30.26631],[-97.55344,30.26623],[-97.55328,30.26616],[-97.55321,30.26614],[-97.55296,30.26607],[-97.5527,30.26598],[-97.55261,30.26594],[-97.55247,30.26585],[-97.55242,30.2658],[-97.55239,30.26575],[-97.55238,30.26571],[-97.55239,30.2656],[-97.55243,30.26551],[-97.55246,30.26546],[-97.55254,30.26538],[-97.55256,30.26536],[-97.55264,30.26532],[-97.55267,30.26528],[-97.55267,30.26526],[-97.55266,30.26522],[-97.55259,30.26507],[-97.55259,30.26504],[-97.5526,30.26501],[-97.55265,30.26496],[-97.5527,30.26492],[-97.5528,30.26488],[-97.55285,30.26486],[-97.55293,30.26485],[-97.55296,30.26484],[-97.55299,30.26481],[-97.55301,30.26476],[-97.55302,30.26471],[-97.553,30.26456],[-97.55301,30.26441],[-97.55303,30.26431],[-97.55307,30.26423],[-97.55312,30.26416],[-97.55321,30.2641],[-97.55332,30.26402],[-97.55337,30.26397],[-97.55367,30.26364],[-97.55369,30.26359],[-97.55364,30.2635],[-97.55363,30.26339],[-97.55364,30.26326],[-97.5536,30.2632],[-97.55355,30.26315],[-97.55353,30.26315],[-97.55342,30.26313],[-97.55337,30.26311],[-97.5533,30.26308],[-97.55325,30.26303],[-97.55323,30.263],[-97.55319,30.26291],[-97.55316,30.26288],[-97.55296,30.26269],[-97.5529,30.26263],[-97.55287,30.26257],[-97.55285,30.26249],[-97.55284,30.26239],[-97.55281,30.26227],[-97.55276,30.26216],[-97.55275,30.26215],[-97.55272,30.26214],[-97.55267,30.26213],[-97.5526,30.26214],[-97.55244,30.26218],[-97.55233,30.26219],[-97.55218,30.26219],[-97.55208,30.26217],[-97.55198,30.26214],[-97.55185,30.2621],[-97.55179,30.26219],[-97.5497,30.26545],[-97.54799,30.2681],[-97.54736,30.26913],[-97.54715,30.26966],[-97.54706,30.2699],[-97.54599,30.27163],[-97.54529,30.27277],[-97.54452,30.27402],[-97.54259,30.27714],[-97.54255,30.27721],[-97.54236,30.2775],[-97.54175,30.27845],[-97.5416,30.2787],[-97.53631,30.27624],[-97.53531,30.27577],[-97.53464,30.27546],[-97.53454,30.27541],[-97.53417,30.27524],[-97.53358,30.27497],[-97.53191,30.27419],[-97.53074,30.27365],[-97.53054,30.27355],[-97.5289,30.27274],[-97.52832,30.27365],[-97.52798,30.27416],[-97.53098,30.27561],[-97.5299,30.27743],[-97.52759,30.28132],[-97.53051,30.28273],[-97.53411,30.28447],[-97.53596,30.28537],[-97.53641,30.28559],[-97.53702,30.28589],[-97.53728,30.28551],[-97.53754,30.28511],[-97.53761,30.28515],[-97.53784,30.28526],[-97.53806,30.28537],[-97.53831,30.2855],[-97.54194,30.28735],[-97.54197,30.28737],[-97.54202,30.2874],[-97.54316,30.28578],[-97.54435,30.28637],[-97.54514,30.28676],[-97.54831,30.28832],[-97.54893,30.28863],[-97.54823,30.28969],[-97.54749,30.29079],[-97.54727,30.29112],[-97.54629,30.29262],[-97.5449,30.29475],[-97.54422,30.29579],[-97.54435,30.29585],[-97.54854,30.29789],[-97.54977,30.29848],[-97.55021,30.29868],[-97.55034,30.29874],[-97.55039,30.29876],[-97.55192,30.29949],[-97.5576,30.30216],[-97.55808,30.30238],[-97.56018,30.30337],[-97.56041,30.30299],[-97.56066,30.30257],[-97.56334,30.30385],[-97.56453,30.30442],[-97.56467,30.30448],[-97.56492,30.30292],[-97.56501,30.30256],[-97.56514,30.30222],[-97.56527,30.3019],[-97.56537,30.30167],[-97.56541,30.30158],[-97.56544,30.30152],[-97.56556,30.3013],[-97.56583,30.30085],[-97.56615,30.30038],[-97.56648,30.29998],[-97.56718,30.29887],[-97.56766,30.29815],[-97.56757,30.29796],[-97.56712,30.29712],[-97.56553,30.29417],[-97.56578,30.29375],[-97.56589,30.29357],[-97.5671,30.29172],[-97.56841,30.28973],[-97.56438,30.28779],[-97.56455,30.28752],[-97.56506,30.28676],[-97.56562,30.28589],[-97.56597,30.28536],[-97.56601,30.28531],[-97.56647,30.2846],[-97.56681,30.28407],[-97.56696,30.28384],[-97.56768,30.28276],[-97.56828,30.28184],[-97.56918,30.28047],[-97.56958,30.27984]],[[-97.53976,30.28229],[-97.5396,30.28253],[-97.53929,30.28236],[-97.53945,30.28212],[-97.53976,30.28229]]],[[[-97.59957,30.15786],[-97.59896,30.15755],[-97.59697,30.15654],[-97.59672,30.15641],[-97.59279,30.15465],[-97.59427,30.15234],[-97.59895,30.14505],[-97.59762,30.14441],[-97.59652,30.14388],[-97.59619,30.14371],[-97.59436,30.14283],[-97.59333,30.14235],[-97.59295,30.14296],[-97.59278,30.14323],[-97.59255,30.14359],[-97.59225,30.14405],[-97.59158,30.14509],[-97.59097,30.14605],[-97.59041,30.14692],[-97.59002,30.14753],[-97.5882,30.15038],[-97.58749,30.15149],[-97.58705,30.15218],[-97.58673,30.15202],[-97.58623,30.15177],[-97.58395,30.15061],[-97.58277,30.15002],[-97.58048,30.14889],[-97.57899,30.14818],[-97.57808,30.14734],[-97.57801,30.14728],[-97.57702,30.14651],[-97.57677,30.14632],[-97.57538,30.1457],[-97.57493,30.1455],[-97.57305,30.14468],[-97.57136,30.1439],[-97.57114,30.14375],[-97.57089,30.14358],[-97.56902,30.14236],[-97.56842,30.14197],[-97.56826,30.14178],[-97.568,30.14146],[-97.56748,30.14088],[-97.56659,30.14222],[-97.56649,30.14239],[-97.56605,30.14314],[-97.56581,30.14356],[-97.56121,30.15094],[-97.5596,30.15347],[-97.55788,30.1562],[-97.55744,30.15687],[-97.55756,30.15692],[-97.56365,30.15973],[-97.56428,30.16002],[-97.56614,30.16089],[-97.56676,30.16117],[-97.57092,30.1631],[-97.57134,30.16329],[-97.57166,30.16343],[-97.57174,30.16348],[-97.57155,30.16374],[-97.57137,30.16401],[-97.57131,30.16406],[-97.57123,30.16415],[-97.57108,30.16436],[-97.57093,30.16462],[-97.57078,30.16486],[-97.57064,30.16505],[-97.57007,30.16587],[-97.57079,30.16614],[-97.57144,30.16597],[-97.57128,30.16544],[-97.57334,30.16522],[-97.57568,30.16384],[-97.57624,30.16362],[-97.57664,30.16348],[-97.57695,30.16347],[-97.57766,30.16332],[-97.57776,30.1633],[-97.57778,30.16332],[-97.57723,30.16419],[-97.57788,30.16464],[-97.57812,30.16482],[-97.57845,30.16506],[-97.57891,30.16538],[-97.57951,30.1657],[-97.57975,30.16582],[-97.5802,30.16603],[-97.58222,30.16673],[-97.58242,30.16641],[-97.58245,30.16656],[-97.58299,30.16677],[-97.58319,30.1668],[-97.58325,30.16685],[-97.58384,30.16695],[-97.58401,30.16703],[-97.58444,30.16697],[-97.58516,30.16656],[-97.58546,30.166],[-97.58548,30.16596],[-97.58559,30.16576],[-97.58577,30.16552],[-97.58567,30.16533],[-97.58568,30.16531],[-97.58568,30.1653],[-97.58564,30.16518],[-97.58565,30.16497],[-97.58565,30.16488],[-97.58565,30.16486],[-97.5857,30.16476],[-97.58593,30.16465],[-97.58603,30.16439],[-97.58602,30.16435],[-97.58602,30.16433],[-97.58601,30.16425],[-97.58597,30.16413],[-97.58597,30.16411],[-97.58599,30.16408],[-97.58627,30.16388],[-97.58613,30.16364],[-97.58613,30.16356],[-97.58612,30.16352],[-97.58612,30.16348],[-97.58614,30.16344],[-97.5862,30.16334],[-97.58623,30.1633],[-97.58625,30.16326],[-97.58625,30.16317],[-97.58626,30.16312],[-97.58645,30.16285],[-97.58673,30.16272],[-97.58694,30.16274],[-97.58704,30.16261],[-97.58725,30.16254],[-97.58751,30.16254],[-97.58817,30.16263],[-97.58841,30.16277],[-97.58859,30.16275],[-97.58872,30.1627],[-97.58876,30.16269],[-97.58878,30.16268],[-97.5888,30.16265],[-97.58889,30.16243],[-97.58891,30.16238],[-97.58892,30.16227],[-97.589,30.16223],[-97.58939,30.16238],[-97.58967,30.16236],[-97.5899,30.1623],[-97.59,30.1622],[-97.59005,30.16214],[-97.59008,30.16213],[-97.59012,30.16211],[-97.59018,30.16213],[-97.59024,30.16214],[-97.59066,30.16224],[-97.59083,30.16221],[-97.59121,30.16224],[-97.59152,30.16212],[-97.59163,30.16215],[-97.59233,30.162],[-97.59263,30.16201],[-97.5932,30.16212],[-97.59362,30.16228],[-97.59322,30.16294],[-97.59299,30.16331],[-97.59464,30.16408],[-97.59593,30.16468],[-97.59666,30.16348],[-97.5974,30.16229],[-97.59741,30.16226],[-97.59822,30.16063],[-97.5985,30.16006],[-97.59948,30.15806],[-97.59957,30.15786]]],[[[-97.80307,30.09473],[-97.80292,30.09426],[-97.80283,30.09393],[-97.80277,30.09358],[-97.80272,30.09319],[-97.80269,30.09276],[-97.80267,30.09212],[-97.80266,30.09192],[-97.80264,30.09114],[-97.80264,30.09105],[-97.80265,30.08987],[-97.80262,30.08768],[-97.801,30.08713],[-97.80039,30.08705],[-97.7995,30.08692],[-97.79913,30.08681],[-97.79862,30.08666],[-97.79804,30.08652],[-97.79753,30.08641],[-97.79692,30.0863],[-97.79628,30.08617],[-97.79581,30.08611],[-97.79575,30.08611],[-97.79515,30.08606],[-97.79475,30.08603],[-97.79471,30.08601],[-97.79469,30.08599],[-97.79468,30.08596],[-97.79467,30.08594],[-97.79444,30.08601],[-97.79443,30.08604],[-97.79441,30.08605],[-97.79439,30.08606],[-97.79435,30.08606],[-97.79391,30.08605],[-97.79336,30.08606],[-97.793,30.08608],[-97.79232,30.08613],[-97.79165,30.0862],[-97.79105,30.08628],[-97.79029,30.08642],[-97.78929,30.08665],[-97.78887,30.08674],[-97.78923,30.08135],[-97.78936,30.07949],[-97.7888,30.07854],[-97.78772,30.07667],[-97.78758,30.07558],[-97.78638,30.07583],[-97.78446,30.07791],[-97.78384,30.07858],[-97.78345,30.07901],[-97.78153,30.08112],[-97.78165,30.08666],[-97.78177,30.09124],[-97.78181,30.09273],[-97.78286,30.09321],[-97.78753,30.09311],[-97.79114,30.09302],[-97.79136,30.09308],[-97.79163,30.09327],[-97.79198,30.09381],[-97.79248,30.09457],[-97.79275,30.09473],[-97.79307,30.09482],[-97.7934,30.09482],[-97.80307,30.09473]]],[[[-97.85613,30.27819],[-97.85568,30.27783],[-97.85535,30.27755],[-97.85495,30.27727],[-97.85475,30.27679],[-97.85477,30.27635],[-97.85478,30.27604],[-97.85479,30.27574],[-97.8548,30.27541],[-97.85481,30.27534],[-97.85432,30.27461],[-97.85416,30.27439],[-97.85372,30.27362],[-97.85371,30.27352],[-97.85366,30.27327],[-97.85352,30.27246],[-97.8535,30.27247],[-97.85257,30.27216],[-97.85182,30.27165],[-97.85061,30.27171],[-97.84974,30.27192],[-97.84898,30.27237],[-97.84809,30.27364],[-97.84782,30.27403],[-97.84685,30.27428],[-97.84599,30.27404],[-97.84545,30.27324],[-97.84517,30.27355],[-97.84509,30.2736],[-97.84452,30.27398],[-97.84456,30.27403],[-97.84466,30.27419],[-97.84498,30.27471],[-97.84592,30.27627],[-97.84608,30.27653],[-97.84612,30.27675],[-97.84618,30.27714],[-97.84626,30.27768],[-97.8463,30.27797],[-97.84634,30.27823],[-97.84638,30.27851],[-97.8464,30.27865],[-97.84656,30.27889],[-97.84674,30.27917],[-97.84692,30.27943],[-97.84711,30.27972],[-97.84719,30.27985],[-97.84727,30.27997],[-97.84735,30.28009],[-97.84742,30.28021],[-97.8475,30.28033],[-97.84753,30.28038],[-97.84763,30.28049],[-97.84779,30.28066],[-97.84797,30.28085],[-97.84818,30.28109],[-97.84835,30.28128],[-97.84869,30.28164],[-97.84884,30.28153],[-97.84906,30.28138],[-97.84988,30.28223],[-97.85023,30.28238],[-97.85014,30.2833],[-97.85014,30.28334],[-97.85008,30.28427],[-97.84753,30.28603],[-97.84718,30.28627],[-97.84785,30.2872],[-97.84791,30.28729],[-97.84865,30.28677],[-97.84919,30.28646],[-97.84931,30.28639],[-97.85067,30.28561],[-97.85096,30.28531],[-97.8511,30.28517],[-97.85184,30.28441],[-97.85185,30.28438],[-97.85202,30.28422],[-97.8521,30.2841],[-97.85213,30.28401],[-97.85228,30.28369],[-97.85241,30.28338],[-97.85241,30.28334],[-97.85246,30.28306],[-97.85254,30.28292],[-97.85254,30.28266],[-97.85249,30.28228],[-97.85242,30.28205],[-97.85238,30.28191],[-97.85237,30.2819],[-97.85227,30.28185],[-97.85202,30.28177],[-97.85183,30.28166],[-97.85159,30.28124],[-97.8514,30.28094],[-97.85125,30.28078],[-97.85112,30.28064],[-97.85079,30.28037],[-97.85021,30.27995],[-97.84999,30.27977],[-97.84978,30.27949],[-97.84973,30.27944],[-97.84965,30.2794],[-97.84954,30.27935],[-97.84934,30.2793],[-97.84929,30.2793],[-97.84927,30.27932],[-97.84925,30.27935],[-97.84921,30.27937],[-97.84915,30.27939],[-97.8491,30.27941],[-97.84906,30.27941],[-97.84903,30.2794],[-97.84894,30.27937],[-97.84886,30.27934],[-97.84874,30.27924],[-97.84871,30.27921],[-97.84867,30.27919],[-97.84864,30.27918],[-97.84861,30.27918],[-97.8483,30.2779],[-97.84879,30.27717],[-97.85111,30.27751],[-97.85346,30.27754],[-97.85362,30.27779],[-97.85383,30.2777],[-97.8541,30.27759],[-97.8548,30.27833],[-97.85521,30.2785],[-97.85568,30.27855],[-97.856,30.27858],[-97.85605,30.27856],[-97.85613,30.27819]]],[[[-97.69431,30.4633],[-97.69412,30.46323],[-97.69378,30.46307],[-97.69366,30.46301],[-97.69284,30.4626],[-97.69246,30.46243],[-97.69176,30.46208],[-97.69214,30.4615],[-97.69221,30.46139],[-97.69172,30.46114],[-97.69151,30.46103],[-97.69115,30.46085],[-97.6905,30.46052],[-97.69028,30.46041],[-97.69026,30.46045],[-97.69014,30.46064],[-97.68992,30.461],[-97.68979,30.46119],[-97.68948,30.46105],[-97.68931,30.46132],[-97.68952,30.46142],[-97.68964,30.46148],[-97.68945,30.4618],[-97.68948,30.46181],[-97.68964,30.46189],[-97.68982,30.46198],[-97.68999,30.46206],[-97.69017,30.46214],[-97.69047,30.46228],[-97.69059,30.46233],[-97.69075,30.46241],[-97.69095,30.46251],[-97.69153,30.46278],[-97.69173,30.46287],[-97.69181,30.46291],[-97.69189,30.46295],[-97.69272,30.46334],[-97.69313,30.46353],[-97.69342,30.46367],[-97.69362,30.46376],[-97.69375,30.46382],[-97.69374,30.46367],[-97.69403,30.46377],[-97.69422,30.46383],[-97.69431,30.4633]]],[[[-97.87958,30.3966],[-97.87949,30.39633],[-97.87936,30.39595],[-97.87932,30.39584],[-97.87902,30.39498],[-97.87888,30.39457],[-97.87883,30.39447],[-97.87881,30.39446],[-97.87874,30.39441],[-97.87864,30.39435],[-97.87857,30.39433],[-97.8785,30.39434],[-97.87841,30.39441],[-97.87832,30.39455],[-97.87825,30.39468],[-97.8782,30.39477],[-97.87818,30.39478],[-97.87817,30.39479],[-97.87811,30.39484],[-97.87801,30.39488],[-97.87796,30.39489],[-97.8779,30.3949],[-97.87783,30.39489],[-97.87775,30.39488],[-97.87768,30.39486],[-97.87751,30.39475],[-97.87743,30.39468],[-97.87705,30.39426],[-97.87698,30.3942],[-97.87693,30.39417],[-97.87687,30.39417],[-97.87683,30.39419],[-97.87681,30.39423],[-97.8768,30.39427],[-97.87688,30.39468],[-97.87691,30.39487],[-97.87694,30.39502],[-97.87696,30.39514],[-97.87694,30.39532],[-97.8769,30.39539],[-97.877,30.39558],[-97.87721,30.396],[-97.87751,30.39659],[-97.87762,30.39657],[-97.87778,30.3966],[-97.87805,30.39673],[-97.87821,30.39677],[-97.87832,30.39673],[-97.87842,30.39665],[-97.87862,30.3965],[-97.87872,30.39648],[-97.87886,30.39648],[-97.87958,30.3966]]],[[[-97.8416,30.27616],[-97.84158,30.27611],[-97.84144,30.27567],[-97.84138,30.27547],[-97.84132,30.2753],[-97.84129,30.27521],[-97.84128,30.27517],[-97.84124,30.27505],[-97.84117,30.27482],[-97.84114,30.27472],[-97.8408,30.27504],[-97.84076,30.27507],[-97.84039,30.2754],[-97.84038,30.27541],[-97.84003,30.27562],[-97.83962,30.27611],[-97.8397,30.27645],[-97.83973,30.27662],[-97.83977,30.27679],[-97.83966,30.27683],[-97.83939,30.27693],[-97.83925,30.27714],[-97.83924,30.27717],[-97.83921,30.27721],[-97.8391,30.27738],[-97.83898,30.27756],[-97.83895,30.27761],[-97.83882,30.27782],[-97.83867,30.27804],[-97.8385,30.2783],[-97.83848,30.27839],[-97.83857,30.27846],[-97.83871,30.27856],[-97.83886,30.27866],[-97.83911,30.27822],[-97.83923,30.27801],[-97.83936,30.27778],[-97.84017,30.27722],[-97.84019,30.2772],[-97.84028,30.27707],[-97.84035,30.27698],[-97.84038,30.27694],[-97.84053,30.27672],[-97.84055,30.27669],[-97.84055,30.27667],[-97.84055,30.27665],[-97.8406,30.27662],[-97.84063,30.27661],[-97.84088,30.27647],[-97.84111,30.27634],[-97.84113,30.27633],[-97.84125,30.27627],[-97.84143,30.27619],[-97.84146,30.27617],[-97.84147,30.27617],[-97.84149,30.27617],[-97.84151,30.27616],[-97.84153,30.27616],[-97.84156,30.27616],[-97.8416,30.27616]]],[[[-97.88098,30.39746],[-97.88102,30.39709],[-97.88092,30.39685],[-97.88074,30.39677],[-97.87958,30.3966],[-97.8796,30.39665],[-97.87964,30.39677],[-97.87996,30.39772],[-97.88006,30.398],[-97.88071,30.39776],[-97.88088,30.39761],[-97.88098,30.39746]]],[[[-97.86486,30.36243],[-97.86461,30.36168],[-97.86364,30.36189],[-97.86397,30.36292],[-97.86435,30.36282],[-97.86471,30.36255],[-97.86486,30.36243]]],[[[-97.86128,30.37603],[-97.86121,30.37565],[-97.86098,30.37552],[-97.86068,30.37564],[-97.86041,30.37596],[-97.86101,30.37634],[-97.86128,30.37603]]],[[[-97.86404,30.3598],[-97.86401,30.35978],[-97.86398,30.35977],[-97.86393,30.35975],[-97.86353,30.3597],[-97.86335,30.36004],[-97.86336,30.36025],[-97.86372,30.3604],[-97.86404,30.3598]]],[[[-97.83389,30.28351],[-97.83338,30.28331],[-97.83328,30.2835],[-97.83353,30.28359],[-97.8338,30.28369],[-97.83389,30.28351]]],[[[-97.86456,30.35866],[-97.86436,30.35854],[-97.86426,30.35867],[-97.86428,30.3588],[-97.8644,30.35886],[-97.86456,30.35866]]]]},"properties":{"GEOID":"4805000","BASENAME":"Austin","NAME":"Austin city","STATE":"48","PLACE":"05000","AREALAND":"841779260","AREAWATER":"16983138","LSADC":"25","FUNCSTAT":"A"}}]}