{"type":"FeatureCollection","features":[{"type":"Feature","geometry":{"type":"Polygon","coordinates":[[[-87.9401,42.00079],[-87.94009,42.00069],[-87.94008,42.00015],[-87.94008,41.99997],[-87.94007,41.99973],[-87.94007,41.99968],[-87.94006,41.9995],[-87.94005,41.99882],[-87.94004,41.99859],[-87.94004,41.9985],[-87.94003,41.99822],[-87.94003,41.99813],[-87.93875,41.99823],[-87.93751,41.99833],[-87.93743,41.99743],[-87.93742,41.99722],[-87.93747,41.99713],[-87.93776,41.99652],[-87.93799,41.99598],[-87.93833,41.9953],[-87.93865,41.99454],[-87.93884,41.99401],[-87.93897,41.99352],[-87.93995,41.99348],[-87.93984,41.98752],[-87.93983,41.98693],[-87.93983,41.98673],[-87.93983,41.98668],[-87.93983,41.98666],[-87.9398,41.98515],[-87.9398,41.9851],[-87.93979,41.98453],[-87.93979,41.98435],[-87.93978,41.98381],[-87.93978,41.98378],[-87.93971,41.9774],[-87.93972,41.97697],[-87.93971,41.97679],[-87.9397,41.97594],[-87.93969,41.97348],[-87.93969,41.9733],[-87.93969,41.97208],[-87.93967,41.97182],[-87.93964,41.96927],[-87.93963,41.96908],[-87.93963,41.96903],[-87.93961,41.96733],[-87.93961,41.96729],[-87.93961,41.96674],[-87.93959,41.9652],[-87.93958,41.96477],[-87.93958,41.96463],[-87.93931,41.96463],[-87.93925,41.96463],[-87.93924,41.96216],[-87.93923,41.96089],[-87.93922,41.95952],[-87.93921,41.9593],[-87.93917,41.95905],[-87.93914,41.95888],[-87.93909,41.95871],[-87.939,41.95848],[-87.93906,41.95848],[-87.93962,41.95848],[-87.9396,41.9569],[-87.93961,41.95668],[-87.93825,41.95648],[-87.93705,41.9563],[-87.93617,41.95616],[-87.936,41.95614],[-87.93575,41.9561],[-87.9357,41.95609],[-87.93528,41.95603],[-87.93453,41.95591],[-87.93424,41.95587],[-87.93408,41.95585],[-87.93381,41.95581],[-87.93302,41.95569],[-87.9322,41.95556],[-87.93186,41.95551],[-87.93178,41.9555],[-87.93018,41.95526],[-87.92924,41.95511],[-87.92817,41.95495],[-87.92796,41.95492],[-87.92786,41.95491],[-87.9274,41.95484],[-87.9266,41.9547],[-87.92607,41.9546],[-87.92528,41.95446],[-87.92386,41.95416],[-87.92348,41.95407],[-87.92203,41.95371],[-87.92045,41.95332],[-87.9202,41.95326],[-87.9202,41.95331],[-87.9202,41.95334],[-87.92019,41.95372],[-87.92019,41.95403],[-87.92019,41.95472],[-87.92019,41.95522],[-87.92019,41.95562],[-87.92019,41.95612],[-87.92017,41.95805],[-87.92017,41.95817],[-87.92,41.95815],[-87.91885,41.95801],[-87.91823,41.95793],[-87.91811,41.95791],[-87.918,41.95789],[-87.91761,41.95783],[-87.9174,41.9578],[-87.9168,41.9577],[-87.91655,41.95765],[-87.91625,41.95757],[-87.91595,41.95748],[-87.91585,41.95745],[-87.91573,41.95741],[-87.91562,41.95737],[-87.91556,41.95735],[-87.9155,41.95732],[-87.91516,41.95719],[-87.91514,41.95718],[-87.91505,41.95714],[-87.91492,41.95708],[-87.9147,41.95696],[-87.91457,41.95688],[-87.91451,41.95685],[-87.91445,41.95681],[-87.91445,41.95618],[-87.91445,41.95428],[-87.91445,41.95365],[-87.91445,41.95354],[-87.91417,41.95346],[-87.91179,41.95282],[-87.9095,41.95219],[-87.90868,41.95196],[-87.90853,41.95192],[-87.90826,41.95185],[-87.90779,41.95175],[-87.90757,41.95171],[-87.90738,41.95167],[-87.90667,41.95155],[-87.90635,41.95149],[-87.90529,41.95134],[-87.90468,41.95126],[-87.90345,41.95113],[-87.90341,41.95113],[-87.90236,41.95105],[-87.90208,41.95104],[-87.90193,41.95103],[-87.9015,41.95101],[-87.90135,41.951],[-87.90051,41.95093],[-87.898,41.95071],[-87.89716,41.95064],[-87.8967,41.95064],[-87.89628,41.95065],[-87.89568,41.95066],[-87.89402,41.95069],[-87.89357,41.9507],[-87.89266,41.95071],[-87.89266,41.951],[-87.89267,41.95185],[-87.89266,41.95213],[-87.89278,41.95264],[-87.89313,41.95419],[-87.89323,41.95464],[-87.89325,41.95471],[-87.89323,41.95509],[-87.89321,41.95547],[-87.89319,41.95585],[-87.89309,41.95809],[-87.8919,41.95806],[-87.89076,41.95803],[-87.89058,41.95802],[-87.89046,41.95802],[-87.89039,41.95802],[-87.88982,41.95799],[-87.88956,41.95799],[-87.88926,41.95797],[-87.88919,41.95797],[-87.88898,41.95794],[-87.88891,41.95793],[-87.8885,41.95789],[-87.88727,41.95778],[-87.88686,41.95774],[-87.88635,41.9577],[-87.88481,41.95757],[-87.8843,41.95753],[-87.88408,41.95747],[-87.88403,41.95745],[-87.88358,41.95733],[-87.88345,41.95729],[-87.88324,41.95723],[-87.8827,41.95721],[-87.88109,41.95714],[-87.88056,41.95711],[-87.88058,41.95739],[-87.88063,41.95821],[-87.88065,41.95848],[-87.88066,41.95888],[-87.88071,41.96008],[-87.88073,41.96048],[-87.88074,41.96147],[-87.88075,41.96246],[-87.88075,41.96284],[-87.88075,41.96322],[-87.88075,41.96337],[-87.88078,41.96545],[-87.88078,41.96552],[-87.88081,41.96557],[-87.88082,41.96693],[-87.88084,41.969],[-87.88085,41.97104],[-87.88087,41.9724],[-87.88088,41.97307],[-87.88088,41.97308],[-87.87888,41.97303],[-87.87821,41.97302],[-87.87815,41.97302],[-87.87794,41.97303],[-87.87787,41.97304],[-87.87776,41.97305],[-87.87774,41.97305],[-87.87765,41.97306],[-87.87756,41.97306],[-87.87744,41.97307],[-87.87736,41.97308],[-87.87723,41.97309],[-87.87721,41.97309],[-87.87705,41.97309],[-87.87654,41.97307],[-87.87637,41.97307],[-87.87627,41.97307],[-87.87598,41.97307],[-87.87594,41.97307],[-87.87588,41.97307],[-87.87578,41.97307],[-87.87522,41.97307],[-87.87322,41.97306],[-87.87256,41.97306],[-87.87232,41.97306],[-87.87225,41.97306],[-87.87132,41.97309],[-87.87101,41.9731],[-87.87073,41.9731],[-87.86992,41.97312],[-87.86989,41.97312],[-87.86962,41.97313],[-87.86951,41.97314],[-87.86941,41.97314],[-87.86932,41.97315],[-87.86923,41.97315],[-87.86908,41.97316],[-87.86885,41.97317],[-87.86879,41.97317],[-87.86872,41.97317],[-87.86861,41.97317],[-87.86717,41.97319],[-87.86681,41.9732],[-87.86657,41.97321],[-87.86583,41.97322],[-87.86558,41.97323],[-87.86556,41.97323],[-87.86547,41.97323],[-87.86544,41.97323],[-87.86517,41.97324],[-87.86486,41.97324],[-87.86434,41.97326],[-87.86407,41.97327],[-87.86371,41.97327],[-87.86264,41.9733],[-87.86228,41.97331],[-87.86219,41.97332],[-87.86213,41.97333],[-87.86197,41.97335],[-87.86194,41.97335],[-87.86185,41.97336],[-87.86183,41.97329],[-87.86168,41.97302],[-87.86167,41.973],[-87.86166,41.97299],[-87.86144,41.97276],[-87.8612,41.97253],[-87.86116,41.97251],[-87.86109,41.97246],[-87.86092,41.97233],[-87.86076,41.97222],[-87.86056,41.9721],[-87.86042,41.97201],[-87.86037,41.97198],[-87.86006,41.97182],[-87.85953,41.97157],[-87.85935,41.97151],[-87.8593,41.97151],[-87.85921,41.97148],[-87.85902,41.97147],[-87.85878,41.97146],[-87.85869,41.97147],[-87.85836,41.97153],[-87.85817,41.97156],[-87.85808,41.97158],[-87.85802,41.9716],[-87.85799,41.97161],[-87.85781,41.97166],[-87.85764,41.97173],[-87.85737,41.97188],[-87.85707,41.97206],[-87.85683,41.97218],[-87.85661,41.97229],[-87.85632,41.97242],[-87.85627,41.97243],[-87.85604,41.97249],[-87.85576,41.97253],[-87.85556,41.97254],[-87.85552,41.97253],[-87.85542,41.97254],[-87.85537,41.97253],[-87.8552,41.97247],[-87.85503,41.97239],[-87.85489,41.9723],[-87.85467,41.97211],[-87.85438,41.97182],[-87.85434,41.97176],[-87.8543,41.9717],[-87.85421,41.97157],[-87.85416,41.97147],[-87.85415,41.97143],[-87.85412,41.97133],[-87.8541,41.97122],[-87.8541,41.97115],[-87.85411,41.97105],[-87.85412,41.97097],[-87.8542,41.97066],[-87.85422,41.97059],[-87.85423,41.97056],[-87.85426,41.97049],[-87.85449,41.97002],[-87.85486,41.96925],[-87.85499,41.96895],[-87.85504,41.96877],[-87.85506,41.96867],[-87.85507,41.96861],[-87.85511,41.96831],[-87.85512,41.96824],[-87.85512,41.96814],[-87.85512,41.9681],[-87.85504,41.96779],[-87.85489,41.9673],[-87.85483,41.96709],[-87.85478,41.9667],[-87.85477,41.96649],[-87.85478,41.96642],[-87.85484,41.96614],[-87.85487,41.96599],[-87.85504,41.96566],[-87.85525,41.96528],[-87.85526,41.96526],[-87.85545,41.96498],[-87.85556,41.96485],[-87.85565,41.96473],[-87.85569,41.96467],[-87.85571,41.96463],[-87.85572,41.9646],[-87.85576,41.9645],[-87.8558,41.96432],[-87.85578,41.96404],[-87.85563,41.96304],[-87.85564,41.96283],[-87.85568,41.96269],[-87.85569,41.96262],[-87.85571,41.9626],[-87.85581,41.96242],[-87.85588,41.96233],[-87.85598,41.96221],[-87.85613,41.96203],[-87.85624,41.96182],[-87.85627,41.96179],[-87.85633,41.96165],[-87.85637,41.96159],[-87.85646,41.96142],[-87.85648,41.96137],[-87.85662,41.96105],[-87.85682,41.96068],[-87.85705,41.96029],[-87.85716,41.9601],[-87.8572,41.96003],[-87.85728,41.9599],[-87.85745,41.95958],[-87.85763,41.95924],[-87.85772,41.95907],[-87.85802,41.95866],[-87.8581,41.95854],[-87.85827,41.95827],[-87.85833,41.95814],[-87.85846,41.95793],[-87.85868,41.95756],[-87.85873,41.9575],[-87.8588,41.95744],[-87.85885,41.95727],[-87.85887,41.9571],[-87.85888,41.95695],[-87.85886,41.95678],[-87.8588,41.95649],[-87.85865,41.95616],[-87.85851,41.95593],[-87.8584,41.95577],[-87.85839,41.95576],[-87.85822,41.95556],[-87.85817,41.9555],[-87.858,41.95537],[-87.85795,41.95534],[-87.85785,41.95535],[-87.85775,41.95535],[-87.85691,41.9554],[-87.85547,41.95547],[-87.85379,41.95555],[-87.85318,41.95559],[-87.85297,41.9556],[-87.85276,41.95561],[-87.84818,41.95573],[-87.84772,41.95575],[-87.84739,41.95576],[-87.84744,41.95521],[-87.84755,41.95389],[-87.84765,41.95269],[-87.84774,41.95193],[-87.84776,41.95168],[-87.84822,41.95165],[-87.85264,41.95141],[-87.85401,41.95133],[-87.85412,41.95133],[-87.85418,41.95118],[-87.85421,41.95112],[-87.85439,41.95071],[-87.85457,41.95026],[-87.85458,41.95024],[-87.85464,41.9501],[-87.85466,41.95007],[-87.85469,41.95],[-87.8548,41.94977],[-87.85483,41.9497],[-87.855,41.94936],[-87.85508,41.94916],[-87.85517,41.94881],[-87.85518,41.94878],[-87.85522,41.94853],[-87.85525,41.94828],[-87.85525,41.94821],[-87.85517,41.94793],[-87.85505,41.94774],[-87.85503,41.94771],[-87.85497,41.94757],[-87.85473,41.94702],[-87.85459,41.94672],[-87.85453,41.94659],[-87.8542,41.94599],[-87.85416,41.94589],[-87.85398,41.94556],[-87.85392,41.94542],[-87.85383,41.94522],[-87.85376,41.94509],[-87.85363,41.94478],[-87.85342,41.94419],[-87.85333,41.94399],[-87.85323,41.94366],[-87.85318,41.9435],[-87.85302,41.94307],[-87.85284,41.94257],[-87.85248,41.9418],[-87.85247,41.94177],[-87.85221,41.94111],[-87.85216,41.94098],[-87.8521,41.94073],[-87.85206,41.94052],[-87.85192,41.93953],[-87.85188,41.93942],[-87.85175,41.93919],[-87.85152,41.93884],[-87.8515,41.93881],[-87.85108,41.93842],[-87.85105,41.93839],[-87.85101,41.93837],[-87.85087,41.93828],[-87.85067,41.93816],[-87.85057,41.9381],[-87.85029,41.9379],[-87.85007,41.93776],[-87.84999,41.93772],[-87.84989,41.93764],[-87.84978,41.93753],[-87.84964,41.93734],[-87.84959,41.93729],[-87.84949,41.93729],[-87.8494,41.93729],[-87.84919,41.9373],[-87.84906,41.9373],[-87.84888,41.9373],[-87.84792,41.93732],[-87.84749,41.93733],[-87.84696,41.93734],[-87.84655,41.93735],[-87.84532,41.93737],[-87.84491,41.93738],[-87.84445,41.9374],[-87.84314,41.93741],[-87.84298,41.93742],[-87.84037,41.93747],[-87.83991,41.93748],[-87.83783,41.93752],[-87.83746,41.93753],[-87.83606,41.93756],[-87.83581,41.93756],[-87.83506,41.93758],[-87.83499,41.93758],[-87.83481,41.93758],[-87.83462,41.93757],[-87.83457,41.93757],[-87.83387,41.93759],[-87.83363,41.93759],[-87.83345,41.9376],[-87.83339,41.9376],[-87.83321,41.93762],[-87.83283,41.93763],[-87.83268,41.93763],[-87.83263,41.93763],[-87.83244,41.93763],[-87.83214,41.93764],[-87.83196,41.93764],[-87.83142,41.93765],[-87.83124,41.93765],[-87.83001,41.93768],[-87.82966,41.93769],[-87.82932,41.93769],[-87.82905,41.9377],[-87.82876,41.93771],[-87.82753,41.93773],[-87.82728,41.93773],[-87.82656,41.93775],[-87.82632,41.93775],[-87.82625,41.93775],[-87.82602,41.93775],[-87.82572,41.93776],[-87.82531,41.93776],[-87.82507,41.93777],[-87.82483,41.93777],[-87.82409,41.93779],[-87.82385,41.93779],[-87.8236,41.9378],[-87.82287,41.93781],[-87.82263,41.93782],[-87.82238,41.93782],[-87.82165,41.93783],[-87.82141,41.93784],[-87.82116,41.93784],[-87.82043,41.93786],[-87.82019,41.93787],[-87.81994,41.93787],[-87.81921,41.93788],[-87.81896,41.93789],[-87.81872,41.93789],[-87.81798,41.93791],[-87.81774,41.93791],[-87.81749,41.93792],[-87.81676,41.93793],[-87.81664,41.93793],[-87.81652,41.93794],[-87.81651,41.93772],[-87.8165,41.93758],[-87.8165,41.93751],[-87.81648,41.93682],[-87.81647,41.9365],[-87.81645,41.93614],[-87.81644,41.93577],[-87.8164,41.93468],[-87.81639,41.93431],[-87.81615,41.93432],[-87.81605,41.93432],[-87.81577,41.93433],[-87.81547,41.93433],[-87.81542,41.93433],[-87.81517,41.93434],[-87.81493,41.93434],[-87.81487,41.93434],[-87.81456,41.93435],[-87.81426,41.93436],[-87.8142,41.93436],[-87.81395,41.93436],[-87.81371,41.93437],[-87.81365,41.93437],[-87.81334,41.93438],[-87.81303,41.93438],[-87.81297,41.93438],[-87.81273,41.93439],[-87.81248,41.9344],[-87.81243,41.9344],[-87.81213,41.9344],[-87.81182,41.93441],[-87.81175,41.93441],[-87.81151,41.93442],[-87.81126,41.93442],[-87.8112,41.93442],[-87.8109,41.93443],[-87.81059,41.93443],[-87.81053,41.93444],[-87.81029,41.93444],[-87.81004,41.93445],[-87.80998,41.93445],[-87.80968,41.93445],[-87.80937,41.93446],[-87.80931,41.93446],[-87.80906,41.93447],[-87.80882,41.93447],[-87.80876,41.93447],[-87.80845,41.93448],[-87.80815,41.93449],[-87.80809,41.93449],[-87.80785,41.93449],[-87.8076,41.9345],[-87.80754,41.9345],[-87.80723,41.93451],[-87.80693,41.93451],[-87.80687,41.93451],[-87.80662,41.93451],[-87.80662,41.93438],[-87.80661,41.93401],[-87.80657,41.93293],[-87.80656,41.93256],[-87.80654,41.93221],[-87.80653,41.93188],[-87.80651,41.93121],[-87.80651,41.93116],[-87.8065,41.93101],[-87.80649,41.93081],[-87.80648,41.93052],[-87.80646,41.92995],[-87.80645,41.92963],[-87.80644,41.92934],[-87.80644,41.92926],[-87.80643,41.92902],[-87.80643,41.92894],[-87.80642,41.9287],[-87.8064,41.92799],[-87.80639,41.92775],[-87.80638,41.92763],[-87.80637,41.92726],[-87.80636,41.92713],[-87.80636,41.92695],[-87.80634,41.92641],[-87.80633,41.92623],[-87.80633,41.92605],[-87.80631,41.9255],[-87.8063,41.92532],[-87.80629,41.92506],[-87.80629,41.92492],[-87.80627,41.92452],[-87.80626,41.92426],[-87.80626,41.92401],[-87.80625,41.92388],[-87.80624,41.92359],[-87.80623,41.92349],[-87.80623,41.92346],[-87.80623,41.92336],[-87.80623,41.92332],[-87.80623,41.92331],[-87.80623,41.92328],[-87.80623,41.92315],[-87.80623,41.92309],[-87.80622,41.92293],[-87.80621,41.92245],[-87.8062,41.92229],[-87.8062,41.92218],[-87.80619,41.92183],[-87.80618,41.92172],[-87.80618,41.92159],[-87.80617,41.9212],[-87.80616,41.92107],[-87.80615,41.92083],[-87.80613,41.9201],[-87.80612,41.91986],[-87.80611,41.91949],[-87.80608,41.91839],[-87.80607,41.91802],[-87.80605,41.91766],[-87.80604,41.91734],[-87.80602,41.91665],[-87.80602,41.91655],[-87.80601,41.91621],[-87.80601,41.91619],[-87.806,41.91596],[-87.80599,41.91582],[-87.80599,41.91574],[-87.80597,41.91505],[-87.80596,41.91473],[-87.80595,41.91436],[-87.80589,41.91253],[-87.80583,41.91071],[-87.80581,41.91035],[-87.80577,41.90959],[-87.80577,41.90934],[-87.80576,41.90926],[-87.80575,41.9089],[-87.80544,41.9089],[-87.80541,41.9089],[-87.80481,41.90891],[-87.80451,41.90892],[-87.80433,41.90893],[-87.8042,41.90894],[-87.80415,41.90894],[-87.80399,41.90894],[-87.80394,41.90895],[-87.80368,41.90895],[-87.80292,41.90895],[-87.80289,41.90894],[-87.80273,41.90892],[-87.80268,41.90892],[-87.80211,41.90893],[-87.80193,41.90894],[-87.80137,41.90894],[-87.80118,41.90894],[-87.801,41.90894],[-87.80046,41.90895],[-87.80028,41.90895],[-87.80014,41.90895],[-87.79974,41.90896],[-87.7996,41.90896],[-87.79937,41.90897],[-87.79868,41.90897],[-87.79845,41.90898],[-87.79841,41.90898],[-87.79829,41.90898],[-87.79825,41.90898],[-87.79812,41.90898],[-87.79804,41.90898],[-87.798,41.90898],[-87.7976,41.90899],[-87.79741,41.90899],[-87.7972,41.90899],[-87.79707,41.90899],[-87.79668,41.909],[-87.79655,41.909],[-87.79644,41.909],[-87.7961,41.90901],[-87.79599,41.90901],[-87.7958,41.90901],[-87.79524,41.90902],[-87.79505,41.90902],[-87.795,41.90902],[-87.79485,41.90903],[-87.7948,41.90903],[-87.79461,41.90903],[-87.79403,41.90904],[-87.79384,41.90904],[-87.79378,41.90904],[-87.79362,41.90904],[-87.79357,41.90904],[-87.79338,41.90904],[-87.79282,41.90905],[-87.79263,41.90905],[-87.79257,41.90905],[-87.7924,41.90906],[-87.79234,41.90906],[-87.79216,41.90906],[-87.79161,41.90907],[-87.79142,41.90907],[-87.79136,41.90907],[-87.79118,41.90907],[-87.79112,41.90908],[-87.79094,41.90908],[-87.79039,41.90908],[-87.79021,41.90909],[-87.79015,41.90909],[-87.78996,41.90909],[-87.7899,41.90909],[-87.78966,41.90909],[-87.78897,41.9091],[-87.78874,41.9091],[-87.78865,41.9091],[-87.78836,41.90911],[-87.78826,41.90911],[-87.78808,41.90911],[-87.78753,41.90912],[-87.78735,41.90912],[-87.7872,41.90912],[-87.78707,41.90912],[-87.78678,41.90913],[-87.78663,41.90913],[-87.78651,41.90913],[-87.78616,41.90913],[-87.78605,41.90913],[-87.78584,41.90914],[-87.78521,41.90915],[-87.785,41.90915],[-87.78496,41.90915],[-87.78484,41.90915],[-87.7848,41.90915],[-87.78451,41.90915],[-87.78364,41.90916],[-87.78335,41.90917],[-87.78311,41.90917],[-87.78242,41.90918],[-87.78237,41.90918],[-87.78212,41.90918],[-87.78204,41.90917],[-87.78194,41.90917],[-87.78179,41.90917],[-87.78171,41.90918],[-87.78153,41.90918],[-87.781,41.90919],[-87.78082,41.90919],[-87.78068,41.90919],[-87.78025,41.9092],[-87.78011,41.9092],[-87.77999,41.9092],[-87.77963,41.9092],[-87.77952,41.90921],[-87.77938,41.90921],[-87.779,41.90921],[-87.77887,41.90921],[-87.77874,41.90921],[-87.77834,41.90922],[-87.77821,41.90922],[-87.7781,41.90922],[-87.77776,41.90923],[-87.77765,41.90923],[-87.7775,41.90923],[-87.77706,41.90923],[-87.77691,41.90924],[-87.77681,41.90924],[-87.77666,41.90924],[-87.77653,41.90924],[-87.77644,41.90924],[-87.77627,41.90924],[-87.77577,41.90925],[-87.7756,41.90925],[-87.7756,41.90922],[-87.77559,41.90889],[-87.77559,41.90875],[-87.77557,41.90836],[-87.77556,41.90796],[-87.77555,41.9078],[-87.77555,41.9077],[-87.77554,41.90744],[-87.77553,41.90721],[-87.77553,41.90713],[-87.77553,41.90699],[-87.7755,41.90644],[-87.77549,41.90619],[-87.77548,41.90588],[-87.77548,41.90583],[-87.77548,41.90568],[-87.77547,41.90563],[-87.77546,41.90528],[-87.77543,41.90426],[-87.77542,41.90392],[-87.77541,41.9039],[-87.77541,41.90383],[-87.77541,41.90381],[-87.7754,41.90345],[-87.77539,41.9031],[-87.77538,41.90239],[-87.77537,41.90236],[-87.77537,41.90219],[-87.77536,41.902],[-87.77535,41.90163],[-87.77531,41.90053],[-87.7753,41.90017],[-87.77529,41.89981],[-87.77528,41.89949],[-87.77526,41.89881],[-87.77526,41.89872],[-87.77525,41.89858],[-87.77525,41.89836],[-87.77525,41.89818],[-87.77524,41.89813],[-87.77524,41.8979],[-87.77523,41.89767],[-87.77523,41.89763],[-87.77522,41.89745],[-87.77522,41.89726],[-87.77522,41.89722],[-87.77521,41.89699],[-87.7752,41.89676],[-87.7752,41.89672],[-87.77519,41.89653],[-87.77519,41.89635],[-87.77518,41.8963],[-87.77518,41.89608],[-87.77517,41.89585],[-87.77517,41.8958],[-87.77516,41.89562],[-87.77515,41.89543],[-87.77515,41.89525],[-87.77514,41.89516],[-87.77514,41.89494],[-87.77513,41.89489],[-87.77513,41.89471],[-87.77512,41.89453],[-87.77512,41.89449],[-87.77511,41.89426],[-87.77511,41.89416],[-87.7751,41.89398],[-87.7751,41.8938],[-87.77509,41.89369],[-87.77509,41.89356],[-87.77508,41.89335],[-87.77508,41.89333],[-87.77508,41.89323],[-87.77508,41.89315],[-87.77507,41.8929],[-87.77507,41.89281],[-87.77506,41.89276],[-87.77506,41.89271],[-87.77506,41.89263],[-87.77506,41.89252],[-87.77505,41.89234],[-87.77505,41.89212],[-87.77504,41.89208],[-87.77504,41.8919],[-87.77504,41.89188],[-87.77504,41.89182],[-87.77503,41.8917],[-87.77503,41.89162],[-87.77502,41.89143],[-87.77502,41.89121],[-87.77502,41.89117],[-87.77501,41.891],[-87.77501,41.8909],[-87.775,41.89076],[-87.775,41.89059],[-87.775,41.89052],[-87.77499,41.8905],[-87.77499,41.8904],[-87.77498,41.89011],[-87.77498,41.89002],[-87.77497,41.88981],[-87.77497,41.88976],[-87.77496,41.8895],[-87.77495,41.88925],[-87.77495,41.8892],[-87.77495,41.889],[-87.77494,41.88891],[-87.77494,41.88881],[-87.77494,41.88877],[-87.77493,41.88864],[-87.77493,41.88856],[-87.77493,41.88848],[-87.77492,41.88825],[-87.77492,41.88822],[-87.77491,41.88802],[-87.77491,41.88793],[-87.7749,41.88767],[-87.7749,41.88759],[-87.77489,41.88746],[-87.77489,41.88741],[-87.77489,41.88733],[-87.77489,41.88724],[-87.77489,41.88714],[-87.77488,41.88707],[-87.77483,41.88557],[-87.77483,41.88553],[-87.77482,41.88539],[-87.77482,41.88535],[-87.77481,41.8851],[-87.77479,41.88437],[-87.77478,41.88413],[-87.77478,41.88406],[-87.77478,41.88399],[-87.77477,41.88373],[-87.77476,41.88332],[-87.77474,41.88265],[-87.77473,41.88251],[-87.77473,41.88238],[-87.77472,41.8821],[-87.77471,41.88182],[-87.7747,41.88154],[-87.77469,41.88107],[-87.77467,41.88062],[-87.77467,41.88059],[-87.77466,41.88034],[-87.77466,41.88015],[-87.77465,41.88004],[-87.77464,41.87956],[-87.77464,41.87948],[-87.77463,41.87941],[-87.77461,41.87882],[-87.7746,41.8786],[-87.77459,41.87822],[-87.77458,41.8781],[-87.77458,41.87805],[-87.77457,41.87773],[-87.77457,41.87761],[-87.77456,41.87737],[-87.77453,41.87665],[-87.77453,41.87641],[-87.77451,41.87607],[-87.7745,41.87568],[-87.77448,41.87504],[-87.77447,41.8747],[-87.77446,41.87437],[-87.77444,41.87385],[-87.77443,41.87338],[-87.77442,41.87305],[-87.77442,41.873],[-87.77441,41.87283],[-87.77441,41.87277],[-87.7744,41.87254],[-87.77439,41.87246],[-87.77439,41.87231],[-87.77438,41.87213],[-87.77435,41.87155],[-87.77434,41.87141],[-87.77433,41.87124],[-87.77433,41.87118],[-87.77432,41.87113],[-87.77432,41.87111],[-87.77432,41.87109],[-87.77431,41.87106],[-87.77431,41.87104],[-87.77431,41.87099],[-87.7743,41.87092],[-87.77429,41.87077],[-87.77429,41.87075],[-87.77428,41.87062],[-87.77428,41.87058],[-87.77428,41.87051],[-87.77428,41.87045],[-87.77428,41.87041],[-87.77428,41.87021],[-87.77428,41.87015],[-87.77429,41.87002],[-87.77428,41.86994],[-87.77427,41.86953],[-87.77427,41.86937],[-87.77426,41.86911],[-87.77425,41.86875],[-87.77421,41.86765],[-87.7742,41.86729],[-87.77418,41.86692],[-87.77417,41.8666],[-87.77415,41.86592],[-87.77414,41.86582],[-87.77414,41.8657],[-87.77414,41.86546],[-87.77389,41.86546],[-87.77314,41.86548],[-87.7729,41.86548],[-87.77265,41.86548],[-87.77192,41.86549],[-87.77167,41.8655],[-87.77142,41.8655],[-87.77069,41.86551],[-87.77044,41.86551],[-87.7702,41.86551],[-87.76946,41.86552],[-87.76921,41.86553],[-87.76897,41.86553],[-87.76823,41.86554],[-87.76799,41.86555],[-87.76774,41.86555],[-87.767,41.86556],[-87.76676,41.86556],[-87.76651,41.86557],[-87.76578,41.86557],[-87.76553,41.86558],[-87.76529,41.86558],[-87.76457,41.86559],[-87.76455,41.86559],[-87.76431,41.8656],[-87.76408,41.86561],[-87.76399,41.86561],[-87.76341,41.86562],[-87.76318,41.86562],[-87.76293,41.86563],[-87.76274,41.86563],[-87.7623,41.86563],[-87.7622,41.86564],[-87.76213,41.86564],[-87.76195,41.86564],[-87.76145,41.86565],[-87.75992,41.86567],[-87.75941,41.86568],[-87.75843,41.86569],[-87.75786,41.8657],[-87.75631,41.86572],[-87.75552,41.86574],[-87.75551,41.86574],[-87.75474,41.86575],[-87.75464,41.86575],[-87.75453,41.86575],[-87.75443,41.86575],[-87.75432,41.86575],[-87.75429,41.86575],[-87.75381,41.86576],[-87.75355,41.86576],[-87.75331,41.86577],[-87.75306,41.86577],[-87.75233,41.86578],[-87.75208,41.86579],[-87.75184,41.86579],[-87.75111,41.8658],[-87.75086,41.86581],[-87.75062,41.86581],[-87.74988,41.86582],[-87.74964,41.86582],[-87.74939,41.86583],[-87.74866,41.86584],[-87.74842,41.86584],[-87.74817,41.86585],[-87.74744,41.86586],[-87.7472,41.86586],[-87.74695,41.86587],[-87.74622,41.86588],[-87.74598,41.86588],[-87.74573,41.86588],[-87.745,41.86589],[-87.74475,41.8659],[-87.74426,41.8659],[-87.7428,41.86592],[-87.74264,41.86592],[-87.74231,41.86593],[-87.74183,41.86593],[-87.74041,41.86595],[-87.74017,41.86596],[-87.74009,41.86596],[-87.74007,41.86596],[-87.73999,41.86596],[-87.73993,41.86596],[-87.73993,41.86594],[-87.73993,41.86588],[-87.73993,41.86586],[-87.73992,41.8657],[-87.73991,41.8652],[-87.73991,41.86504],[-87.7399,41.86485],[-87.73987,41.8643],[-87.73986,41.86412],[-87.73986,41.86405],[-87.73986,41.86383],[-87.73986,41.86376],[-87.73985,41.86347],[-87.73984,41.86262],[-87.73983,41.86234],[-87.73983,41.86229],[-87.73984,41.86213],[-87.73984,41.86208],[-87.73984,41.86186],[-87.73985,41.86123],[-87.73985,41.86102],[-87.73985,41.86088],[-87.73985,41.86045],[-87.73985,41.86031],[-87.73984,41.86016],[-87.73982,41.85971],[-87.73981,41.85956],[-87.7398,41.85938],[-87.73977,41.85883],[-87.73977,41.85865],[-87.73974,41.85793],[-87.73966,41.85575],[-87.73964,41.85503],[-87.73963,41.85493],[-87.73963,41.85491],[-87.73961,41.85455],[-87.73961,41.85443],[-87.7396,41.85437],[-87.73959,41.85418],[-87.73958,41.85412],[-87.73952,41.85317],[-87.73947,41.85234],[-87.73947,41.85228],[-87.73946,41.85211],[-87.73946,41.85205],[-87.73945,41.85191],[-87.73943,41.85149],[-87.73942,41.85135],[-87.73941,41.85117],[-87.73937,41.85062],[-87.73935,41.85043],[-87.73934,41.85012],[-87.73932,41.84919],[-87.73931,41.84887],[-87.73922,41.84598],[-87.7392,41.84547],[-87.73915,41.84405],[-87.73914,41.84243],[-87.73913,41.84203],[-87.7391,41.84083],[-87.73909,41.84043],[-87.73905,41.83977],[-87.73894,41.83779],[-87.73891,41.83714],[-87.73915,41.83672],[-87.73915,41.83664],[-87.73916,41.8364],[-87.73916,41.83632],[-87.73905,41.83565],[-87.73895,41.83496],[-87.73888,41.83428],[-87.73884,41.8336],[-87.73881,41.83292],[-87.73881,41.83281],[-87.73881,41.83249],[-87.73882,41.83238],[-87.73882,41.83181],[-87.73883,41.83007],[-87.73884,41.8295],[-87.7388,41.82812],[-87.73869,41.824],[-87.73865,41.82263],[-87.73866,41.82259],[-87.73866,41.82246],[-87.73866,41.82242],[-87.73866,41.82236],[-87.73866,41.82219],[-87.73865,41.82213],[-87.73917,41.82215],[-87.74073,41.82221],[-87.74097,41.82222],[-87.74125,41.82223],[-87.74171,41.82222],[-87.74203,41.82221],[-87.74308,41.82218],[-87.74354,41.82217],[-87.74382,41.82213],[-87.74466,41.82202],[-87.74469,41.82201],[-87.74475,41.82198],[-87.7449,41.82198],[-87.74495,41.82198],[-87.74497,41.82164],[-87.74502,41.82062],[-87.74504,41.82028],[-87.74503,41.82014],[-87.74503,41.82009],[-87.74502,41.81996],[-87.74498,41.81953],[-87.74496,41.81935],[-87.74496,41.8192],[-87.74496,41.81911],[-87.74496,41.81886],[-87.74496,41.81877],[-87.74496,41.81875],[-87.74496,41.81863],[-87.74496,41.81841],[-87.74495,41.81775],[-87.74495,41.81753],[-87.74497,41.81745],[-87.74502,41.8172],[-87.74504,41.81712],[-87.74502,41.81704],[-87.74498,41.81684],[-87.74497,41.81679],[-87.74496,41.8167],[-87.74496,41.81661],[-87.74496,41.81655],[-87.74496,41.81633],[-87.74496,41.81624],[-87.74496,41.81619],[-87.74495,41.81605],[-87.74495,41.816],[-87.74569,41.81576],[-87.74637,41.81555],[-87.7479,41.81507],[-87.74864,41.81483],[-87.7487,41.81482],[-87.74888,41.81475],[-87.74894,41.81474],[-87.74978,41.81448],[-87.75166,41.81389],[-87.75228,41.8137],[-87.75312,41.81344],[-87.75309,41.81335],[-87.75299,41.81307],[-87.75296,41.81297],[-87.75295,41.8126],[-87.75294,41.81149],[-87.75293,41.81122],[-87.753,41.81114],[-87.75299,41.81078],[-87.75296,41.80969],[-87.75295,41.80958],[-87.75295,41.80932],[-87.75294,41.80896],[-87.75291,41.80795],[-87.75291,41.80786],[-87.75291,41.80767],[-87.7529,41.80757],[-87.75291,41.80749],[-87.75293,41.80743],[-87.75293,41.80738],[-87.75294,41.80715],[-87.75293,41.80704],[-87.75292,41.80693],[-87.75292,41.80668],[-87.75289,41.80592],[-87.75289,41.80567],[-87.75288,41.8053],[-87.75285,41.80421],[-87.75284,41.80384],[-87.75283,41.80348],[-87.7528,41.80238],[-87.75279,41.80201],[-87.75278,41.80165],[-87.75275,41.80065],[-87.75274,41.80055],[-87.75274,41.80019],[-87.75298,41.80018],[-87.75335,41.80018],[-87.75371,41.80017],[-87.75396,41.80017],[-87.7542,41.80016],[-87.75457,41.80016],[-87.75494,41.80015],[-87.75518,41.80015],[-87.75542,41.80014],[-87.75579,41.80014],[-87.75615,41.80013],[-87.75639,41.80013],[-87.75664,41.80013],[-87.75701,41.80012],[-87.75738,41.80012],[-87.75763,41.80011],[-87.75787,41.80011],[-87.75823,41.80011],[-87.7586,41.8001],[-87.75885,41.8001],[-87.75909,41.8001],[-87.75946,41.80009],[-87.75982,41.80009],[-87.76007,41.80008],[-87.76032,41.80008],[-87.76068,41.80008],[-87.76105,41.80007],[-87.7613,41.80007],[-87.76154,41.80006],[-87.7619,41.80006],[-87.76211,41.80005],[-87.76229,41.80005],[-87.76254,41.80006],[-87.76278,41.80006],[-87.76287,41.80006],[-87.76313,41.80006],[-87.7635,41.80005],[-87.76374,41.80005],[-87.76398,41.80005],[-87.76433,41.80004],[-87.76471,41.80004],[-87.76496,41.80003],[-87.76505,41.80003],[-87.76512,41.80003],[-87.76533,41.80003],[-87.76556,41.80002],[-87.76596,41.80001],[-87.76618,41.80001],[-87.76642,41.8],[-87.76678,41.8],[-87.76715,41.79999],[-87.7674,41.79998],[-87.76764,41.79998],[-87.76801,41.79997],[-87.76838,41.79996],[-87.76862,41.79996],[-87.7687,41.79996],[-87.76893,41.79995],[-87.769,41.79995],[-87.76917,41.79995],[-87.76923,41.79995],[-87.76967,41.79994],[-87.76984,41.79993],[-87.77,41.79993],[-87.77045,41.79992],[-87.77047,41.79992],[-87.77062,41.79992],[-87.77071,41.79992],[-87.77097,41.79991],[-87.77106,41.79991],[-87.77131,41.7999],[-87.77167,41.7999],[-87.77204,41.79989],[-87.77228,41.79988],[-87.77252,41.79987],[-87.77289,41.79986],[-87.77325,41.79985],[-87.7735,41.79984],[-87.77374,41.79983],[-87.77411,41.79983],[-87.77447,41.79982],[-87.77471,41.79981],[-87.77495,41.79981],[-87.77533,41.7998],[-87.77569,41.79979],[-87.77593,41.79979],[-87.77618,41.79978],[-87.77655,41.79978],[-87.77691,41.79977],[-87.77715,41.79976],[-87.77725,41.79976],[-87.77755,41.79975],[-87.77765,41.79975],[-87.77776,41.79975],[-87.7778,41.79975],[-87.77823,41.79974],[-87.77838,41.79974],[-87.77862,41.79973],[-87.77898,41.79973],[-87.77935,41.79972],[-87.77959,41.79971],[-87.77984,41.79971],[-87.7802,41.7997],[-87.78057,41.79969],[-87.78081,41.79969],[-87.78106,41.79968],[-87.78142,41.79968],[-87.78164,41.79967],[-87.78179,41.79967],[-87.78203,41.79967],[-87.78215,41.79967],[-87.78252,41.79967],[-87.78264,41.79967],[-87.7827,41.79967],[-87.78287,41.79967],[-87.78292,41.79967],[-87.78299,41.79967],[-87.78318,41.79967],[-87.78325,41.79967],[-87.7835,41.79967],[-87.78386,41.79966],[-87.78423,41.79966],[-87.78448,41.79966],[-87.78472,41.79965],[-87.78508,41.79965],[-87.78545,41.79964],[-87.78569,41.79964],[-87.78593,41.79963],[-87.7863,41.79963],[-87.78666,41.79962],[-87.78691,41.79962],[-87.78715,41.79962],[-87.78752,41.79961],[-87.78788,41.79961],[-87.78813,41.7996],[-87.78837,41.79959],[-87.78873,41.79958],[-87.7891,41.79957],[-87.78913,41.79957],[-87.78934,41.79957],[-87.78958,41.79956],[-87.78995,41.79956],[-87.79031,41.79956],[-87.79038,41.79956],[-87.79048,41.79954],[-87.79052,41.79951],[-87.79054,41.7995],[-87.79057,41.79951],[-87.79061,41.79952],[-87.7908,41.79951],[-87.79117,41.7995],[-87.7916,41.79949],[-87.79169,41.79949],[-87.79186,41.79949],[-87.79209,41.79949],[-87.79238,41.79948],[-87.79277,41.79947],[-87.79282,41.79947],[-87.793,41.79947],[-87.79324,41.79947],[-87.7936,41.79946],[-87.79397,41.79945],[-87.79405,41.79945],[-87.79421,41.79946],[-87.79446,41.79946],[-87.79447,41.79946],[-87.79462,41.79946],[-87.79483,41.79945],[-87.79517,41.79944],[-87.79519,41.79943],[-87.79544,41.79943],[-87.79567,41.79943],[-87.79604,41.79943],[-87.79634,41.79951],[-87.79657,41.79957],[-87.79663,41.79958],[-87.7968,41.79956],[-87.79686,41.79955],[-87.79727,41.79941],[-87.79763,41.79926],[-87.80172,41.79797],[-87.80178,41.79795],[-87.80209,41.79785],[-87.80209,41.79774],[-87.80206,41.79739],[-87.80205,41.79717],[-87.80201,41.79676],[-87.80195,41.7965],[-87.8019,41.79629],[-87.80173,41.79586],[-87.80172,41.79576],[-87.80168,41.79548],[-87.80163,41.79508],[-87.80161,41.79481],[-87.80161,41.79462],[-87.8016,41.79434],[-87.8016,41.79426],[-87.80159,41.79402],[-87.80159,41.79394],[-87.80159,41.79385],[-87.80158,41.79356],[-87.80157,41.79346],[-87.80157,41.79316],[-87.80154,41.79239],[-87.80154,41.79224],[-87.80153,41.79194],[-87.80151,41.79158],[-87.80151,41.79145],[-87.80146,41.79049],[-87.80145,41.79013],[-87.80144,41.78977],[-87.8014,41.78901],[-87.80139,41.78867],[-87.80137,41.78831],[-87.80136,41.78811],[-87.80134,41.78752],[-87.80133,41.78733],[-87.80132,41.78717],[-87.8013,41.78668],[-87.8013,41.78652],[-87.80129,41.78642],[-87.80128,41.78624],[-87.80126,41.7857],[-87.80125,41.78552],[-87.80124,41.78535],[-87.80122,41.78485],[-87.80122,41.78469],[-87.80121,41.7846],[-87.8012,41.78443],[-87.80118,41.78391],[-87.80118,41.78374],[-87.80117,41.78354],[-87.80114,41.78297],[-87.80113,41.78277],[-87.80113,41.78259],[-87.8011,41.78204],[-87.8011,41.78186],[-87.80109,41.78167],[-87.80106,41.78113],[-87.80106,41.78094],[-87.80105,41.78076],[-87.80102,41.78021],[-87.80102,41.78003],[-87.80101,41.77985],[-87.80101,41.77968],[-87.801,41.77935],[-87.801,41.77931],[-87.80101,41.77913],[-87.80099,41.77898],[-87.80098,41.77877],[-87.80096,41.77846],[-87.80095,41.77822],[-87.80093,41.77766],[-87.80092,41.77761],[-87.8009,41.77729],[-87.80088,41.77708],[-87.80087,41.77695],[-87.80087,41.7768],[-87.80089,41.77657],[-87.80092,41.77646],[-87.80092,41.77645],[-87.80102,41.77627],[-87.80098,41.77617],[-87.8009,41.7759],[-87.80086,41.77581],[-87.80085,41.77575],[-87.80082,41.77557],[-87.8008,41.77551],[-87.80083,41.77547],[-87.80082,41.77534],[-87.8008,41.77481],[-87.80079,41.77464],[-87.80078,41.77445],[-87.80078,41.7742],[-87.80078,41.77414],[-87.80079,41.77409],[-87.80082,41.77405],[-87.80081,41.7739],[-87.80081,41.77371],[-87.80062,41.77371],[-87.80016,41.77372],[-87.80006,41.77372],[-87.79987,41.77372],[-87.79955,41.77372],[-87.7986,41.77374],[-87.79828,41.77374],[-87.79779,41.77375],[-87.79631,41.77377],[-87.79582,41.77378],[-87.79532,41.77379],[-87.79385,41.77381],[-87.79335,41.77382],[-87.79286,41.77383],[-87.79138,41.77385],[-87.79089,41.77386],[-87.79039,41.77387],[-87.78892,41.77389],[-87.78843,41.7739],[-87.78795,41.77391],[-87.78649,41.77393],[-87.786,41.77394],[-87.78559,41.77395],[-87.78436,41.77397],[-87.78395,41.77397],[-87.78387,41.77397],[-87.78364,41.77398],[-87.78356,41.77398],[-87.78307,41.77398],[-87.7817,41.774],[-87.78161,41.774],[-87.78112,41.77401],[-87.78064,41.77402],[-87.78056,41.77402],[-87.77989,41.77404],[-87.77943,41.77405],[-87.77919,41.77405],[-87.77871,41.77406],[-87.7786,41.77406],[-87.77822,41.77407],[-87.77673,41.7741],[-87.77624,41.77411],[-87.77575,41.77412],[-87.77428,41.77415],[-87.7741,41.77415],[-87.7738,41.77416],[-87.77339,41.77417],[-87.77331,41.77417],[-87.77225,41.7742],[-87.77184,41.7742],[-87.77165,41.7742],[-87.77135,41.7742],[-87.77086,41.77421],[-87.77074,41.77422],[-87.7694,41.77425],[-87.76891,41.77426],[-87.76842,41.77427],[-87.76695,41.7743],[-87.76647,41.77431],[-87.76641,41.77431],[-87.76623,41.77431],[-87.76617,41.77432],[-87.76574,41.77432],[-87.76446,41.77435],[-87.76403,41.77436],[-87.76396,41.77436],[-87.76375,41.77436],[-87.76368,41.77436],[-87.76326,41.77437],[-87.76286,41.77438],[-87.7622,41.77439],[-87.762,41.77439],[-87.76182,41.77439],[-87.76158,41.77439],[-87.76129,41.77439],[-87.7611,41.77439],[-87.76094,41.7744],[-87.76027,41.77443],[-87.75964,41.77444],[-87.75915,41.77445],[-87.759,41.77445],[-87.75867,41.77446],[-87.75739,41.77448],[-87.75722,41.77448],[-87.75689,41.77449],[-87.75673,41.77449],[-87.75649,41.7745],[-87.75613,41.7745],[-87.75578,41.77451],[-87.75554,41.77451],[-87.75531,41.77452],[-87.75491,41.77452],[-87.75463,41.77453],[-87.75441,41.77453],[-87.75398,41.77454],[-87.75269,41.77457],[-87.75226,41.77458],[-87.75218,41.77458],[-87.75196,41.77458],[-87.75188,41.77458],[-87.75129,41.77459],[-87.74949,41.77462],[-87.74889,41.77463],[-87.74862,41.77464],[-87.74781,41.77465],[-87.74755,41.77466],[-87.74744,41.77466],[-87.74714,41.77467],[-87.74704,41.77467],[-87.7468,41.77467],[-87.74643,41.77468],[-87.74607,41.77469],[-87.74583,41.77469],[-87.74559,41.7747],[-87.74521,41.7747],[-87.74486,41.77471],[-87.74461,41.77471],[-87.74437,41.77472],[-87.744,41.77473],[-87.74364,41.77474],[-87.74339,41.77474],[-87.74315,41.77475],[-87.74279,41.77476],[-87.74241,41.77477],[-87.74217,41.77478],[-87.74214,41.77445],[-87.74214,41.77442],[-87.74211,41.77333],[-87.7421,41.77296],[-87.7421,41.7729],[-87.7421,41.7727],[-87.74209,41.77263],[-87.74209,41.77233],[-87.74206,41.77143],[-87.74206,41.77113],[-87.74197,41.77043],[-87.74193,41.76985],[-87.74188,41.76931],[-87.74189,41.76845],[-87.74189,41.7684],[-87.74188,41.76829],[-87.74188,41.76825],[-87.74188,41.76823],[-87.74188,41.76821],[-87.74188,41.76817],[-87.74187,41.76812],[-87.74187,41.76807],[-87.74187,41.76805],[-87.74187,41.76803],[-87.74187,41.76792],[-87.74185,41.76769],[-87.74185,41.76767],[-87.74185,41.76761],[-87.74185,41.76757],[-87.74184,41.76751],[-87.74184,41.76749],[-87.74184,41.76744],[-87.74183,41.76734],[-87.74183,41.76733],[-87.74182,41.76727],[-87.74182,41.76723],[-87.74182,41.76722],[-87.74181,41.76717],[-87.74181,41.76714],[-87.7418,41.76705],[-87.74179,41.767],[-87.7418,41.7669],[-87.74182,41.76642],[-87.74184,41.76588],[-87.74188,41.76469],[-87.7419,41.7643],[-87.74189,41.76413],[-87.74189,41.76411],[-87.74188,41.76367],[-87.74187,41.76328],[-87.74187,41.76297],[-87.74186,41.76259],[-87.74184,41.76236],[-87.74182,41.76192],[-87.7418,41.76157],[-87.74179,41.76128],[-87.74179,41.76084],[-87.74178,41.7605],[-87.74177,41.76036],[-87.74176,41.76015],[-87.74175,41.76004],[-87.74173,41.7597],[-87.74172,41.75959],[-87.7417,41.75914],[-87.74169,41.75894],[-87.74167,41.75853],[-87.74165,41.75776],[-87.74163,41.75735],[-87.74163,41.7573],[-87.74161,41.75671],[-87.7416,41.75649],[-87.7416,41.75645],[-87.74154,41.75494],[-87.74153,41.75461],[-87.74152,41.75435],[-87.74152,41.75423],[-87.74151,41.75389],[-87.74151,41.75378],[-87.7415,41.75368],[-87.7415,41.75345],[-87.7415,41.75339],[-87.7415,41.75329],[-87.74149,41.75307],[-87.7415,41.75284],[-87.7415,41.75283],[-87.7415,41.75277],[-87.7415,41.75267],[-87.74148,41.75249],[-87.74143,41.75099],[-87.7414,41.74964],[-87.74139,41.74952],[-87.74136,41.74915],[-87.74132,41.74872],[-87.74131,41.74844],[-87.74131,41.74837],[-87.7413,41.74765],[-87.74129,41.74729],[-87.74126,41.74633],[-87.74123,41.74562],[-87.74122,41.74528],[-87.74122,41.74523],[-87.7412,41.74433],[-87.74118,41.74406],[-87.74117,41.74367],[-87.74116,41.74332],[-87.74112,41.74225],[-87.7411,41.7419],[-87.74109,41.74151],[-87.74105,41.74036],[-87.74104,41.73998],[-87.74103,41.7398],[-87.74101,41.73928],[-87.74101,41.73911],[-87.741,41.73902],[-87.74099,41.73874],[-87.74099,41.73865],[-87.74099,41.73856],[-87.74098,41.73828],[-87.74097,41.73819],[-87.74097,41.73799],[-87.74095,41.73742],[-87.74094,41.73723],[-87.74094,41.73706],[-87.74093,41.73686],[-87.74093,41.73653],[-87.74093,41.73636],[-87.74093,41.73617],[-87.74093,41.73604],[-87.74094,41.73581],[-87.74095,41.73562],[-87.74095,41.73556],[-87.74097,41.73544],[-87.74099,41.73525],[-87.74102,41.735],[-87.74105,41.73471],[-87.74107,41.73452],[-87.74078,41.73454],[-87.74041,41.73455],[-87.74029,41.73455],[-87.74022,41.73455],[-87.73992,41.73456],[-87.73964,41.73456],[-87.73943,41.73456],[-87.73923,41.73456],[-87.73914,41.73456],[-87.73862,41.73457],[-87.73842,41.73458],[-87.73836,41.73458],[-87.73832,41.73458],[-87.73725,41.73459],[-87.73721,41.7346],[-87.73656,41.73461],[-87.73644,41.73461],[-87.73611,41.73462],[-87.73599,41.73462],[-87.73575,41.73462],[-87.73503,41.73463],[-87.73479,41.73464],[-87.73454,41.73464],[-87.73381,41.73465],[-87.73357,41.73466],[-87.73332,41.73466],[-87.7326,41.73467],[-87.73235,41.73468],[-87.73221,41.73468],[-87.73179,41.73469],[-87.73165,41.73469],[-87.73155,41.73469],[-87.73124,41.7347],[-87.73114,41.7347],[-87.7309,41.7347],[-87.73017,41.73471],[-87.72992,41.73472],[-87.72968,41.73472],[-87.72895,41.73474],[-87.72871,41.73474],[-87.72847,41.73474],[-87.72774,41.73476],[-87.7275,41.73476],[-87.72735,41.73476],[-87.72691,41.73477],[-87.72676,41.73477],[-87.72666,41.73477],[-87.72637,41.73478],[-87.72628,41.73478],[-87.72621,41.73478],[-87.72601,41.73479],[-87.72595,41.73479],[-87.72577,41.73479],[-87.72525,41.7348],[-87.72507,41.7348],[-87.72483,41.73481],[-87.7241,41.73482],[-87.72386,41.73483],[-87.72361,41.73483],[-87.72289,41.73484],[-87.72265,41.73484],[-87.7226,41.73484],[-87.72247,41.73485],[-87.72242,41.73485],[-87.72223,41.73485],[-87.72163,41.73486],[-87.72144,41.73486],[-87.72142,41.73486],[-87.72135,41.73486],[-87.72113,41.73487],[-87.72105,41.73487],[-87.72065,41.73487],[-87.71942,41.73489],[-87.71901,41.7349],[-87.71852,41.73491],[-87.71717,41.73494],[-87.71706,41.73494],[-87.71657,41.73494],[-87.71609,41.73495],[-87.71567,41.73496],[-87.71463,41.73498],[-87.71457,41.73499],[-87.71414,41.73499],[-87.71371,41.735],[-87.71301,41.73501],[-87.71241,41.73502],[-87.71198,41.73503],[-87.71192,41.73503],[-87.71176,41.73503],[-87.71171,41.73503],[-87.71166,41.73503],[-87.71162,41.73504],[-87.71078,41.73505],[-87.70986,41.73507],[-87.70925,41.73508],[-87.70801,41.7351],[-87.70784,41.7351],[-87.70709,41.73512],[-87.7061,41.73513],[-87.70441,41.73516],[-87.70312,41.73519],[-87.7023,41.7352],[-87.70212,41.7352],[-87.70191,41.73521],[-87.70125,41.73521],[-87.70104,41.73521],[-87.70079,41.73522],[-87.70024,41.73522],[-87.70005,41.73523],[-87.6998,41.73523],[-87.69955,41.73524],[-87.6988,41.73525],[-87.69855,41.73526],[-87.6983,41.73526],[-87.69756,41.73527],[-87.69732,41.73528],[-87.69711,41.73528],[-87.6969,41.73528],[-87.69627,41.73529],[-87.69606,41.7353],[-87.69581,41.7353],[-87.69506,41.73531],[-87.69481,41.73532],[-87.69466,41.73532],[-87.69444,41.73532],[-87.69379,41.73534],[-87.69358,41.73534],[-87.69336,41.73534],[-87.69333,41.73534],[-87.69259,41.73536],[-87.69235,41.73536],[-87.69225,41.73537],[-87.69202,41.73537],[-87.69135,41.73538],[-87.69112,41.73538],[-87.69088,41.73538],[-87.69036,41.73539],[-87.69015,41.7354],[-87.6899,41.7354],[-87.68985,41.7354],[-87.68971,41.73541],[-87.68966,41.73541],[-87.6895,41.73541],[-87.68901,41.73542],[-87.68885,41.73542],[-87.68873,41.73542],[-87.68836,41.73543],[-87.68824,41.73543],[-87.68809,41.73543],[-87.68765,41.73544],[-87.6875,41.73544],[-87.68748,41.73544],[-87.68742,41.73544],[-87.6874,41.73544],[-87.68735,41.73544],[-87.68642,41.73546],[-87.68511,41.73548],[-87.68349,41.73551],[-87.68251,41.73552],[-87.68249,41.73473],[-87.68249,41.73466],[-87.68247,41.73393],[-87.68242,41.73233],[-87.68239,41.73153],[-87.68238,41.73123],[-87.68236,41.73035],[-87.68235,41.73006],[-87.68234,41.72969],[-87.6823,41.7286],[-87.68229,41.72824],[-87.68227,41.72764],[-87.68223,41.72627],[-87.68222,41.72587],[-87.68221,41.72528],[-87.6822,41.72512],[-87.68218,41.72467],[-87.68218,41.72451],[-87.68218,41.72442],[-87.68213,41.72276],[-87.6821,41.72183],[-87.68209,41.72166],[-87.68209,41.7216],[-87.68208,41.72145],[-87.68208,41.7214],[-87.68207,41.72094],[-87.68201,41.71911],[-87.682,41.71874],[-87.68198,41.71807],[-87.68197,41.71765],[-87.68196,41.71728],[-87.68195,41.71693],[-87.68195,41.71677],[-87.68192,41.71586],[-87.68191,41.71573],[-87.68191,41.71551],[-87.68189,41.71514],[-87.68185,41.71404],[-87.68184,41.71367],[-87.6821,41.71367],[-87.68233,41.71367],[-87.68251,41.71367],[-87.68265,41.71367],[-87.68287,41.71366],[-87.68312,41.71366],[-87.68325,41.71366],[-87.68337,41.71366],[-87.68373,41.71365],[-87.6841,41.71365],[-87.68434,41.71365],[-87.68465,41.71364],[-87.68477,41.71364],[-87.68489,41.71364],[-87.68495,41.71364],[-87.68558,41.71363],[-87.68589,41.71363],[-87.68607,41.71363],[-87.68663,41.71362],[-87.68675,41.71362],[-87.6868,41.71362],[-87.68705,41.71362],[-87.68777,41.71361],[-87.68801,41.71361],[-87.68826,41.7136],[-87.689,41.71359],[-87.68925,41.71359],[-87.6895,41.71359],[-87.68989,41.71359],[-87.69023,41.71358],[-87.69048,41.71358],[-87.69073,41.71358],[-87.6911,41.71357],[-87.69148,41.71357],[-87.69173,41.71357],[-87.69173,41.71338],[-87.69172,41.71309],[-87.69171,41.71284],[-87.6917,41.71266],[-87.6917,41.71248],[-87.69168,41.71193],[-87.69167,41.71175],[-87.69167,41.71156],[-87.69165,41.71102],[-87.69165,41.71084],[-87.69164,41.71066],[-87.69162,41.71011],[-87.69162,41.70993],[-87.69161,41.70975],[-87.69159,41.7092],[-87.69159,41.70902],[-87.69158,41.70884],[-87.69156,41.70829],[-87.69156,41.70811],[-87.69155,41.70793],[-87.69153,41.7074],[-87.69153,41.70728],[-87.69154,41.70722],[-87.69161,41.7072],[-87.69202,41.7072],[-87.69206,41.7072],[-87.69349,41.70718],[-87.69398,41.70718],[-87.69447,41.70717],[-87.69556,41.70716],[-87.69596,41.70715],[-87.69623,41.70715],[-87.69627,41.70715],[-87.69645,41.70715],[-87.69668,41.70714],[-87.69729,41.70713],[-87.69844,41.70711],[-87.70137,41.70708],[-87.70136,41.70694],[-87.70133,41.70637],[-87.70133,41.70619],[-87.70157,41.70618],[-87.70194,41.70618],[-87.7023,41.70618],[-87.70255,41.70617],[-87.70279,41.70617],[-87.70315,41.70617],[-87.70354,41.70616],[-87.70379,41.70616],[-87.70404,41.70615],[-87.70446,41.70615],[-87.70479,41.70614],[-87.70504,41.70614],[-87.70528,41.70614],[-87.70566,41.70613],[-87.706,41.70613],[-87.70625,41.70612],[-87.70649,41.70612],[-87.70685,41.70611],[-87.70722,41.70611],[-87.70746,41.70611],[-87.70771,41.7061],[-87.70847,41.70609],[-87.70872,41.70609],[-87.70891,41.70608],[-87.70897,41.70608],[-87.70971,41.70608],[-87.70996,41.70608],[-87.71019,41.70608],[-87.71089,41.70608],[-87.71112,41.70608],[-87.71113,41.70643],[-87.71117,41.70749],[-87.71118,41.70771],[-87.71118,41.70784],[-87.71118,41.70787],[-87.71119,41.70797],[-87.71119,41.70821],[-87.71123,41.7093],[-87.71124,41.70967],[-87.71125,41.71003],[-87.71128,41.711],[-87.71129,41.71113],[-87.7113,41.71149],[-87.71147,41.7115],[-87.71198,41.71152],[-87.71215,41.71153],[-87.71256,41.71151],[-87.71258,41.7133],[-87.71282,41.71329],[-87.71356,41.71328],[-87.7138,41.71328],[-87.71404,41.71327],[-87.71441,41.71327],[-87.71477,41.71326],[-87.71501,41.71326],[-87.71526,41.71326],[-87.71563,41.71325],[-87.71599,41.71325],[-87.71624,41.71324],[-87.71649,41.71324],[-87.71685,41.71323],[-87.71722,41.71323],[-87.71746,41.71323],[-87.71771,41.71322],[-87.71808,41.71322],[-87.71844,41.71321],[-87.71869,41.71321],[-87.71893,41.7132],[-87.71966,41.71319],[-87.71991,41.71319],[-87.72015,41.71318],[-87.72049,41.71318],[-87.72088,41.71317],[-87.72112,41.71317],[-87.72112,41.71298],[-87.72111,41.71243],[-87.7211,41.71225],[-87.7211,41.71207],[-87.72109,41.71153],[-87.72109,41.71135],[-87.72108,41.71098],[-87.72105,41.70989],[-87.72104,41.70952],[-87.72103,41.70946],[-87.72103,41.70924],[-87.72101,41.7086],[-87.721,41.70838],[-87.72099,41.70825],[-87.72098,41.70785],[-87.72098,41.70771],[-87.72097,41.70752],[-87.72096,41.70719],[-87.72093,41.70621],[-87.72091,41.70588],[-87.72091,41.70568],[-87.72083,41.70404],[-87.72079,41.7032],[-87.72079,41.7031],[-87.72076,41.70223],[-87.72075,41.70204],[-87.72074,41.70181],[-87.72073,41.70149],[-87.72072,41.70131],[-87.72072,41.70113],[-87.72071,41.7009],[-87.7207,41.70058],[-87.72069,41.7004],[-87.72068,41.70028],[-87.72068,41.70021],[-87.72067,41.69967],[-87.72067,41.69948],[-87.72067,41.6993],[-87.72065,41.69875],[-87.72064,41.69857],[-87.72062,41.69804],[-87.72059,41.69744],[-87.72056,41.69705],[-87.72055,41.69671],[-87.72054,41.69655],[-87.72054,41.69647],[-87.72052,41.6961],[-87.72052,41.69595],[-87.72051,41.69581],[-87.72053,41.69575],[-87.72053,41.69573],[-87.72055,41.69566],[-87.72053,41.69507],[-87.72052,41.69485],[-87.7205,41.69449],[-87.72046,41.69341],[-87.72046,41.69335],[-87.72045,41.69324],[-87.72042,41.69305],[-87.7204,41.69294],[-87.72039,41.6927],[-87.72039,41.69254],[-87.72037,41.69217],[-87.72034,41.69172],[-87.72033,41.69163],[-87.72032,41.69127],[-87.72044,41.6913],[-87.72054,41.69132],[-87.72117,41.69131],[-87.72168,41.6913],[-87.72299,41.69128],[-87.72375,41.69127],[-87.72388,41.69126],[-87.72461,41.69125],[-87.72463,41.69125],[-87.72472,41.69125],[-87.72475,41.69125],[-87.72496,41.69124],[-87.72521,41.69124],[-87.72558,41.69124],[-87.72571,41.69124],[-87.72579,41.69123],[-87.72594,41.69123],[-87.72648,41.69122],[-87.72665,41.69121],[-87.72922,41.69116],[-87.73007,41.69114],[-87.73031,41.69114],[-87.73102,41.69112],[-87.73125,41.69112],[-87.73149,41.69112],[-87.73222,41.6911],[-87.73247,41.6911],[-87.73295,41.69109],[-87.73441,41.69106],[-87.73453,41.69106],[-87.73489,41.69106],[-87.73538,41.69105],[-87.73629,41.69103],[-87.73683,41.69102],[-87.73687,41.69102],[-87.73718,41.691],[-87.73732,41.69098],[-87.73756,41.69095],[-87.73828,41.69094],[-87.73853,41.69094],[-87.73877,41.69093],[-87.7393,41.69093],[-87.73949,41.69091],[-87.73973,41.69089],[-87.73973,41.69088],[-87.73973,41.69084],[-87.73973,41.69083],[-87.73972,41.6907],[-87.73968,41.68939],[-87.73968,41.68921],[-87.73966,41.689],[-87.73959,41.6872],[-87.73952,41.68536],[-87.73951,41.68507],[-87.73945,41.68363],[-87.7392,41.68364],[-87.73846,41.68365],[-87.73843,41.68365],[-87.73822,41.68365],[-87.7381,41.68365],[-87.73805,41.68365],[-87.73753,41.68367],[-87.73736,41.68367],[-87.73673,41.68368],[-87.73609,41.68369],[-87.73547,41.6837],[-87.73432,41.68372],[-87.73226,41.68376],[-87.7319,41.68377],[-87.73118,41.68378],[-87.7311,41.68378],[-87.73099,41.68378],[-87.73079,41.68379],[-87.73072,41.68379],[-87.72991,41.6838],[-87.72975,41.6838],[-87.72965,41.68381],[-87.72938,41.68381],[-87.72857,41.68382],[-87.72831,41.68383],[-87.72811,41.68383],[-87.72799,41.68383],[-87.72705,41.68385],[-87.72673,41.68385],[-87.72636,41.68386],[-87.72557,41.68387],[-87.72526,41.68388],[-87.7249,41.68388],[-87.72482,41.68388],[-87.72458,41.68389],[-87.72451,41.68389],[-87.72434,41.68389],[-87.72385,41.6839],[-87.72368,41.6839],[-87.72344,41.68391],[-87.72305,41.68392],[-87.72271,41.68392],[-87.72247,41.68393],[-87.72223,41.68393],[-87.72155,41.68394],[-87.7215,41.68394],[-87.72133,41.68394],[-87.72126,41.68394],[-87.72102,41.68395],[-87.72096,41.68395],[-87.7203,41.68396],[-87.72007,41.68397],[-87.71988,41.68397],[-87.71933,41.68398],[-87.71915,41.68398],[-87.71901,41.68398],[-87.71891,41.68398],[-87.71884,41.68398],[-87.71791,41.684],[-87.7176,41.684],[-87.71711,41.68401],[-87.71564,41.68403],[-87.71515,41.68404],[-87.71467,41.68405],[-87.71322,41.68407],[-87.71274,41.68408],[-87.71244,41.68408],[-87.71212,41.68408],[-87.71155,41.68409],[-87.71152,41.68409],[-87.71149,41.68364],[-87.71148,41.68319],[-87.71145,41.68273],[-87.71142,41.68227],[-87.71136,41.68227],[-87.71132,41.68195],[-87.71133,41.68181],[-87.7116,41.6818],[-87.71158,41.68136],[-87.71139,41.68127],[-87.71138,41.68091],[-87.71136,41.68044],[-87.71122,41.68044],[-87.71111,41.68044],[-87.71037,41.68045],[-87.71031,41.68045],[-87.71019,41.68046],[-87.71013,41.68048],[-87.71001,41.68053],[-87.70997,41.68054],[-87.70993,41.68055],[-87.70966,41.68055],[-87.70886,41.68056],[-87.7088,41.68056],[-87.7082,41.68056],[-87.70771,41.68056],[-87.70757,41.68056],[-87.70732,41.68057],[-87.70723,41.68056],[-87.70715,41.68055],[-87.70609,41.68056],[-87.70577,41.68057],[-87.70529,41.68058],[-87.70528,41.68068],[-87.70528,41.68075],[-87.70529,41.68102],[-87.7053,41.68127],[-87.70531,41.68145],[-87.70531,41.68163],[-87.70533,41.68191],[-87.70533,41.68205],[-87.70534,41.68218],[-87.70534,41.68223],[-87.70534,41.68236],[-87.70535,41.68246],[-87.70536,41.68283],[-87.70537,41.68296],[-87.70538,41.68328],[-87.70538,41.68346],[-87.7054,41.68374],[-87.70541,41.68401],[-87.70542,41.68419],[-87.70493,41.6842],[-87.70487,41.6842],[-87.70347,41.68422],[-87.70298,41.68422],[-87.70273,41.68423],[-87.70199,41.68424],[-87.70174,41.68424],[-87.7015,41.68425],[-87.70079,41.68426],[-87.70055,41.68426],[-87.70056,41.68453],[-87.70059,41.68535],[-87.7006,41.68562],[-87.70061,41.68572],[-87.70062,41.68603],[-87.70062,41.68613],[-87.70038,41.68614],[-87.70002,41.68614],[-87.69964,41.68615],[-87.6994,41.68615],[-87.6994,41.68622],[-87.69941,41.68633],[-87.69942,41.68645],[-87.69942,41.68652],[-87.69942,41.6867],[-87.69945,41.68723],[-87.69945,41.6874],[-87.69946,41.68751],[-87.69947,41.68783],[-87.69947,41.68793],[-87.69923,41.68794],[-87.69887,41.68794],[-87.6985,41.68795],[-87.69844,41.68795],[-87.69826,41.68795],[-87.69803,41.68794],[-87.69799,41.68794],[-87.69766,41.68795],[-87.69743,41.68796],[-87.69732,41.68796],[-87.69709,41.68797],[-87.69699,41.68797],[-87.69678,41.68798],[-87.69669,41.68798],[-87.69661,41.68798],[-87.69659,41.68799],[-87.69651,41.688],[-87.69645,41.68801],[-87.69643,41.68801],[-87.69625,41.68802],[-87.69615,41.68803],[-87.69572,41.68803],[-87.6957,41.68739],[-87.69564,41.6851],[-87.69563,41.68434],[-87.69557,41.68433],[-87.69548,41.68433],[-87.69467,41.68435],[-87.6944,41.68435],[-87.69178,41.68439],[-87.69082,41.6844],[-87.69056,41.6844],[-87.68978,41.68442],[-87.68952,41.68442],[-87.68927,41.68442],[-87.6889,41.68443],[-87.68854,41.68443],[-87.68829,41.68444],[-87.68805,41.68444],[-87.68731,41.68445],[-87.68706,41.68446],[-87.68685,41.68446],[-87.68621,41.68447],[-87.686,41.68447],[-87.68597,41.68447],[-87.68589,41.68447],[-87.68586,41.68447],[-87.68585,41.68429],[-87.68583,41.68405],[-87.68581,41.68375],[-87.68581,41.68357],[-87.6858,41.68338],[-87.68578,41.68284],[-87.68577,41.68266],[-87.68577,41.68248],[-87.68576,41.68193],[-87.68575,41.68175],[-87.68575,41.68157],[-87.68572,41.68102],[-87.68572,41.68084],[-87.68568,41.67993],[-87.68566,41.67949],[-87.6857,41.67903],[-87.68576,41.67862],[-87.68585,41.67837],[-87.68593,41.67813],[-87.68601,41.67795],[-87.68628,41.67739],[-87.68636,41.6772],[-87.68631,41.6772],[-87.68621,41.67721],[-87.68575,41.67721],[-87.6856,41.67721],[-87.68536,41.67722],[-87.68499,41.67722],[-87.68462,41.67723],[-87.68438,41.67724],[-87.68413,41.67724],[-87.68376,41.67725],[-87.6834,41.67726],[-87.68315,41.67726],[-87.68291,41.67727],[-87.68285,41.67727],[-87.68254,41.67728],[-87.68217,41.67729],[-87.68193,41.6773],[-87.68168,41.6773],[-87.68132,41.67728],[-87.68113,41.67727],[-87.68094,41.67726],[-87.6807,41.67726],[-87.68038,41.67724],[-87.68034,41.67724],[-87.67988,41.67724],[-87.67956,41.67723],[-87.67927,41.67723],[-87.67891,41.67723],[-87.67876,41.67723],[-87.67838,41.67723],[-87.67817,41.67723],[-87.67726,41.67725],[-87.67689,41.67726],[-87.67655,41.67726],[-87.67551,41.67728],[-87.67516,41.67729],[-87.67485,41.67729],[-87.67393,41.67731],[-87.67391,41.67731],[-87.6736,41.67732],[-87.67352,41.67732],[-87.6733,41.67732],[-87.67323,41.67732],[-87.67307,41.67732],[-87.6726,41.67733],[-87.67257,41.67733],[-87.67241,41.67733],[-87.67236,41.67733],[-87.6723,41.67733],[-87.67198,41.67734],[-87.67188,41.67734],[-87.67171,41.67734],[-87.67126,41.67735],[-87.67121,41.67735],[-87.67115,41.67736],[-87.67105,41.67736],[-87.67095,41.67736],[-87.67064,41.67737],[-87.67054,41.67737],[-87.67015,41.67738],[-87.66898,41.6774],[-87.66859,41.67741],[-87.66844,41.67741],[-87.668,41.67742],[-87.66785,41.67742],[-87.66813,41.67691],[-87.66855,41.67613],[-87.66771,41.67595],[-87.66715,41.67583],[-87.66713,41.67589],[-87.66706,41.67604],[-87.66704,41.67609],[-87.66657,41.67744],[-87.66652,41.67744],[-87.66624,41.67745],[-87.666,41.67745],[-87.66527,41.67747],[-87.66503,41.67747],[-87.66478,41.67748],[-87.66405,41.67749],[-87.66381,41.67749],[-87.66354,41.6775],[-87.66273,41.67752],[-87.66246,41.67752],[-87.66234,41.67752],[-87.66214,41.67753],[-87.66198,41.67753],[-87.66195,41.67753],[-87.66176,41.67754],[-87.66156,41.67754],[-87.66152,41.67754],[-87.66136,41.67754],[-87.66138,41.67747],[-87.66138,41.67724],[-87.66138,41.67718],[-87.66136,41.67666],[-87.66136,41.67631],[-87.66138,41.67607],[-87.66138,41.67599],[-87.66134,41.67583],[-87.66133,41.67571],[-87.66132,41.67535],[-87.66132,41.67526],[-87.66128,41.67425],[-87.66127,41.67389],[-87.66126,41.6736],[-87.66126,41.67353],[-87.66122,41.67243],[-87.66121,41.67207],[-87.6612,41.67172],[-87.66118,41.67141],[-87.66118,41.67119],[-87.66117,41.67088],[-87.66116,41.67068],[-87.66115,41.67033],[-87.66083,41.67033],[-87.66,41.67032],[-87.65987,41.67032],[-87.65955,41.67032],[-87.65938,41.67032],[-87.65936,41.67032],[-87.65927,41.67032],[-87.65888,41.67033],[-87.6588,41.67033],[-87.65872,41.67031],[-87.65865,41.67029],[-87.65862,41.67029],[-87.6583,41.67029],[-87.6582,41.67029],[-87.65805,41.67029],[-87.65763,41.6703],[-87.65749,41.6703],[-87.65725,41.6703],[-87.65711,41.67031],[-87.65652,41.67031],[-87.65628,41.67032],[-87.65604,41.67032],[-87.65567,41.67033],[-87.65531,41.67033],[-87.65507,41.67034],[-87.65494,41.67034],[-87.65457,41.67035],[-87.65445,41.67035],[-87.65433,41.67035],[-87.65427,41.67035],[-87.65396,41.67035],[-87.65384,41.67036],[-87.6536,41.67036],[-87.65324,41.67036],[-87.65287,41.67037],[-87.65263,41.67037],[-87.65238,41.67038],[-87.65201,41.67038],[-87.65165,41.67039],[-87.65141,41.67039],[-87.65117,41.6704],[-87.65079,41.6704],[-87.65043,41.67041],[-87.65019,41.67041],[-87.64995,41.67041],[-87.64958,41.67042],[-87.64921,41.67042],[-87.64897,41.67043],[-87.64873,41.67043],[-87.64836,41.67044],[-87.648,41.67044],[-87.64776,41.67045],[-87.64751,41.67045],[-87.64715,41.67046],[-87.64678,41.67046],[-87.64653,41.67047],[-87.64629,41.67047],[-87.64593,41.67048],[-87.64556,41.67048],[-87.64532,41.67049],[-87.64507,41.67049],[-87.64471,41.67049],[-87.64434,41.6705],[-87.6441,41.6705],[-87.64385,41.67051],[-87.64349,41.67051],[-87.64312,41.67052],[-87.64288,41.67052],[-87.64264,41.67052],[-87.64227,41.67053],[-87.64191,41.67054],[-87.64167,41.67054],[-87.64166,41.67017],[-87.64164,41.66963],[-87.64162,41.66908],[-87.6416,41.66871],[-87.64159,41.66842],[-87.64159,41.66835],[-87.64157,41.66733],[-87.64156,41.66726],[-87.64155,41.66689],[-87.64153,41.66658],[-87.64153,41.66653],[-87.6415,41.66543],[-87.64149,41.66507],[-87.64148,41.6647],[-87.64145,41.66397],[-87.64144,41.66361],[-87.64142,41.66325],[-87.64167,41.66324],[-87.64205,41.66324],[-87.64241,41.66323],[-87.64265,41.66323],[-87.64289,41.66322],[-87.64326,41.66322],[-87.64362,41.66321],[-87.64386,41.66321],[-87.64411,41.66321],[-87.64448,41.6632],[-87.64484,41.66319],[-87.64508,41.66319],[-87.64533,41.66319],[-87.64569,41.66318],[-87.64605,41.66318],[-87.64629,41.66317],[-87.6464,41.66317],[-87.64672,41.66317],[-87.64683,41.66316],[-87.64689,41.66316],[-87.64701,41.66316],[-87.6472,41.66316],[-87.64717,41.66208],[-87.64714,41.66134],[-87.64714,41.66067],[-87.64713,41.66016],[-87.64711,41.65992],[-87.64707,41.65876],[-87.64705,41.6583],[-87.64701,41.65821],[-87.647,41.65787],[-87.647,41.65774],[-87.647,41.65711],[-87.647,41.65698],[-87.64685,41.65703],[-87.64572,41.65711],[-87.64235,41.65735],[-87.6417,41.6574],[-87.64127,41.65743],[-87.64122,41.65743],[-87.64097,41.65743],[-87.64089,41.65743],[-87.64072,41.65743],[-87.64031,41.65743],[-87.63869,41.65743],[-87.63758,41.65743],[-87.63666,41.65743],[-87.63636,41.65743],[-87.63544,41.65743],[-87.63513,41.65743],[-87.63442,41.65745],[-87.6323,41.65749],[-87.63159,41.6575],[-87.63153,41.6575],[-87.63147,41.65749],[-87.63128,41.65747],[-87.63109,41.65748],[-87.63097,41.6575],[-87.62979,41.65821],[-87.62801,41.65929],[-87.62624,41.66035],[-87.62511,41.66102],[-87.62506,41.66106],[-87.62471,41.66129],[-87.62445,41.66133],[-87.62242,41.66163],[-87.62175,41.66173],[-87.62097,41.66149],[-87.61985,41.66113],[-87.61954,41.65992],[-87.61946,41.65958],[-87.6194,41.65936],[-87.61935,41.65913],[-87.61925,41.65912],[-87.61897,41.65909],[-87.61888,41.65908],[-87.6188,41.65909],[-87.61859,41.65911],[-87.61852,41.65912],[-87.6185,41.65911],[-87.61848,41.6591],[-87.61842,41.6591],[-87.61836,41.6591],[-87.61831,41.6591],[-87.61861,41.65773],[-87.6187,41.65734],[-87.61892,41.6564],[-87.61907,41.65575],[-87.61937,41.65467],[-87.61969,41.65382],[-87.61974,41.65369],[-87.61976,41.65363],[-87.6203,41.65241],[-87.62034,41.65235],[-87.62045,41.65215],[-87.62048,41.65208],[-87.6205,41.65205],[-87.62056,41.65195],[-87.62057,41.65192],[-87.62058,41.6519],[-87.62062,41.65183],[-87.62063,41.6518],[-87.62074,41.65159],[-87.62081,41.65146],[-87.62099,41.65112],[-87.62107,41.65095],[-87.62108,41.65093],[-87.62118,41.65074],[-87.62121,41.65068],[-87.6213,41.65048],[-87.62133,41.65042],[-87.62129,41.65041],[-87.62126,41.65041],[-87.62112,41.65035],[-87.62079,41.65025],[-87.62054,41.65017],[-87.62047,41.65014],[-87.62024,41.6501],[-87.61994,41.65008],[-87.61937,41.65007],[-87.61907,41.65004],[-87.61857,41.65004],[-87.61806,41.64996],[-87.61801,41.64995],[-87.61778,41.64995],[-87.61753,41.64997],[-87.61723,41.65002],[-87.61723,41.6498],[-87.61723,41.64916],[-87.61723,41.64894],[-87.61723,41.64874],[-87.61723,41.64813],[-87.61723,41.64801],[-87.61723,41.64792],[-87.61723,41.64786],[-87.61723,41.64774],[-87.61724,41.64749],[-87.61724,41.64721],[-87.61724,41.64719],[-87.61724,41.64704],[-87.61724,41.64691],[-87.61723,41.64681],[-87.61723,41.64672],[-87.61723,41.6465],[-87.61723,41.64575],[-87.61723,41.64473],[-87.61723,41.64461],[-87.61723,41.64458],[-87.6144,41.6446],[-87.61399,41.64461],[-87.61329,41.64461],[-87.61272,41.6446],[-87.6123,41.6446],[-87.61226,41.6446],[-87.61209,41.6446],[-87.61198,41.6446],[-87.61145,41.6446],[-87.61124,41.6446],[-87.61096,41.6446],[-87.61062,41.6446],[-87.61042,41.6446],[-87.61013,41.6446],[-87.60985,41.6446],[-87.60961,41.64461],[-87.60925,41.64461],[-87.6089,41.64461],[-87.60866,41.64461],[-87.60854,41.64461],[-87.60818,41.64461],[-87.60806,41.64461],[-87.60768,41.64461],[-87.60738,41.64461],[-87.60653,41.64461],[-87.60615,41.64461],[-87.60606,41.64461],[-87.60582,41.64461],[-87.60574,41.64461],[-87.60524,41.64461],[-87.60486,41.64461],[-87.60443,41.64461],[-87.60374,41.64461],[-87.60324,41.64461],[-87.60241,41.64461],[-87.60216,41.64461],[-87.60124,41.64461],[-87.60002,41.64461],[-87.59925,41.64461],[-87.59892,41.64461],[-87.59824,41.64461],[-87.59784,41.64461],[-87.59778,41.64461],[-87.59618,41.64459],[-87.59616,41.64459],[-87.59532,41.6446],[-87.59445,41.6446],[-87.59406,41.64461],[-87.59361,41.64461],[-87.59333,41.64462],[-87.5929,41.64464],[-87.59156,41.64464],[-87.59113,41.64464],[-87.59111,41.64464],[-87.59044,41.64464],[-87.58945,41.64465],[-87.58919,41.64465],[-87.5884,41.64465],[-87.58813,41.64466],[-87.58784,41.64467],[-87.58695,41.6447],[-87.58666,41.64471],[-87.58616,41.64472],[-87.5861,41.64472],[-87.58553,41.64472],[-87.58485,41.64473],[-87.58467,41.64473],[-87.58417,41.64473],[-87.58332,41.64473],[-87.5808,41.64473],[-87.57996,41.64473],[-87.57968,41.64473],[-87.57906,41.64473],[-87.57886,41.64473],[-87.57859,41.64473],[-87.57848,41.64473],[-87.57839,41.64473],[-87.57789,41.64473],[-87.57578,41.64472],[-87.57508,41.64471],[-87.57503,41.64471],[-87.57491,41.64471],[-87.57487,41.64472],[-87.57439,41.64471],[-87.57314,41.6447],[-87.57298,41.6447],[-87.57265,41.64469],[-87.5725,41.64469],[-87.57225,41.64469],[-87.57149,41.64469],[-87.57124,41.64469],[-87.571,41.64468],[-87.57026,41.64468],[-87.57002,41.64468],[-87.56975,41.64467],[-87.56896,41.64467],[-87.56869,41.64467],[-87.56847,41.64466],[-87.56781,41.64466],[-87.56759,41.64466],[-87.56736,41.64466],[-87.56667,41.64465],[-87.56644,41.64465],[-87.56621,41.64465],[-87.5655,41.64464],[-87.56526,41.64464],[-87.56502,41.64464],[-87.56431,41.64464],[-87.56407,41.64464],[-87.56387,41.64464],[-87.56326,41.64467],[-87.56305,41.64468],[-87.56292,41.64469],[-87.56252,41.64474],[-87.56238,41.64475],[-87.56201,41.64474],[-87.56089,41.64472],[-87.56052,41.64472],[-87.55961,41.64459],[-87.55932,41.64455],[-87.55912,41.64455],[-87.55854,41.64455],[-87.55835,41.64455],[-87.55829,41.64455],[-87.55812,41.64455],[-87.55807,41.64455],[-87.55692,41.64454],[-87.55628,41.64454],[-87.55349,41.64454],[-87.55234,41.64454],[-87.55147,41.64453],[-87.54978,41.64451],[-87.54887,41.6445],[-87.548,41.64449],[-87.54696,41.64451],[-87.54532,41.64454],[-87.54386,41.64458],[-87.54282,41.64461],[-87.54278,41.6446],[-87.54267,41.64455],[-87.54263,41.64454],[-87.54256,41.64454],[-87.54234,41.64455],[-87.54227,41.64455],[-87.54225,41.64454],[-87.54217,41.64449],[-87.54215,41.64447],[-87.54199,41.64446],[-87.54154,41.64445],[-87.54139,41.64445],[-87.54137,41.64445],[-87.54133,41.64446],[-87.54131,41.64446],[-87.54115,41.64443],[-87.54067,41.64432],[-87.54051,41.64429],[-87.54039,41.64429],[-87.54003,41.64431],[-87.53992,41.64432],[-87.53969,41.64437],[-87.53901,41.64449],[-87.53879,41.64454],[-87.53872,41.64453],[-87.53854,41.64453],[-87.53847,41.64453],[-87.53594,41.64455],[-87.52961,41.64459],[-87.52834,41.6446],[-87.52708,41.64461],[-87.5258,41.64461],[-87.52577,41.64461],[-87.5257,41.64458],[-87.52567,41.64457],[-87.52565,41.64459],[-87.52557,41.64462],[-87.52554,41.64464],[-87.52551,41.64464],[-87.52543,41.64464],[-87.5254,41.64464],[-87.525,41.64464],[-87.52484,41.64729],[-87.52489,41.64728],[-87.52479,41.65012],[-87.52484,41.65014],[-87.52479,41.65139],[-87.52478,41.65374],[-87.52479,41.65452],[-87.52479,41.65563],[-87.52474,41.65674],[-87.52474,41.65723],[-87.52474,41.6587],[-87.52474,41.6592],[-87.52474,41.66044],[-87.52476,41.66173],[-87.52486,41.66758],[-87.52485,41.66788],[-87.52478,41.67198],[-87.52476,41.67353],[-87.52479,41.67373],[-87.52484,41.67544],[-87.52484,41.67648],[-87.52482,41.68095],[-87.52474,41.68173],[-87.52481,41.68641],[-87.52481,41.68694],[-87.52466,41.6918],[-87.52463,41.69333],[-87.52463,41.69361],[-87.52463,41.69378],[-87.52461,41.69513],[-87.52462,41.69542],[-87.52462,41.69724],[-87.52456,41.69904],[-87.52454,41.70075],[-87.52454,41.70087],[-87.52446,41.70268],[-87.52447,41.70276],[-87.52447,41.70287],[-87.52447,41.70293],[-87.52447,41.70313],[-87.52447,41.7033],[-87.52444,41.70405],[-87.52431,41.7066],[-87.52422,41.70751],[-87.52419,41.70789],[-87.52417,41.70818],[-87.52416,41.70831],[-87.5242,41.71256],[-87.52424,41.71698],[-87.52423,41.71727],[-87.52431,41.71821],[-87.52432,41.71832],[-87.5242,41.71951],[-87.52416,41.72185],[-87.52415,41.72244],[-87.52415,41.72296],[-87.52415,41.72313],[-87.52414,41.72382],[-87.52399,41.73513],[-87.52394,41.73895],[-87.52389,41.74277],[-87.52366,41.75991],[-87.52445,41.76004],[-87.52708,41.75961],[-87.53732,41.75798],[-87.54074,41.75744],[-87.54111,41.75777],[-87.54149,41.75777],[-87.54216,41.75838],[-87.54245,41.75863],[-87.54258,41.75875],[-87.54249,41.75903],[-87.54364,41.76013],[-87.54388,41.75996],[-87.54401,41.75988],[-87.54407,41.75987],[-87.54418,41.75987],[-87.54425,41.75985],[-87.54438,41.75978],[-87.5445,41.75974],[-87.54458,41.75973],[-87.54462,41.75973],[-87.54485,41.75975],[-87.54497,41.75974],[-87.54508,41.7597],[-87.54537,41.75956],[-87.5455,41.75949],[-87.54577,41.75936],[-87.54592,41.7593],[-87.54595,41.7593],[-87.54606,41.75926],[-87.54627,41.75918],[-87.54639,41.75912],[-87.54643,41.75912],[-87.54647,41.75909],[-87.5466,41.75907],[-87.54665,41.75905],[-87.54677,41.75903],[-87.54698,41.75898],[-87.54708,41.75895],[-87.54716,41.75893],[-87.5474,41.75892],[-87.54782,41.75894],[-87.54784,41.75894],[-87.54809,41.75897],[-87.54843,41.75901],[-87.54846,41.75901],[-87.5487,41.75904],[-87.5488,41.75906],[-87.54885,41.75908],[-87.54889,41.75908],[-87.54893,41.7591],[-87.54897,41.7591],[-87.5492,41.75917],[-87.54941,41.75923],[-87.54964,41.75929],[-87.54996,41.75938],[-87.55002,41.75939],[-87.55014,41.75943],[-87.55029,41.75949],[-87.55038,41.75953],[-87.55041,41.75954],[-87.55048,41.75957],[-87.55056,41.75959],[-87.5507,41.75965],[-87.55083,41.7597],[-87.55092,41.75973],[-87.55107,41.7598],[-87.55109,41.75981],[-87.5512,41.75986],[-87.5513,41.75989],[-87.55139,41.75992],[-87.55158,41.75996],[-87.55173,41.76001],[-87.55183,41.76005],[-87.55201,41.76016],[-87.55215,41.76024],[-87.55228,41.76031],[-87.55236,41.76033],[-87.55253,41.76038],[-87.55266,41.76043],[-87.553,41.76065],[-87.55316,41.76072],[-87.55352,41.76089],[-87.55364,41.76095],[-87.55389,41.76111],[-87.55405,41.76118],[-87.55414,41.76125],[-87.55418,41.76129],[-87.5542,41.76132],[-87.55423,41.76135],[-87.55424,41.76138],[-87.55426,41.7614],[-87.55429,41.76147],[-87.55432,41.76155],[-87.55444,41.76178],[-87.55451,41.76191],[-87.55451,41.76196],[-87.55501,41.76173],[-87.55519,41.76179],[-87.55526,41.76181],[-87.55529,41.76181],[-87.55543,41.76183],[-87.55559,41.76188],[-87.55562,41.76189],[-87.55573,41.76194],[-87.55595,41.76199],[-87.5562,41.76201],[-87.5563,41.76203],[-87.55635,41.76206],[-87.55639,41.76209],[-87.55645,41.76216],[-87.55664,41.76238],[-87.55673,41.76248],[-87.55684,41.76257],[-87.55688,41.76257],[-87.55693,41.76257],[-87.55705,41.76254],[-87.55755,41.76285],[-87.55759,41.76313],[-87.5576,41.7632],[-87.55794,41.76353],[-87.55829,41.76386],[-87.55852,41.76404],[-87.55871,41.76393],[-87.55925,41.76429],[-87.55946,41.76443],[-87.55944,41.76473],[-87.55943,41.7648],[-87.55965,41.765],[-87.55968,41.765],[-87.5597,41.765],[-87.55992,41.76493],[-87.56008,41.76502],[-87.56012,41.76506],[-87.56021,41.76514],[-87.56031,41.76526],[-87.56038,41.76538],[-87.56052,41.76563],[-87.56053,41.76565],[-87.56063,41.76594],[-87.56062,41.76601],[-87.56061,41.76603],[-87.56057,41.76612],[-87.56056,41.76614],[-87.56048,41.76622],[-87.56046,41.76623],[-87.56042,41.76624],[-87.5601,41.76634],[-87.5598,41.76638],[-87.55979,41.76639],[-87.55956,41.76644],[-87.55942,41.76647],[-87.55934,41.76662],[-87.55937,41.76892],[-87.55938,41.76902],[-87.55944,41.76932],[-87.55959,41.76924],[-87.55971,41.76904],[-87.55981,41.76883],[-87.55992,41.76851],[-87.55996,41.76848],[-87.56,41.76845],[-87.56004,41.76844],[-87.56014,41.76844],[-87.5603,41.76845],[-87.56048,41.7685],[-87.56061,41.76856],[-87.56073,41.76859],[-87.56084,41.76862],[-87.56087,41.76862],[-87.56101,41.76865],[-87.56156,41.7688],[-87.5616,41.76882],[-87.56164,41.76883],[-87.56198,41.76897],[-87.56212,41.76904],[-87.56229,41.76912],[-87.56254,41.7693],[-87.5626,41.76937],[-87.56263,41.76942],[-87.56275,41.76966],[-87.56288,41.76989],[-87.56295,41.77004],[-87.56298,41.77007],[-87.56313,41.77036],[-87.56319,41.77044],[-87.5632,41.77048],[-87.56329,41.77062],[-87.5634,41.77084],[-87.56346,41.77093],[-87.56336,41.77137],[-87.56333,41.77153],[-87.56329,41.77192],[-87.5634,41.77209],[-87.56368,41.77214],[-87.56402,41.77214],[-87.5643,41.77222],[-87.56438,41.77224],[-87.56524,41.77282],[-87.56602,41.7733],[-87.5661,41.77339],[-87.56615,41.77348],[-87.56612,41.77354],[-87.56605,41.7736],[-87.56609,41.77371],[-87.56622,41.77384],[-87.56628,41.7739],[-87.56638,41.77397],[-87.56661,41.77404],[-87.56669,41.77408],[-87.56696,41.77437],[-87.56699,41.77443],[-87.56706,41.7745],[-87.56719,41.77465],[-87.56721,41.77469],[-87.56727,41.77476],[-87.5673,41.7748],[-87.56736,41.77487],[-87.56756,41.77518],[-87.56757,41.77519],[-87.56766,41.77528],[-87.56783,41.77557],[-87.56794,41.77567],[-87.56814,41.7759],[-87.56816,41.77593],[-87.56822,41.776],[-87.56825,41.77605],[-87.56831,41.77611],[-87.56835,41.77618],[-87.5684,41.77621],[-87.56845,41.77627],[-87.56871,41.77651],[-87.56886,41.77663],[-87.56945,41.777],[-87.5698,41.77717],[-87.57017,41.77733],[-87.57144,41.77832],[-87.57144,41.77836],[-87.57145,41.77838],[-87.57152,41.77844],[-87.57172,41.77866],[-87.57181,41.77876],[-87.57193,41.7789],[-87.57201,41.77897],[-87.57204,41.77903],[-87.57214,41.77915],[-87.57228,41.77927],[-87.57237,41.7793],[-87.5724,41.77932],[-87.57248,41.77934],[-87.57286,41.77934],[-87.57318,41.77923],[-87.57323,41.77921],[-87.57335,41.77913],[-87.57341,41.77906],[-87.5737,41.77899],[-87.57433,41.77942],[-87.57425,41.77945],[-87.57422,41.77947],[-87.57404,41.77953],[-87.57401,41.77955],[-87.57385,41.77961],[-87.57381,41.77963],[-87.57365,41.77969],[-87.57364,41.77969],[-87.57353,41.77971],[-87.57348,41.77974],[-87.57341,41.77976],[-87.57335,41.77977],[-87.57313,41.77985],[-87.57304,41.77991],[-87.57308,41.78001],[-87.57312,41.78013],[-87.57315,41.78027],[-87.57209,41.78055],[-87.5714,41.78073],[-87.5713,41.78075],[-87.56968,41.78117],[-87.56955,41.78121],[-87.56952,41.7813],[-87.56951,41.78139],[-87.56953,41.78143],[-87.56959,41.78147],[-87.56961,41.78149],[-87.56972,41.7815],[-87.56981,41.78152],[-87.57011,41.78152],[-87.57056,41.78152],[-87.57095,41.78154],[-87.57104,41.78156],[-87.57125,41.7816],[-87.57147,41.78168],[-87.5715,41.78168],[-87.57155,41.78169],[-87.57158,41.78169],[-87.57163,41.78171],[-87.57181,41.78174],[-87.57204,41.7818],[-87.57238,41.7819],[-87.57251,41.78196],[-87.57254,41.78197],[-87.57261,41.78199],[-87.57271,41.78201],[-87.57276,41.78203],[-87.5729,41.78207],[-87.57308,41.78212],[-87.57331,41.7822],[-87.5735,41.78229],[-87.57388,41.78246],[-87.57391,41.78248],[-87.57396,41.7825],[-87.57422,41.78266],[-87.57452,41.78281],[-87.5746,41.78285],[-87.57469,41.78291],[-87.57475,41.78294],[-87.57494,41.78307],[-87.57497,41.78308],[-87.57514,41.78319],[-87.57518,41.78322],[-87.57535,41.78331],[-87.57556,41.78345],[-87.57563,41.78349],[-87.57572,41.78354],[-87.57589,41.78369],[-87.57595,41.78376],[-87.576,41.78383],[-87.57603,41.78386],[-87.57611,41.78399],[-87.57612,41.784],[-87.57614,41.78404],[-87.57616,41.78407],[-87.57621,41.7842],[-87.57623,41.78425],[-87.57682,41.78544],[-87.57687,41.78555],[-87.57708,41.78613],[-87.57725,41.7866],[-87.57725,41.7867],[-87.57729,41.78734],[-87.57733,41.78802],[-87.57725,41.78806],[-87.57713,41.78815],[-87.57728,41.78826],[-87.57732,41.78824],[-87.57741,41.7882],[-87.57755,41.78819],[-87.5778,41.78818],[-87.57792,41.78818],[-87.57782,41.78837],[-87.57728,41.78846],[-87.57669,41.78853],[-87.57661,41.78859],[-87.57655,41.78868],[-87.57656,41.78869],[-87.57784,41.78958],[-87.57792,41.78965],[-87.57795,41.78968],[-87.57805,41.78978],[-87.57807,41.7898],[-87.57824,41.78996],[-87.57833,41.79005],[-87.57836,41.7901],[-87.57839,41.79013],[-87.57842,41.79018],[-87.5785,41.7903],[-87.57852,41.79035],[-87.57856,41.79043],[-87.57866,41.79063],[-87.5787,41.79069],[-87.57879,41.79091],[-87.57883,41.79102],[-87.57886,41.79108],[-87.57889,41.79111],[-87.5789,41.79114],[-87.57894,41.7912],[-87.57906,41.79138],[-87.57938,41.792],[-87.57946,41.79216],[-87.57952,41.79232],[-87.57958,41.79254],[-87.57959,41.79259],[-87.5796,41.79273],[-87.5796,41.79284],[-87.5795,41.79343],[-87.5795,41.79345],[-87.57932,41.79381],[-87.57913,41.79404],[-87.57907,41.79412],[-87.57905,41.79414],[-87.57857,41.79454],[-87.57845,41.79457],[-87.57831,41.79465],[-87.57804,41.79474],[-87.57736,41.79492],[-87.5769,41.79501],[-87.57684,41.79502],[-87.57626,41.79503],[-87.57606,41.79516],[-87.57579,41.79534],[-87.57552,41.79539],[-87.57544,41.79545],[-87.57535,41.79574],[-87.57527,41.79585],[-87.57523,41.79596],[-87.57517,41.79605],[-87.57515,41.79632],[-87.57524,41.79655],[-87.57529,41.79658],[-87.57598,41.79703],[-87.57618,41.79705],[-87.57647,41.79705],[-87.57731,41.79684],[-87.57757,41.79681],[-87.57782,41.79687],[-87.57817,41.79701],[-87.57826,41.79702],[-87.5783,41.79704],[-87.57858,41.79719],[-87.57969,41.79817],[-87.57999,41.79842],[-87.58016,41.79883],[-87.5804,41.79937],[-87.58051,41.79962],[-87.58088,41.80043],[-87.58087,41.80062],[-87.58085,41.80101],[-87.58082,41.80177],[-87.58073,41.80219],[-87.58066,41.80255],[-87.58064,41.80257],[-87.58062,41.80259],[-87.5806,41.80264],[-87.58048,41.80288],[-87.58041,41.80303],[-87.58006,41.80354],[-87.58003,41.80379],[-87.58003,41.80383],[-87.58003,41.80386],[-87.58026,41.80401],[-87.58053,41.80418],[-87.58063,41.80424],[-87.58112,41.80421],[-87.58124,41.80428],[-87.58129,41.80432],[-87.58138,41.8044],[-87.58158,41.80462],[-87.58375,41.80624],[-87.58413,41.80652],[-87.58436,41.80661],[-87.58439,41.80661],[-87.58459,41.80669],[-87.58467,41.80676],[-87.58483,41.80692],[-87.58486,41.80695],[-87.58507,41.80714],[-87.58518,41.80724],[-87.58523,41.80729],[-87.58539,41.80753],[-87.58554,41.80775],[-87.58562,41.80788],[-87.58568,41.80803],[-87.58592,41.80848],[-87.58607,41.8088],[-87.58624,41.80911],[-87.58634,41.80933],[-87.58638,41.80937],[-87.58639,41.8094],[-87.58644,41.80948],[-87.58666,41.8097],[-87.5867,41.80975],[-87.58673,41.8098],[-87.58678,41.80984],[-87.58683,41.8099],[-87.58693,41.81007],[-87.58697,41.81021],[-87.587,41.81038],[-87.58701,41.81054],[-87.58701,41.81062],[-87.58706,41.81144],[-87.58634,41.81164],[-87.58417,41.81223],[-87.58345,41.81243],[-87.58296,41.81338],[-87.58209,41.81508],[-87.5828,41.81618],[-87.58338,41.81708],[-87.58473,41.81918],[-87.58877,41.82548],[-87.59011,41.82758],[-87.59061,41.82836],[-87.59211,41.8307],[-87.59261,41.83148],[-87.59356,41.83295],[-87.59468,41.83469],[-87.59648,41.83733],[-87.59747,41.83878],[-87.59834,41.84005],[-87.60094,41.84385],[-87.60141,41.84453],[-87.60164,41.8452],[-87.60199,41.84618],[-87.60304,41.84914],[-87.60339,41.85013],[-87.60357,41.85065],[-87.60412,41.8522],[-87.6043,41.85271],[-87.60484,41.85424],[-87.60489,41.85606],[-87.60516,41.86638],[-87.60525,41.86982],[-87.60714,41.86952],[-87.61278,41.86864],[-87.61467,41.86834],[-87.61478,41.86825],[-87.61522,41.86825],[-87.61536,41.86825],[-87.61542,41.86828],[-87.61544,41.8683],[-87.61545,41.86837],[-87.61548,41.86844],[-87.6157,41.86862],[-87.61593,41.86876],[-87.61604,41.86882],[-87.61615,41.86884],[-87.61619,41.86886],[-87.61623,41.86888],[-87.61626,41.8689],[-87.61634,41.87186],[-87.6162,41.87198],[-87.6162,41.87216],[-87.61619,41.87328],[-87.61618,41.87351],[-87.61618,41.8742],[-87.61618,41.87443],[-87.61401,41.87443],[-87.60752,41.87443],[-87.60535,41.87443],[-87.6054,41.87455],[-87.60557,41.87491],[-87.60562,41.87503],[-87.60925,41.88233],[-87.6161,41.88226],[-87.61591,41.88237],[-87.6157,41.88244],[-87.61556,41.88246],[-87.61522,41.88248],[-87.6149,41.88248],[-87.61441,41.88253],[-87.61402,41.88262],[-87.61363,41.88276],[-87.61333,41.88293],[-87.61309,41.88311],[-87.61292,41.8833],[-87.61275,41.88352],[-87.61271,41.88371],[-87.61273,41.88398],[-87.61273,41.88438],[-87.61272,41.88514],[-87.61272,41.88566],[-87.61272,41.88793],[-87.61344,41.88789],[-87.61376,41.88806],[-87.61391,41.88808],[-87.61391,41.88832],[-87.61391,41.88842],[-87.61391,41.88884],[-87.61368,41.88886],[-87.61354,41.88889],[-87.61281,41.88903],[-87.61274,41.88904],[-87.6126,41.88907],[-87.6125,41.88913],[-87.61129,41.88923],[-87.60951,41.88924],[-87.60951,41.88945],[-87.60952,41.89097],[-87.60484,41.89101],[-87.60093,41.89106],[-87.60091,41.89138],[-87.59857,41.89138],[-87.59851,41.89219],[-87.60237,41.89215],[-87.60517,41.89212],[-87.60979,41.89207],[-87.60979,41.89213],[-87.60979,41.89233],[-87.60979,41.89293],[-87.60979,41.89313],[-87.60923,41.89313],[-87.60831,41.89315],[-87.60507,41.89319],[-87.60384,41.89323],[-87.60235,41.89328],[-87.60234,41.89391],[-87.60228,41.89391],[-87.60233,41.89536],[-87.60237,41.89634],[-87.6051,41.89633],[-87.60528,41.89624],[-87.60565,41.89624],[-87.60584,41.89641],[-87.60679,41.89638],[-87.6069,41.89622],[-87.60766,41.8962],[-87.60796,41.89619],[-87.60797,41.89627],[-87.60856,41.89627],[-87.60938,41.89625],[-87.60974,41.89624],[-87.60992,41.89623],[-87.61025,41.89619],[-87.61035,41.89599],[-87.61057,41.89567],[-87.61141,41.89449],[-87.61204,41.89343],[-87.61254,41.89312],[-87.61266,41.89312],[-87.61367,41.8931],[-87.61371,41.89312],[-87.61397,41.89347],[-87.61414,41.89371],[-87.6146,41.89427],[-87.61569,41.89588],[-87.61581,41.89606],[-87.61619,41.89659],[-87.61631,41.89677],[-87.61654,41.8971],[-87.61658,41.89715],[-87.61698,41.89777],[-87.61724,41.89807],[-87.61738,41.8983],[-87.61762,41.8987],[-87.61769,41.89883],[-87.6179,41.89919],[-87.61796,41.89928],[-87.61798,41.89931],[-87.61806,41.89945],[-87.61832,41.89988],[-87.61841,41.90002],[-87.61843,41.90005],[-87.6185,41.90015],[-87.61853,41.90019],[-87.61868,41.9004],[-87.61884,41.90065],[-87.61902,41.90086],[-87.61916,41.90106],[-87.61928,41.90116],[-87.6196,41.90138],[-87.61966,41.90143],[-87.61969,41.90144],[-87.62,41.90156],[-87.62013,41.9016],[-87.62084,41.90167],[-87.62126,41.90167],[-87.6219,41.90173],[-87.62216,41.90177],[-87.62261,41.90186],[-87.62266,41.90192],[-87.62259,41.90215],[-87.62253,41.9024],[-87.62258,41.90265],[-87.62272,41.90291],[-87.62299,41.90322],[-87.62319,41.90339],[-87.62343,41.90359],[-87.62403,41.90403],[-87.62405,41.90426],[-87.62414,41.90452],[-87.62416,41.90458],[-87.62425,41.90484],[-87.62427,41.90489],[-87.62442,41.90564],[-87.62448,41.90591],[-87.62449,41.90596],[-87.62452,41.90609],[-87.62466,41.90656],[-87.62467,41.90664],[-87.6247,41.90683],[-87.62473,41.90702],[-87.62482,41.90755],[-87.62482,41.90761],[-87.62485,41.9078],[-87.62486,41.90789],[-87.62491,41.90815],[-87.62509,41.90909],[-87.62513,41.90919],[-87.6252,41.90938],[-87.62525,41.90953],[-87.62527,41.90959],[-87.62525,41.90966],[-87.62524,41.90991],[-87.62522,41.91],[-87.62503,41.91027],[-87.62486,41.91048],[-87.62472,41.91067],[-87.62467,41.9109],[-87.62466,41.91092],[-87.62465,41.91119],[-87.62461,41.91131],[-87.6239,41.91193],[-87.62386,41.91195],[-87.62362,41.91218],[-87.62339,41.91236],[-87.62296,41.91263],[-87.62254,41.91279],[-87.6221,41.91286],[-87.62185,41.91288],[-87.62147,41.91291],[-87.62113,41.91294],[-87.62087,41.91305],[-87.62068,41.91321],[-87.62041,41.91348],[-87.62031,41.91363],[-87.6202,41.91388],[-87.6202,41.91415],[-87.62026,41.91417],[-87.6204,41.91414],[-87.62062,41.914],[-87.62079,41.91393],[-87.6213,41.9137],[-87.62162,41.91362],[-87.62217,41.91357],[-87.6226,41.91362],[-87.62307,41.91379],[-87.62402,41.91423],[-87.62446,41.91448],[-87.62497,41.91483],[-87.62516,41.91497],[-87.62564,41.9153],[-87.62593,41.91552],[-87.62602,41.91558],[-87.62648,41.91595],[-87.62666,41.91613],[-87.62672,41.91621],[-87.62679,41.91633],[-87.62671,41.91644],[-87.62739,41.91705],[-87.62765,41.91731],[-87.62775,41.9175],[-87.62773,41.9177],[-87.62747,41.91787],[-87.62763,41.91809],[-87.62779,41.91833],[-87.62808,41.91864],[-87.62832,41.9189],[-87.62851,41.91916],[-87.62844,41.9192],[-87.62806,41.9194],[-87.62814,41.91955],[-87.62844,41.91991],[-87.62854,41.92009],[-87.62859,41.92017],[-87.62896,41.92066],[-87.62896,41.92078],[-87.62855,41.921],[-87.6286,41.92112],[-87.62879,41.92136],[-87.6289,41.92155],[-87.62917,41.92194],[-87.6293,41.9221],[-87.62936,41.92228],[-87.62927,41.92255],[-87.62896,41.92273],[-87.62868,41.92294],[-87.62884,41.92316],[-87.62929,41.92374],[-87.62949,41.92416],[-87.62955,41.9244],[-87.62943,41.92452],[-87.6293,41.92462],[-87.62938,41.92478],[-87.62939,41.9248],[-87.62963,41.92519],[-87.6298,41.92576],[-87.62984,41.92603],[-87.62982,41.92608],[-87.62971,41.92609],[-87.62961,41.92613],[-87.6296,41.92618],[-87.6296,41.92653],[-87.6296,41.92665],[-87.62986,41.92715],[-87.63027,41.92764],[-87.63033,41.92769],[-87.63036,41.92772],[-87.63047,41.92785],[-87.6307,41.92816],[-87.63091,41.92865],[-87.63109,41.9292],[-87.63115,41.93037],[-87.63102,41.93101],[-87.63091,41.93135],[-87.63082,41.93166],[-87.63082,41.93168],[-87.63076,41.93199],[-87.63103,41.93223],[-87.63121,41.93253],[-87.6314,41.93284],[-87.63136,41.9329],[-87.63116,41.93294],[-87.63112,41.93295],[-87.63087,41.93303],[-87.63074,41.9331],[-87.63057,41.93326],[-87.63055,41.93338],[-87.63053,41.93351],[-87.63058,41.93365],[-87.63078,41.93393],[-87.63101,41.93424],[-87.63142,41.93477],[-87.63158,41.93507],[-87.63181,41.93541],[-87.63194,41.93568],[-87.63207,41.93598],[-87.63209,41.93613],[-87.63218,41.93664],[-87.63224,41.93684],[-87.63231,41.93705],[-87.63245,41.93729],[-87.63277,41.93765],[-87.63306,41.93815],[-87.63344,41.93874],[-87.63376,41.93948],[-87.63401,41.94035],[-87.63399,41.94065],[-87.63398,41.94086],[-87.63395,41.94105],[-87.63395,41.94128],[-87.63401,41.9414],[-87.63419,41.94152],[-87.63437,41.94157],[-87.6344,41.94156],[-87.63402,41.94248],[-87.63401,41.94245],[-87.6339,41.94233],[-87.63369,41.94219],[-87.63354,41.94216],[-87.6334,41.94218],[-87.6333,41.94229],[-87.6333,41.94238],[-87.63345,41.94278],[-87.63367,41.94304],[-87.63375,41.94314],[-87.63407,41.94339],[-87.63454,41.94378],[-87.63489,41.94412],[-87.63495,41.94419],[-87.63501,41.94422],[-87.63521,41.94441],[-87.63562,41.94486],[-87.63566,41.94488],[-87.63602,41.94523],[-87.63631,41.94559],[-87.63646,41.94574],[-87.63653,41.94583],[-87.63672,41.94599],[-87.63677,41.94607],[-87.63683,41.9461],[-87.63697,41.94632],[-87.63716,41.94654],[-87.63724,41.94664],[-87.63732,41.94673],[-87.63774,41.9473],[-87.63779,41.9474],[-87.63784,41.94746],[-87.63792,41.94765],[-87.63816,41.94807],[-87.63822,41.94821],[-87.63833,41.94843],[-87.63862,41.94903],[-87.63865,41.94909],[-87.63876,41.94931],[-87.63885,41.94948],[-87.63891,41.94966],[-87.63905,41.94993],[-87.63918,41.95021],[-87.63922,41.95028],[-87.63939,41.95072],[-87.63971,41.9513],[-87.63993,41.95177],[-87.64007,41.95223],[-87.64039,41.95292],[-87.64056,41.95328],[-87.64062,41.95356],[-87.64073,41.9538],[-87.64074,41.95385],[-87.64078,41.95406],[-87.64079,41.95408],[-87.641,41.95461],[-87.64101,41.95465],[-87.64108,41.95485],[-87.64114,41.95503],[-87.64139,41.95595],[-87.64155,41.95749],[-87.64166,41.95811],[-87.64172,41.95857],[-87.64167,41.95942],[-87.64154,41.96014],[-87.64158,41.96036],[-87.64174,41.96053],[-87.6421,41.96085],[-87.64226,41.96106],[-87.64232,41.9612],[-87.64233,41.96141],[-87.64223,41.96172],[-87.64204,41.96199],[-87.6418,41.96217],[-87.64141,41.96231],[-87.6409,41.96239],[-87.64043,41.96245],[-87.63915,41.96258],[-87.63823,41.96265],[-87.63699,41.96283],[-87.63648,41.96287],[-87.63614,41.96283],[-87.63583,41.96274],[-87.63553,41.96257],[-87.63543,41.9624],[-87.63542,41.96227],[-87.63556,41.96196],[-87.63579,41.96161],[-87.63614,41.96121],[-87.63632,41.96101],[-87.63648,41.9609],[-87.63682,41.96072],[-87.63733,41.96054],[-87.63784,41.96043],[-87.63848,41.96034],[-87.63887,41.96032],[-87.63919,41.9604],[-87.64007,41.96079],[-87.64039,41.96086],[-87.64066,41.96085],[-87.64079,41.9608],[-87.64089,41.96066],[-87.64093,41.96039],[-87.64088,41.96019],[-87.64076,41.96002],[-87.64057,41.95991],[-87.6403,41.9598],[-87.63969,41.95969],[-87.63935,41.95961],[-87.63902,41.95953],[-87.63852,41.95947],[-87.638,41.95947],[-87.63753,41.95949],[-87.63688,41.95964],[-87.63653,41.95975],[-87.63618,41.9599],[-87.6359,41.96005],[-87.63559,41.96029],[-87.63559,41.96031],[-87.63553,41.96035],[-87.63521,41.96065],[-87.63512,41.96071],[-87.6349,41.96091],[-87.63461,41.9612],[-87.63442,41.96135],[-87.63417,41.96149],[-87.63404,41.96158],[-87.63341,41.96188],[-87.63332,41.9619],[-87.63289,41.96209],[-87.63284,41.96214],[-87.63236,41.96236],[-87.63183,41.96258],[-87.63166,41.96269],[-87.63147,41.96292],[-87.63139,41.96313],[-87.63148,41.96348],[-87.63149,41.96353],[-87.63175,41.96419],[-87.63185,41.96461],[-87.63197,41.96524],[-87.63242,41.96529],[-87.63287,41.96531],[-87.63361,41.96532],[-87.63497,41.96536],[-87.63644,41.96552],[-87.63722,41.96569],[-87.63897,41.96615],[-87.6392,41.96621],[-87.6405,41.96688],[-87.64173,41.96765],[-87.64201,41.96788],[-87.64255,41.96825],[-87.64288,41.96853],[-87.64299,41.9686],[-87.64316,41.96876],[-87.64327,41.96887],[-87.64345,41.96902],[-87.64346,41.96906],[-87.64382,41.9694],[-87.64416,41.96977],[-87.6442,41.96981],[-87.6446,41.9703],[-87.64484,41.97061],[-87.645,41.97087],[-87.64511,41.97101],[-87.64524,41.97126],[-87.64551,41.9717],[-87.64575,41.97208],[-87.64612,41.97287],[-87.64631,41.97358],[-87.64628,41.97409],[-87.6463,41.97476],[-87.6463,41.97506],[-87.64632,41.97543],[-87.6464,41.97654],[-87.64641,41.97672],[-87.64643,41.97697],[-87.64649,41.97713],[-87.64665,41.97736],[-87.64678,41.97746],[-87.64692,41.97753],[-87.64706,41.97763],[-87.64733,41.97773],[-87.64755,41.97787],[-87.64772,41.97798],[-87.64816,41.97817],[-87.64874,41.97848],[-87.6489,41.97859],[-87.64929,41.97881],[-87.6497,41.97904],[-87.65,41.97925],[-87.6503,41.97951],[-87.65037,41.9796],[-87.65037,41.97961],[-87.65034,41.97964],[-87.65024,41.9797],[-87.65023,41.97972],[-87.65026,41.97977],[-87.65037,41.97996],[-87.65054,41.98026],[-87.65062,41.98043],[-87.65068,41.98068],[-87.6507,41.98097],[-87.65071,41.98142],[-87.65073,41.98191],[-87.65075,41.98241],[-87.65072,41.98292],[-87.65069,41.98326],[-87.65057,41.98376],[-87.65048,41.98412],[-87.65012,41.98494],[-87.65319,41.98808],[-87.65412,41.98906],[-87.65423,41.98982],[-87.65437,41.99011],[-87.65438,41.9902],[-87.65438,41.99101],[-87.65422,41.99191],[-87.6543,41.99238],[-87.65428,41.99239],[-87.65424,41.99256],[-87.65428,41.99265],[-87.65437,41.99273],[-87.65441,41.99274],[-87.65462,41.99278],[-87.65475,41.99285],[-87.6548,41.99318],[-87.65479,41.99338],[-87.65466,41.99362],[-87.65463,41.99381],[-87.65462,41.99387],[-87.65459,41.99395],[-87.65445,41.99401],[-87.65443,41.99409],[-87.65444,41.99417],[-87.65446,41.99429],[-87.65448,41.99439],[-87.65456,41.99451],[-87.65466,41.99454],[-87.65474,41.99457],[-87.65474,41.9946],[-87.65473,41.99477],[-87.65478,41.99496],[-87.65477,41.995],[-87.65475,41.99513],[-87.6547,41.99523],[-87.65468,41.99531],[-87.65478,41.99535],[-87.65484,41.99546],[-87.65478,41.99566],[-87.65477,41.99591],[-87.65474,41.99612],[-87.65472,41.99637],[-87.65457,41.99644],[-87.65446,41.99649],[-87.65449,41.99686],[-87.6545,41.99701],[-87.65451,41.99728],[-87.65472,41.99728],[-87.65473,41.99735],[-87.65473,41.99749],[-87.65471,41.99796],[-87.65473,41.99815],[-87.65476,41.99818],[-87.65512,41.99816],[-87.65513,41.99823],[-87.65513,41.9983],[-87.655,41.9983],[-87.655,41.99832],[-87.65501,41.99839],[-87.65513,41.99873],[-87.65527,41.99891],[-87.65536,41.99902],[-87.65544,41.99905],[-87.65558,41.99913],[-87.65569,41.9992],[-87.65581,41.99939],[-87.65582,41.99945],[-87.65585,41.99958],[-87.65583,41.99979],[-87.65587,42.00003],[-87.65588,42.00006],[-87.65609,42.00043],[-87.65634,42.00104],[-87.65631,42.00108],[-87.65619,42.00127],[-87.65635,42.00159],[-87.65644,42.0018],[-87.6566,42.00213],[-87.65665,42.00223],[-87.65672,42.00229],[-87.65677,42.00237],[-87.65677,42.00238],[-87.65681,42.0026],[-87.65683,42.00274],[-87.65685,42.00284],[-87.6569,42.00306],[-87.65692,42.00313],[-87.65706,42.00353],[-87.65714,42.00375],[-87.65723,42.00402],[-87.65729,42.00418],[-87.65679,42.00423],[-87.65688,42.0044],[-87.65702,42.00465],[-87.65707,42.00473],[-87.65712,42.00483],[-87.65732,42.00524],[-87.65732,42.0054],[-87.65731,42.00561],[-87.65731,42.00595],[-87.65729,42.00628],[-87.65576,42.0063],[-87.65544,42.00659],[-87.65528,42.00673],[-87.65554,42.00675],[-87.65567,42.00687],[-87.65592,42.0071],[-87.6565,42.00766],[-87.65665,42.0078],[-87.6569,42.00803],[-87.65716,42.00827],[-87.65795,42.00901],[-87.65822,42.00926],[-87.65844,42.00946],[-87.65865,42.00966],[-87.65863,42.0099],[-87.6587,42.01001],[-87.65888,42.01018],[-87.6591,42.01039],[-87.65925,42.01052],[-87.65961,42.01083],[-87.66003,42.0112],[-87.66011,42.01131],[-87.66065,42.01174],[-87.661,42.01219],[-87.66103,42.01225],[-87.66108,42.01235],[-87.66109,42.01251],[-87.66115,42.01272],[-87.66125,42.01288],[-87.66132,42.01299],[-87.66136,42.01306],[-87.66144,42.01316],[-87.66149,42.01334],[-87.66153,42.01346],[-87.66155,42.01354],[-87.66157,42.01357],[-87.66172,42.01387],[-87.66177,42.01397],[-87.66188,42.01418],[-87.66209,42.01459],[-87.6621,42.01472],[-87.66215,42.01484],[-87.66225,42.01506],[-87.66236,42.01529],[-87.66239,42.01536],[-87.66247,42.01576],[-87.66267,42.01582],[-87.66268,42.0159],[-87.66271,42.01616],[-87.66274,42.0164],[-87.66281,42.01662],[-87.66314,42.01692],[-87.66314,42.01696],[-87.66313,42.0172],[-87.66313,42.01731],[-87.66311,42.01742],[-87.66308,42.01761],[-87.6632,42.01788],[-87.66327,42.01804],[-87.66329,42.01809],[-87.66325,42.01825],[-87.66323,42.01845],[-87.66328,42.01848],[-87.66358,42.01868],[-87.66375,42.01895],[-87.66379,42.01904],[-87.66385,42.01921],[-87.66385,42.01929],[-87.66384,42.01934],[-87.66368,42.0194],[-87.66371,42.01956],[-87.66386,42.01952],[-87.66401,42.01997],[-87.66408,42.02016],[-87.66384,42.02022],[-87.66385,42.02036],[-87.66379,42.02038],[-87.66406,42.02135],[-87.66426,42.02129],[-87.66439,42.0214],[-87.66445,42.02148],[-87.6645,42.02159],[-87.66453,42.0217],[-87.66458,42.02175],[-87.66465,42.02176],[-87.66475,42.02192],[-87.66464,42.02194],[-87.66473,42.02211],[-87.66479,42.02222],[-87.6651,42.02277],[-87.66512,42.02296],[-87.6651,42.02302],[-87.66516,42.02303],[-87.66531,42.02305],[-87.66537,42.02305],[-87.66586,42.02314],[-87.66681,42.02312],[-87.67115,42.02304],[-87.67117,42.02304],[-87.67189,42.02305],[-87.67188,42.02299],[-87.67231,42.02299],[-87.6725,42.02299],[-87.67265,42.023],[-87.67597,42.02297],[-87.67628,42.02297],[-87.6772,42.02294],[-87.67718,42.02286],[-87.67712,42.02263],[-87.6771,42.02255],[-87.67634,42.02193],[-87.67406,42.02006],[-87.67355,42.01964],[-87.67331,42.01939],[-87.67339,42.01938],[-87.67373,42.01939],[-87.67398,42.0194],[-87.67568,42.0194],[-87.67607,42.0194],[-87.67631,42.0194],[-87.67642,42.01941],[-87.67647,42.01941],[-87.67674,42.01941],[-87.67683,42.01941],[-87.67686,42.01941],[-87.67763,42.01943],[-87.67771,42.01943],[-87.67793,42.01943],[-87.67801,42.01943],[-87.67821,42.01943],[-87.67834,42.01943],[-87.67883,42.01943],[-87.67904,42.01944],[-87.67923,42.01944],[-87.67947,42.01944],[-87.67974,42.01944],[-87.6802,42.01944],[-87.68045,42.01945],[-87.68068,42.01945],[-87.68139,42.01945],[-87.68163,42.01946],[-87.68187,42.01946],[-87.68257,42.01947],[-87.68281,42.01947],[-87.68298,42.01947],[-87.68331,42.01947],[-87.6839,42.01948],[-87.68432,42.01948],[-87.68465,42.01949],[-87.68502,42.01949],[-87.68535,42.0195],[-87.68588,42.0195],[-87.68614,42.01951],[-87.68651,42.01951],[-87.68675,42.01951],[-87.68749,42.01951],[-87.68773,42.01951],[-87.68791,42.01952],[-87.68843,42.01952],[-87.68861,42.01952],[-87.68868,42.01952],[-87.68888,42.01953],[-87.68895,42.01953],[-87.6892,42.01953],[-87.68993,42.01953],[-87.68999,42.01953],[-87.69017,42.01953],[-87.69078,42.01952],[-87.6908,42.01952],[-87.69268,42.01948],[-87.69271,42.01948],[-87.69331,42.01946],[-87.69362,42.01946],[-87.69456,42.01943],[-87.69488,42.01943],[-87.69519,42.01942],[-87.69613,42.0194],[-87.69645,42.0194],[-87.69661,42.01939],[-87.69708,42.01938],[-87.69723,42.01938],[-87.6977,42.01937],[-87.69878,42.01935],[-87.69912,42.01934],[-87.69959,42.01933],[-87.70006,42.01931],[-87.70021,42.01931],[-87.70147,42.01929],[-87.70194,42.01928],[-87.70242,42.01927],[-87.70384,42.01923],[-87.70414,42.01923],[-87.70431,42.01923],[-87.7045,42.01924],[-87.70478,42.01923],[-87.70619,42.0192],[-87.70666,42.01919],[-87.70706,42.01918],[-87.70826,42.01915],[-87.70866,42.01914],[-87.70867,42.01896],[-87.70867,42.01868],[-87.70868,42.01841],[-87.70868,42.01822],[-87.70868,42.01821],[-87.70868,42.01815],[-87.70868,42.01813],[-87.70869,42.01797],[-87.7087,42.01748],[-87.7087,42.01732],[-87.70871,42.01713],[-87.70871,42.01686],[-87.70872,42.01659],[-87.70872,42.01641],[-87.70873,42.01623],[-87.70873,42.01596],[-87.70874,42.01568],[-87.70875,42.0155],[-87.70875,42.01512],[-87.70877,42.01462],[-87.70877,42.01451],[-87.70879,42.0144],[-87.70883,42.0142],[-87.70888,42.01399],[-87.70895,42.0137],[-87.70897,42.01362],[-87.70901,42.01344],[-87.70902,42.0134],[-87.70903,42.01315],[-87.70904,42.01289],[-87.70904,42.01277],[-87.70904,42.01271],[-87.70905,42.01254],[-87.70905,42.01234],[-87.70906,42.01203],[-87.70906,42.01186],[-87.70907,42.01178],[-87.70908,42.01152],[-87.70908,42.01148],[-87.70919,42.0105],[-87.70919,42.01036],[-87.7092,42.00999],[-87.70921,42.00985],[-87.70922,42.00945],[-87.70922,42.00931],[-87.70923,42.00912],[-87.70924,42.00853],[-87.70925,42.00833],[-87.70925,42.00818],[-87.70926,42.00801],[-87.70928,42.00706],[-87.70929,42.00675],[-87.7093,42.00637],[-87.7093,42.00633],[-87.70933,42.00532],[-87.70934,42.00508],[-87.70934,42.00492],[-87.70935,42.00466],[-87.70935,42.00416],[-87.70936,42.00393],[-87.70936,42.00379],[-87.70936,42.00301],[-87.70936,42.0028],[-87.70937,42.00174],[-87.70937,42.00151],[-87.70937,42.00101],[-87.70937,42.00065],[-87.70936,41.99957],[-87.70936,41.99921],[-87.70936,41.99885],[-87.70936,41.99806],[-87.70935,41.99785],[-87.70935,41.99775],[-87.70934,41.99739],[-87.70948,41.99739],[-87.70988,41.99738],[-87.71002,41.99738],[-87.71028,41.99737],[-87.71052,41.99737],[-87.71066,41.99737],[-87.71068,41.99737],[-87.71079,41.99736],[-87.71101,41.99736],[-87.71172,41.99735],[-87.7118,41.99735],[-87.71189,41.99734],[-87.71306,41.99733],[-87.71331,41.99732],[-87.71404,41.99731],[-87.71429,41.99731],[-87.71453,41.99731],[-87.71527,41.9973],[-87.71551,41.9973],[-87.71576,41.9973],[-87.71649,41.99729],[-87.71674,41.99729],[-87.71698,41.99729],[-87.71772,41.99728],[-87.71796,41.99728],[-87.71809,41.99728],[-87.71848,41.99728],[-87.71861,41.99728],[-87.7187,41.99728],[-87.71897,41.99728],[-87.71907,41.99728],[-87.71915,41.99723],[-87.71916,41.99724],[-87.71922,41.99728],[-87.71944,41.99728],[-87.72008,41.99728],[-87.7203,41.99728],[-87.72054,41.99728],[-87.72128,41.99727],[-87.72153,41.99727],[-87.72178,41.99727],[-87.72254,41.99727],[-87.72279,41.99726],[-87.72304,41.99726],[-87.72378,41.99726],[-87.72402,41.99726],[-87.72426,41.99726],[-87.72498,41.99726],[-87.72522,41.99725],[-87.72539,41.99725],[-87.72592,41.99725],[-87.72609,41.99725],[-87.72616,41.99725],[-87.72637,41.99725],[-87.72645,41.99725],[-87.72663,41.99725],[-87.72718,41.99725],[-87.72727,41.99725],[-87.72736,41.99725],[-87.72891,41.99725],[-87.73013,41.99725],[-87.73037,41.99725],[-87.7311,41.99725],[-87.73134,41.99725],[-87.73159,41.99724],[-87.73232,41.99724],[-87.73256,41.99724],[-87.7328,41.99724],[-87.73318,41.99724],[-87.73353,41.99724],[-87.73378,41.99724],[-87.73402,41.99724],[-87.73475,41.99724],[-87.73499,41.99724],[-87.73523,41.99724],[-87.73596,41.99724],[-87.7362,41.99724],[-87.73645,41.99724],[-87.73718,41.99724],[-87.73742,41.99725],[-87.73765,41.99725],[-87.73836,41.99725],[-87.73859,41.99725],[-87.73868,41.99725],[-87.73892,41.99725],[-87.73901,41.99725],[-87.73917,41.99725],[-87.73968,41.99725],[-87.73985,41.99725],[-87.74009,41.99725],[-87.74082,41.99726],[-87.74106,41.99726],[-87.7413,41.99726],[-87.74203,41.99726],[-87.74228,41.99726],[-87.74252,41.99726],[-87.74324,41.99727],[-87.74349,41.99727],[-87.74373,41.99727],[-87.74446,41.99727],[-87.74471,41.99727],[-87.74495,41.99727],[-87.74568,41.99728],[-87.74592,41.99728],[-87.74616,41.99728],[-87.74689,41.99728],[-87.74713,41.99728],[-87.74737,41.99728],[-87.7477,41.99729],[-87.7481,41.99729],[-87.74834,41.99729],[-87.74849,41.99729],[-87.74893,41.99729],[-87.74908,41.99729],[-87.7493,41.99729],[-87.74967,41.99729],[-87.74998,41.9973],[-87.75009,41.9973],[-87.75022,41.9973],[-87.75035,41.9973],[-87.75052,41.9973],[-87.75075,41.9973],[-87.75088,41.9973],[-87.75114,41.9973],[-87.75193,41.9973],[-87.75219,41.9973],[-87.75247,41.9973],[-87.75288,41.9973],[-87.75291,41.9973],[-87.75347,41.99757],[-87.75444,41.99804],[-87.75465,41.99814],[-87.75497,41.9983],[-87.75526,41.99843],[-87.75546,41.99852],[-87.75567,41.99862],[-87.75629,41.99891],[-87.75637,41.99894],[-87.7565,41.999],[-87.75662,41.99905],[-87.75671,41.99909],[-87.75733,41.99939],[-87.75753,41.99949],[-87.75774,41.99959],[-87.75804,41.99973],[-87.75835,41.99988],[-87.75856,41.99997],[-87.75876,42.00007],[-87.75907,42.00021],[-87.75938,42.00035],[-87.75959,42.00045],[-87.75972,42.00051],[-87.75979,42.00055],[-87.76041,42.00084],[-87.76062,42.00093],[-87.76095,42.00109],[-87.76143,42.00132],[-87.76194,42.00154],[-87.76227,42.00169],[-87.7622,42.00188],[-87.76201,42.00244],[-87.76201,42.00245],[-87.76196,42.00264],[-87.76195,42.00266],[-87.76193,42.00285],[-87.76189,42.00318],[-87.76186,42.00348],[-87.76186,42.00354],[-87.76185,42.0037],[-87.76185,42.00389],[-87.76182,42.00446],[-87.76182,42.00465],[-87.7618,42.00489],[-87.76179,42.00519],[-87.76177,42.0056],[-87.76176,42.00584],[-87.76176,42.00594],[-87.76174,42.00627],[-87.76174,42.00638],[-87.76173,42.00651],[-87.76173,42.00657],[-87.76171,42.00711],[-87.76171,42.00714],[-87.7617,42.00733],[-87.7617,42.00743],[-87.76168,42.00772],[-87.76168,42.00783],[-87.76168,42.00792],[-87.76167,42.00819],[-87.76166,42.00822],[-87.76166,42.00832],[-87.76166,42.00834],[-87.76166,42.00839],[-87.76166,42.00841],[-87.76184,42.00841],[-87.76238,42.00842],[-87.76256,42.00842],[-87.76284,42.00842],[-87.76359,42.00843],[-87.76368,42.00843],[-87.76396,42.00843],[-87.76463,42.00843],[-87.76468,42.00842],[-87.76479,42.00841],[-87.76488,42.00839],[-87.76553,42.0084],[-87.76575,42.00843],[-87.76682,42.00844],[-87.76741,42.00845],[-87.76748,42.00844],[-87.76753,42.00843],[-87.76758,42.00768],[-87.76772,42.0054],[-87.76776,42.00474],[-87.76757,42.00468],[-87.76735,42.0046],[-87.76721,42.00453],[-87.76601,42.00397],[-87.76548,42.00372],[-87.76551,42.00368],[-87.7656,42.00357],[-87.76563,42.00354],[-87.7657,42.00346],[-87.76571,42.00344],[-87.76572,42.00343],[-87.76573,42.00341],[-87.76578,42.00335],[-87.7658,42.00332],[-87.76594,42.0034],[-87.76621,42.00352],[-87.76685,42.00382],[-87.76745,42.0041],[-87.76772,42.00423],[-87.76774,42.00424],[-87.76779,42.00424],[-87.76783,42.00425],[-87.76787,42.00426],[-87.76814,42.00439],[-87.76817,42.00441],[-87.76888,42.00473],[-87.76909,42.00482],[-87.76939,42.00495],[-87.76955,42.00525],[-87.77,42.00615],[-87.77016,42.00645],[-87.77021,42.00643],[-87.77038,42.00636],[-87.77044,42.00634],[-87.77047,42.00641],[-87.77058,42.00661],[-87.77061,42.00668],[-87.77072,42.00688],[-87.77089,42.00721],[-87.77104,42.0075],[-87.77114,42.0077],[-87.77125,42.00791],[-87.77132,42.00804],[-87.77139,42.00818],[-87.77155,42.00848],[-87.77157,42.00852],[-87.77167,42.00872],[-87.77174,42.00886],[-87.77175,42.00887],[-87.77198,42.00932],[-87.77206,42.00947],[-87.77231,42.00997],[-87.77238,42.0101],[-87.77305,42.01137],[-87.77309,42.01145],[-87.77322,42.01169],[-87.77334,42.01195],[-87.77351,42.01195],[-87.77399,42.01196],[-87.77415,42.01196],[-87.77469,42.01197],[-87.77471,42.01197],[-87.77628,42.01197],[-87.77639,42.01197],[-87.77694,42.01198],[-87.77694,42.01268],[-87.77693,42.01476],[-87.77692,42.01546],[-87.77746,42.01548],[-87.77907,42.01554],[-87.77912,42.01554],[-87.77908,42.01506],[-87.77908,42.01444],[-87.77906,42.0126],[-87.77906,42.01199],[-87.77924,42.01199],[-87.77979,42.01199],[-87.77997,42.01199],[-87.7801,42.01199],[-87.78037,42.012],[-87.7805,42.012],[-87.78063,42.012],[-87.78087,42.012],[-87.78109,42.01201],[-87.78142,42.01201],[-87.78157,42.01201],[-87.78181,42.012],[-87.78207,42.012],[-87.78285,42.012],[-87.78311,42.012],[-87.78336,42.012],[-87.7841,42.012],[-87.78434,42.012],[-87.78478,42.012],[-87.78482,42.012],[-87.78625,42.01199],[-87.78662,42.01199],[-87.78673,42.01199],[-87.78712,42.01199],[-87.78723,42.01199],[-87.78743,42.012],[-87.78779,42.01201],[-87.78832,42.012],[-87.78872,42.012],[-87.78839,42.01161],[-87.78741,42.01046],[-87.78708,42.01008],[-87.7869,42.00986],[-87.78634,42.00921],[-87.78616,42.009],[-87.78609,42.00891],[-87.78587,42.00866],[-87.7858,42.00857],[-87.78558,42.00831],[-87.785,42.00763],[-87.7849,42.00753],[-87.78468,42.00726],[-87.7846,42.00717],[-87.78438,42.00692],[-87.7835,42.00589],[-87.78321,42.00554],[-87.78307,42.00539],[-87.78303,42.00534],[-87.78298,42.00529],[-87.78277,42.00508],[-87.78261,42.00495],[-87.78255,42.00489],[-87.78245,42.00482],[-87.7824,42.00478],[-87.78226,42.00467],[-87.78224,42.00465],[-87.78221,42.00464],[-87.78271,42.00423],[-87.78376,42.00379],[-87.78614,42.00281],[-87.78656,42.00263],[-87.78691,42.00249],[-87.78863,42.00158],[-87.79015,42.00078],[-87.7902,42.00075],[-87.79027,42.00073],[-87.79032,42.00071],[-87.79052,42.00063],[-87.79065,42.00058],[-87.79077,42.00053],[-87.79085,42.00062],[-87.79109,42.00089],[-87.79117,42.00098],[-87.79139,42.00098],[-87.79145,42.00098],[-87.79174,42.00097],[-87.79202,42.00097],[-87.79207,42.00097],[-87.7923,42.00097],[-87.79262,42.00097],[-87.79272,42.00097],[-87.79313,42.00097],[-87.79354,42.00096],[-87.79361,42.00096],[-87.79394,42.00096],[-87.79426,42.00096],[-87.79523,42.00095],[-87.79555,42.00095],[-87.79587,42.00095],[-87.79681,42.00094],[-87.79712,42.00094],[-87.79712,42.00075],[-87.79712,42.00072],[-87.79712,42.0005],[-87.79712,42.00019],[-87.79713,42.00005],[-87.79713,42.0],[-87.79736,42.0],[-87.79742,42.0],[-87.7977,42.0],[-87.79796,42.0],[-87.798,42.0],[-87.79821,42.0],[-87.79847,42.0],[-87.79849,42.0],[-87.79877,41.99999],[-87.79913,41.99999],[-87.79923,41.99999],[-87.79948,41.99998],[-87.79969,42.00094],[-87.79981,42.00153],[-87.8011,42.00154],[-87.80119,42.00154],[-87.80171,42.00154],[-87.80196,42.00153],[-87.80202,42.00153],[-87.80233,42.00153],[-87.80263,42.00153],[-87.80268,42.00153],[-87.80293,42.00152],[-87.80317,42.00152],[-87.80323,42.00152],[-87.80353,42.00151],[-87.80383,42.00151],[-87.80389,42.00151],[-87.80413,42.00151],[-87.80424,42.00151],[-87.80457,42.0015],[-87.80468,42.0015],[-87.80484,42.00148],[-87.80675,42.0015],[-87.80674,42.0023],[-87.80674,42.00266],[-87.80673,42.00303],[-87.80672,42.00411],[-87.80672,42.00447],[-87.80672,42.00466],[-87.80671,42.0052],[-87.80671,42.00538],[-87.80671,42.00541],[-87.8067,42.00557],[-87.8067,42.00585],[-87.8067,42.00608],[-87.8067,42.00613],[-87.8067,42.00632],[-87.80669,42.00649],[-87.80669,42.00654],[-87.80669,42.00675],[-87.80669,42.00697],[-87.80669,42.00701],[-87.80669,42.00719],[-87.80668,42.00737],[-87.80668,42.00741],[-87.80668,42.00764],[-87.80668,42.00786],[-87.80668,42.00791],[-87.80668,42.00809],[-87.80667,42.00827],[-87.80667,42.00832],[-87.80667,42.00855],[-87.80667,42.00877],[-87.80667,42.00882],[-87.80667,42.009],[-87.80667,42.00928],[-87.80666,42.00936],[-87.80666,42.00956],[-87.80665,42.01019],[-87.80665,42.01045],[-87.80665,42.01082],[-87.80665,42.01099],[-87.80664,42.01153],[-87.80664,42.01171],[-87.80663,42.01207],[-87.80662,42.01316],[-87.80662,42.01327],[-87.80661,42.01344],[-87.80661,42.01353],[-87.80662,42.01368],[-87.80661,42.01389],[-87.8066,42.01497],[-87.80659,42.01534],[-87.80659,42.0157],[-87.80658,42.01617],[-87.80657,42.01679],[-87.80657,42.01701],[-87.80657,42.01708],[-87.80657,42.01715],[-87.80657,42.01729],[-87.80656,42.01769],[-87.80656,42.01782],[-87.80656,42.01805],[-87.80656,42.01817],[-87.80655,42.01851],[-87.80655,42.01874],[-87.80655,42.01896],[-87.80675,42.01896],[-87.8073,42.01896],[-87.80737,42.01895],[-87.80757,42.01895],[-87.80775,42.01893],[-87.80777,42.01894],[-87.80796,42.01893],[-87.80801,42.01893],[-87.80875,42.01891],[-87.80899,42.01891],[-87.80923,42.0189],[-87.80997,42.01889],[-87.81021,42.01888],[-87.81046,42.01888],[-87.81119,42.01886],[-87.81144,42.01886],[-87.81168,42.01885],[-87.81241,42.01883],[-87.81266,42.01883],[-87.8129,42.01882],[-87.81364,42.01881],[-87.81388,42.0188],[-87.81413,42.0188],[-87.81486,42.01878],[-87.8151,42.01877],[-87.81535,42.01877],[-87.81608,42.01875],[-87.81633,42.01875],[-87.81657,42.01874],[-87.8173,42.01873],[-87.81741,42.01873],[-87.81754,42.01873],[-87.81779,42.01872],[-87.81852,42.0187],[-87.81877,42.0187],[-87.81914,42.01869],[-87.82025,42.01866],[-87.82063,42.01866],[-87.82083,42.01865],[-87.82121,42.01864],[-87.82122,42.01723],[-87.82122,42.01552],[-87.82065,42.01554],[-87.82007,42.01555],[-87.82007,42.01502],[-87.82007,42.01411],[-87.82008,42.01393],[-87.82008,42.01388],[-87.82008,42.01365],[-87.82008,42.01343],[-87.82008,42.01338],[-87.82008,42.0132],[-87.82009,42.01302],[-87.82009,42.01275],[-87.82008,42.01248],[-87.82008,42.01229],[-87.82006,42.01218],[-87.82002,42.01194],[-87.81974,42.01193],[-87.81974,42.01174],[-87.81973,42.01138],[-87.81986,42.01138],[-87.81999,42.01138],[-87.82013,42.01138],[-87.82054,42.01137],[-87.82068,42.01137],[-87.8208,42.01136],[-87.82114,42.01136],[-87.82125,42.01136],[-87.82126,42.01076],[-87.82126,42.01064],[-87.82127,42.01016],[-87.82128,42.00951],[-87.82128,42.00932],[-87.82129,42.00851],[-87.8213,42.00813],[-87.8213,42.00779],[-87.8213,42.00771],[-87.82131,42.00754],[-87.82132,42.00748],[-87.82132,42.00735],[-87.82115,42.00725],[-87.82112,42.00723],[-87.82132,42.00706],[-87.82155,42.00684],[-87.82132,42.0067],[-87.82132,42.00632],[-87.82149,42.00616],[-87.82132,42.00605],[-87.82132,42.0053],[-87.82132,42.00514],[-87.82132,42.00454],[-87.82133,42.00439],[-87.82133,42.00429],[-87.82133,42.00425],[-87.82133,42.00402],[-87.82133,42.004],[-87.82134,42.00385],[-87.82134,42.00362],[-87.82134,42.00342],[-87.82134,42.00335],[-87.82134,42.00323],[-87.82134,42.00318],[-87.82134,42.0031],[-87.82135,42.00286],[-87.82135,42.00278],[-87.82135,42.00274],[-87.82135,42.00269],[-87.82135,42.00252],[-87.82135,42.00241],[-87.82135,42.00231],[-87.82135,42.00222],[-87.82136,42.00195],[-87.82136,42.00186],[-87.82136,42.00177],[-87.82136,42.00148],[-87.82136,42.00139],[-87.82136,42.00131],[-87.82137,42.00109],[-87.82137,42.00102],[-87.82137,42.00094],[-87.82137,42.00092],[-87.82137,42.00077],[-87.82137,42.0007],[-87.82137,42.00063],[-87.82138,42.00055],[-87.82138,42.00048],[-87.82138,42.0002],[-87.82138,42.00017],[-87.82139,41.99985],[-87.82139,41.99947],[-87.82139,41.99937],[-87.82139,41.99909],[-87.82139,41.99901],[-87.8214,41.99875],[-87.8214,41.99866],[-87.8214,41.99851],[-87.8214,41.99844],[-87.8214,41.99836],[-87.8214,41.99797],[-87.8214,41.99779],[-87.8214,41.99757],[-87.8214,41.99742],[-87.8214,41.99699],[-87.8214,41.99692],[-87.82141,41.99685],[-87.82146,41.99666],[-87.82161,41.99613],[-87.82162,41.99608],[-87.82167,41.99589],[-87.82172,41.99571],[-87.82182,41.9952],[-87.82182,41.99516],[-87.82185,41.99498],[-87.82191,41.99465],[-87.82207,41.99367],[-87.82213,41.99334],[-87.82215,41.99321],[-87.8222,41.99283],[-87.82222,41.9927],[-87.82224,41.99251],[-87.82232,41.99194],[-87.82235,41.99175],[-87.82237,41.99159],[-87.82244,41.99111],[-87.82246,41.99095],[-87.82248,41.9908],[-87.82254,41.99036],[-87.82256,41.99022],[-87.82259,41.98999],[-87.82268,41.98932],[-87.82271,41.98909],[-87.82275,41.98879],[-87.82287,41.98786],[-87.82292,41.98755],[-87.82294,41.9874],[-87.82295,41.98733],[-87.82298,41.98711],[-87.823,41.98696],[-87.82302,41.98682],[-87.82304,41.98667],[-87.82306,41.98649],[-87.82307,41.98645],[-87.8231,41.98622],[-87.82312,41.98601],[-87.82313,41.98597],[-87.82315,41.9858],[-87.82317,41.98566],[-87.82322,41.98526],[-87.82324,41.98512],[-87.82326,41.985],[-87.82331,41.98463],[-87.82333,41.98451],[-87.82346,41.98453],[-87.82374,41.98456],[-87.82384,41.98458],[-87.82392,41.98459],[-87.82397,41.9846],[-87.82404,41.9846],[-87.82422,41.98463],[-87.82429,41.98464],[-87.82453,41.98467],[-87.82494,41.98473],[-87.82526,41.98477],[-87.8255,41.98481],[-87.82575,41.98484],[-87.82648,41.98495],[-87.82672,41.98498],[-87.82697,41.98502],[-87.82707,41.98503],[-87.82742,41.98508],[-87.82768,41.98512],[-87.8277,41.98512],[-87.82794,41.98516],[-87.82819,41.98519],[-87.82892,41.98529],[-87.82917,41.98533],[-87.82941,41.98537],[-87.83014,41.98547],[-87.83039,41.9855],[-87.83063,41.98554],[-87.83137,41.98564],[-87.83162,41.98568],[-87.83186,41.98571],[-87.83209,41.98574],[-87.83259,41.98582],[-87.83284,41.98586],[-87.83302,41.98588],[-87.83356,41.98595],[-87.83374,41.98598],[-87.83379,41.98598],[-87.83396,41.986],[-87.83402,41.98601],[-87.83426,41.98604],[-87.83438,41.98606],[-87.83475,41.98611],[-87.83499,41.98614],[-87.83524,41.98618],[-87.8354,41.9862],[-87.83587,41.98627],[-87.83603,41.98629],[-87.83615,41.98631],[-87.8363,41.98633],[-87.8365,41.98635],[-87.83662,41.98636],[-87.83676,41.98638],[-87.83694,41.98642],[-87.83736,41.98647],[-87.83747,41.98649],[-87.83753,41.9865],[-87.83787,41.98655],[-87.83844,41.98665],[-87.83892,41.98673],[-87.84026,41.98692],[-87.84118,41.98705],[-87.84133,41.98707],[-87.84174,41.98713],[-87.84179,41.98714],[-87.84195,41.98717],[-87.84271,41.98728],[-87.8432,41.98736],[-87.84395,41.98747],[-87.84417,41.9875],[-87.84425,41.98751],[-87.8444,41.98752],[-87.84473,41.98757],[-87.845,41.98762],[-87.84505,41.98763],[-87.84576,41.98774],[-87.84653,41.98785],[-87.84736,41.98798],[-87.84838,41.98813],[-87.84954,41.9883],[-87.84965,41.98831],[-87.84999,41.98836],[-87.8501,41.98837],[-87.8507,41.98844],[-87.85126,41.98848],[-87.85133,41.98849],[-87.85177,41.98852],[-87.85273,41.98856],[-87.85317,41.98858],[-87.85342,41.98859],[-87.85386,41.98862],[-87.85413,41.98865],[-87.85461,41.98872],[-87.85473,41.98874],[-87.85483,41.98876],[-87.85553,41.98895],[-87.8556,41.98898],[-87.85573,41.98902],[-87.85585,41.98906],[-87.85581,41.98899],[-87.85573,41.98882],[-87.85564,41.98851],[-87.85563,41.98843],[-87.85562,41.9884],[-87.85554,41.98823],[-87.85551,41.98813],[-87.8555,41.98809],[-87.85551,41.988],[-87.85551,41.98796],[-87.85555,41.98786],[-87.85568,41.98752],[-87.85581,41.98725],[-87.8559,41.98705],[-87.85603,41.98679],[-87.85615,41.98655],[-87.85625,41.98634],[-87.85641,41.98593],[-87.85646,41.98581],[-87.85649,41.98573],[-87.85654,41.98556],[-87.85658,41.98544],[-87.85659,41.9854],[-87.85664,41.98524],[-87.85666,41.98518],[-87.85668,41.98514],[-87.85669,41.98507],[-87.8567,41.98494],[-87.85673,41.98478],[-87.85671,41.98454],[-87.85669,41.98447],[-87.85666,41.98433],[-87.85665,41.98431],[-87.85665,41.9843],[-87.85662,41.98419],[-87.85644,41.98378],[-87.85638,41.98365],[-87.85637,41.98363],[-87.85633,41.98352],[-87.8563,41.98341],[-87.85626,41.9833],[-87.85622,41.98316],[-87.8562,41.98309],[-87.85619,41.983],[-87.85618,41.98295],[-87.85614,41.98277],[-87.85601,41.98251],[-87.8559,41.98231],[-87.85581,41.98214],[-87.85578,41.98204],[-87.85574,41.98186],[-87.85573,41.98175],[-87.85575,41.98147],[-87.85576,41.9814],[-87.85583,41.98119],[-87.85585,41.98116],[-87.85589,41.9811],[-87.85612,41.9807],[-87.85619,41.9806],[-87.85621,41.98058],[-87.85637,41.9804],[-87.85645,41.98031],[-87.85653,41.98027],[-87.8566,41.98021],[-87.8568,41.98006],[-87.85705,41.97989],[-87.85743,41.97957],[-87.85758,41.97943],[-87.85793,41.97913],[-87.85794,41.97912],[-87.85804,41.97902],[-87.85816,41.97891],[-87.85836,41.97873],[-87.85844,41.97866],[-87.85876,41.97834],[-87.85893,41.97817],[-87.85912,41.97801],[-87.85929,41.97788],[-87.85938,41.9778],[-87.85958,41.97765],[-87.8597,41.97749],[-87.85988,41.97728],[-87.86,41.97718],[-87.8604,41.97685],[-87.86043,41.97682],[-87.86052,41.97674],[-87.86062,41.97666],[-87.86101,41.97639],[-87.86104,41.97637],[-87.86111,41.97632],[-87.8612,41.97624],[-87.86154,41.97589],[-87.8616,41.97583],[-87.86165,41.97573],[-87.86172,41.9756],[-87.86181,41.97543],[-87.8619,41.97523],[-87.86193,41.97516],[-87.86202,41.9746],[-87.86203,41.97458],[-87.86205,41.97412],[-87.86202,41.97398],[-87.862,41.97391],[-87.862,41.97386],[-87.86208,41.97389],[-87.86211,41.9739],[-87.86228,41.97396],[-87.86235,41.97398],[-87.86244,41.97402],[-87.86281,41.97399],[-87.86391,41.97391],[-87.86409,41.9739],[-87.86422,41.97389],[-87.86446,41.97389],[-87.86515,41.97389],[-87.86519,41.97389],[-87.86546,41.97389],[-87.86546,41.97394],[-87.86573,41.97391],[-87.86654,41.97384],[-87.86681,41.97382],[-87.86678,41.97384],[-87.86675,41.97387],[-87.86678,41.97392],[-87.86681,41.97394],[-87.86696,41.97394],[-87.86741,41.97393],[-87.86756,41.97393],[-87.8679,41.97387],[-87.86816,41.97383],[-87.86825,41.97385],[-87.86852,41.97391],[-87.86861,41.97393],[-87.86878,41.97395],[-87.86902,41.97397],[-87.86911,41.97398],[-87.8692,41.97399],[-87.86925,41.97399],[-87.86931,41.974],[-87.86941,41.97401],[-87.86946,41.97401],[-87.8696,41.97403],[-87.86965,41.97403],[-87.86991,41.97402],[-87.8707,41.97401],[-87.87097,41.974],[-87.8713,41.97399],[-87.87231,41.97397],[-87.87265,41.97396],[-87.8727,41.97397],[-87.87285,41.97398],[-87.87291,41.97398],[-87.87439,41.97399],[-87.87444,41.97399],[-87.87579,41.974],[-87.87587,41.974],[-87.87585,41.97498],[-87.87581,41.97581],[-87.87579,41.97619],[-87.87579,41.97621],[-87.87577,41.97672],[-87.87534,41.97672],[-87.8738,41.97673],[-87.87406,41.97743],[-87.87485,41.97954],[-87.87511,41.98024],[-87.87526,41.98067],[-87.87544,41.98118],[-87.87571,41.98195],[-87.87577,41.98212],[-87.87579,41.98219],[-87.87581,41.98225],[-87.87583,41.98231],[-87.87585,41.98238],[-87.87596,41.98265],[-87.87587,41.98475],[-87.87586,41.98511],[-87.87598,41.98537],[-87.87633,41.98535],[-87.87637,41.98542],[-87.87656,41.98586],[-87.8772,41.98734],[-87.87723,41.98739],[-87.87724,41.98742],[-87.87735,41.98766],[-87.87745,41.98791],[-87.87768,41.98843],[-87.8779,41.98892],[-87.87829,41.99004],[-87.87848,41.99058],[-87.87854,41.99076],[-87.87873,41.99129],[-87.8788,41.99146],[-87.87906,41.99222],[-87.87984,41.99448],[-87.8801,41.99524],[-87.88016,41.99524],[-87.88034,41.99525],[-87.88041,41.99526],[-87.88123,41.99523],[-87.88371,41.99516],[-87.88453,41.99513],[-87.88453,41.99525],[-87.88452,41.99575],[-87.88451,41.99597],[-87.88452,41.99647],[-87.88451,41.99761],[-87.88451,41.99787],[-87.88449,41.99797],[-87.88453,41.99822],[-87.88502,41.99834],[-87.88619,41.9986],[-87.88744,41.99888],[-87.88806,41.99901],[-87.88868,41.99915],[-87.88908,41.99924],[-87.88938,41.99929],[-87.89119,41.99957],[-87.89123,41.99957],[-87.8923,41.99971],[-87.89245,41.99974],[-87.89258,41.99977],[-87.8927,41.9998],[-87.89283,41.99984],[-87.89287,41.99986],[-87.89354,41.99989],[-87.89472,41.99996],[-87.89556,42.00001],[-87.89597,42.00003],[-87.89597,42.00023],[-87.89596,42.0003],[-87.89596,42.00034],[-87.89597,42.00043],[-87.89601,42.00149],[-87.89603,42.00184],[-87.89604,42.00227],[-87.89437,42.00223],[-87.89432,42.00223],[-87.89417,42.00223],[-87.89412,42.00223],[-87.89308,42.00225],[-87.89013,42.00232],[-87.89011,42.00248],[-87.89001,42.00333],[-87.89187,42.0041],[-87.89313,42.00417],[-87.89313,42.00328],[-87.89347,42.00327],[-87.89349,42.0029],[-87.89412,42.00289],[-87.89412,42.00312],[-87.89408,42.00356],[-87.89407,42.00395],[-87.89407,42.00427],[-87.89407,42.00461],[-87.89407,42.00541],[-87.89407,42.00551],[-87.89407,42.00562],[-87.89407,42.00571],[-87.89415,42.00571],[-87.8942,42.0057],[-87.89425,42.0057],[-87.89447,42.00569],[-87.89468,42.00569],[-87.89545,42.00566],[-87.89592,42.00589],[-87.89593,42.00535],[-87.89639,42.00536],[-87.89638,42.00576],[-87.89696,42.00613],[-87.89797,42.00665],[-87.89963,42.0072],[-87.89972,42.00765],[-87.89974,42.00775],[-87.9004,42.00792],[-87.902,42.00835],[-87.90266,42.00853],[-87.90268,42.00863],[-87.90273,42.00891],[-87.90274,42.00895],[-87.90288,42.00895],[-87.90378,42.00892],[-87.90388,42.00895],[-87.90396,42.00898],[-87.90418,42.00904],[-87.90435,42.00903],[-87.90449,42.00903],[-87.90451,42.00903],[-87.90467,42.00902],[-87.90483,42.00902],[-87.90512,42.00901],[-87.90564,42.00899],[-87.9059,42.00898],[-87.90608,42.00898],[-87.90645,42.00915],[-87.90663,42.00914],[-87.90707,42.00913],[-87.90752,42.00911],[-87.90761,42.00911],[-87.90768,42.0091],[-87.90768,42.00892],[-87.90768,42.00882],[-87.90768,42.00876],[-87.90767,42.00525],[-87.90822,42.00523],[-87.90827,42.00523],[-87.90871,42.00521],[-87.9089,42.00519],[-87.90908,42.00518],[-87.91075,42.00512],[-87.91133,42.0051],[-87.91134,42.00512],[-87.91182,42.00511],[-87.91303,42.00509],[-87.91303,42.00627],[-87.91331,42.00626],[-87.91331,42.00857],[-87.91331,42.00872],[-87.91338,42.00871],[-87.91377,42.0087],[-87.91375,42.00813],[-87.91374,42.00508],[-87.91382,42.00507],[-87.91476,42.00506],[-87.91494,42.00505],[-87.91511,42.00505],[-87.91527,42.00505],[-87.91837,42.00499],[-87.9186,42.00499],[-87.91912,42.00498],[-87.9195,42.00497],[-87.9205,42.00495],[-87.9205,42.00484],[-87.92048,42.0038],[-87.92075,42.00384],[-87.92082,42.00385],[-87.92089,42.00393],[-87.9211,42.00416],[-87.92225,42.00551],[-87.92256,42.00587],[-87.92276,42.006],[-87.92334,42.00636],[-87.92439,42.00682],[-87.92469,42.00694],[-87.92545,42.00727],[-87.92916,42.00503],[-87.92922,42.00499],[-87.92931,42.00492],[-87.92942,42.00485],[-87.9296,42.00489],[-87.92962,42.00489],[-87.93016,42.00483],[-87.93033,42.00498],[-87.93052,42.00506],[-87.93069,42.00509],[-87.93103,42.00513],[-87.93307,42.00542],[-87.93307,42.00551],[-87.93332,42.00556],[-87.93351,42.00558],[-87.93356,42.00818],[-87.93439,42.00817],[-87.93467,42.00816],[-87.93478,42.00816],[-87.9351,42.00816],[-87.93521,42.00816],[-87.93523,42.0077],[-87.93527,42.00633],[-87.93528,42.00587],[-87.93529,42.00546],[-87.9353,42.00423],[-87.93531,42.00382],[-87.93528,42.00356],[-87.93523,42.00108],[-87.93522,42.00094],[-87.93522,42.00089],[-87.9353,42.00088],[-87.93706,42.00084],[-87.93802,42.00082],[-87.93897,42.0008],[-87.93993,42.00079],[-87.9401,42.00079]],[[-87.90372,42.00372],[-87.90374,42.00418],[-87.90315,42.00418],[-87.90215,42.00419],[-87.90214,42.00368],[-87.90214,42.00341],[-87.90251,42.0034],[-87.90337,42.00339],[-87.90371,42.00339],[-87.90372,42.00372]],[[-87.84656,41.96932],[-87.84656,41.9695],[-87.84656,41.96987],[-87.84655,41.97005],[-87.84654,41.97089],[-87.84654,41.97129],[-87.84654,41.97189],[-87.84654,41.97193],[-87.84629,41.97192],[-87.84554,41.9719],[-87.8453,41.9719],[-87.84455,41.9719],[-87.84231,41.97191],[-87.84156,41.97192],[-87.84157,41.97184],[-87.84158,41.9716],[-87.84158,41.97153],[-87.84158,41.97125],[-87.84159,41.97042],[-87.84159,41.97014],[-87.84148,41.97014],[-87.84116,41.97015],[-87.84105,41.97015],[-87.84091,41.97016],[-87.8405,41.97016],[-87.84036,41.97017],[-87.84011,41.97017],[-87.84005,41.97017],[-87.83974,41.97018],[-87.83944,41.97018],[-87.83937,41.97018],[-87.83913,41.97019],[-87.83899,41.97019],[-87.83858,41.9702],[-87.83853,41.9702],[-87.83844,41.9702],[-87.83833,41.9702],[-87.838,41.97021],[-87.8379,41.97021],[-87.83765,41.97022],[-87.8376,41.97022],[-87.8373,41.97022],[-87.83698,41.97023],[-87.83691,41.97023],[-87.83666,41.97023],[-87.83666,41.97045],[-87.83665,41.97105],[-87.83665,41.97111],[-87.83665,41.97133],[-87.83738,41.9714],[-87.83791,41.97146],[-87.83796,41.97384],[-87.838,41.97384],[-87.83816,41.97384],[-87.83821,41.97384],[-87.83837,41.97383],[-87.83842,41.97383],[-87.83894,41.97382],[-87.84036,41.9738],[-87.8405,41.9738],[-87.84103,41.9738],[-87.84113,41.9738],[-87.84135,41.9738],[-87.84144,41.97379],[-87.84155,41.97379],[-87.84156,41.97393],[-87.84156,41.97394],[-87.84156,41.97448],[-87.84155,41.97469],[-87.83663,41.97479],[-87.83663,41.97495],[-87.83663,41.97501],[-87.83663,41.97517],[-87.83663,41.97522],[-87.83601,41.97526],[-87.83417,41.97536],[-87.83356,41.9754],[-87.83358,41.97538],[-87.83359,41.97534],[-87.83359,41.97531],[-87.8336,41.97527],[-87.8336,41.97509],[-87.83361,41.97504],[-87.83361,41.97502],[-87.83362,41.97501],[-87.83365,41.97499],[-87.83368,41.97499],[-87.83363,41.97493],[-87.83341,41.97492],[-87.83341,41.97473],[-87.83342,41.97392],[-87.83326,41.97392],[-87.83308,41.97392],[-87.83288,41.97393],[-87.83262,41.97393],[-87.83254,41.97394],[-87.83236,41.97394],[-87.83227,41.97394],[-87.83192,41.97395],[-87.83176,41.97395],[-87.83172,41.97384],[-87.83173,41.97306],[-87.82674,41.97314],[-87.82674,41.97341],[-87.82674,41.97352],[-87.82674,41.97362],[-87.82673,41.97393],[-87.82673,41.97403],[-87.82654,41.97404],[-87.82595,41.97405],[-87.82575,41.97406],[-87.82556,41.97406],[-87.82499,41.97408],[-87.8248,41.97408],[-87.82469,41.97409],[-87.82452,41.97409],[-87.82437,41.9741],[-87.82405,41.9741],[-87.82401,41.97411],[-87.82395,41.97411],[-87.82384,41.97411],[-87.82344,41.97412],[-87.82225,41.97415],[-87.82185,41.97416],[-87.82136,41.97417],[-87.81989,41.97421],[-87.8194,41.97422],[-87.81943,41.9741],[-87.81943,41.97407],[-87.81943,41.97362],[-87.81943,41.97346],[-87.81943,41.97342],[-87.81943,41.97327],[-87.81944,41.97322],[-87.81898,41.97322],[-87.81896,41.97061],[-87.81876,41.97062],[-87.81852,41.97062],[-87.81841,41.97062],[-87.81695,41.97066],[-87.81695,41.97073],[-87.81695,41.97093],[-87.81695,41.971],[-87.81695,41.97112],[-87.81694,41.97145],[-87.81694,41.97157],[-87.81694,41.97175],[-87.81694,41.97229],[-87.81694,41.97248],[-87.81693,41.97266],[-87.81693,41.9732],[-87.81693,41.97338],[-87.81693,41.97341],[-87.81693,41.9735],[-87.81693,41.97353],[-87.81693,41.97368],[-87.81692,41.97384],[-87.81692,41.97406],[-87.81692,41.97414],[-87.81692,41.97429],[-87.81667,41.97429],[-87.81593,41.97431],[-87.81568,41.97432],[-87.81544,41.97433],[-87.8147,41.97435],[-87.81446,41.97435],[-87.81421,41.97436],[-87.81415,41.97436],[-87.81384,41.97437],[-87.81375,41.97437],[-87.81346,41.97438],[-87.81322,41.97438],[-87.81297,41.97439],[-87.8129,41.97439],[-87.81258,41.9744],[-87.81229,41.97441],[-87.81225,41.97441],[-87.812,41.97442],[-87.81175,41.97442],[-87.811,41.97444],[-87.81075,41.97445],[-87.81051,41.97446],[-87.80977,41.97447],[-87.80952,41.97448],[-87.80927,41.97449],[-87.80854,41.9745],[-87.80829,41.97451],[-87.80805,41.97452],[-87.80731,41.97454],[-87.80729,41.97454],[-87.80707,41.97454],[-87.80706,41.97437],[-87.80706,41.97434],[-87.80707,41.97386],[-87.80707,41.97369],[-87.80706,41.9735],[-87.80706,41.9732],[-87.80706,41.97301],[-87.80707,41.97292],[-87.80707,41.97288],[-87.80707,41.97273],[-87.80708,41.97256],[-87.80708,41.97205],[-87.80709,41.97188],[-87.80709,41.97169],[-87.8071,41.97111],[-87.8071,41.97091],[-87.8071,41.97075],[-87.80711,41.97024],[-87.80711,41.97007],[-87.80712,41.96988],[-87.80712,41.9697],[-87.80714,41.96929],[-87.80715,41.96918],[-87.80715,41.9691],[-87.80715,41.96893],[-87.80715,41.96889],[-87.80715,41.96843],[-87.80716,41.96827],[-87.80693,41.96827],[-87.80625,41.96828],[-87.80603,41.96828],[-87.80579,41.96828],[-87.80509,41.96828],[-87.80486,41.96828],[-87.80466,41.96828],[-87.80407,41.96829],[-87.80388,41.96829],[-87.80384,41.96829],[-87.80373,41.96829],[-87.80369,41.96829],[-87.80346,41.96829],[-87.80293,41.96829],[-87.80277,41.96829],[-87.80254,41.9683],[-87.80253,41.96838],[-87.80253,41.96841],[-87.80253,41.96863],[-87.80253,41.96872],[-87.80253,41.96875],[-87.80241,41.96875],[-87.80205,41.96875],[-87.80201,41.96875],[-87.80193,41.96875],[-87.80181,41.96876],[-87.80177,41.96876],[-87.80145,41.96876],[-87.80134,41.96876],[-87.80121,41.96876],[-87.80083,41.96876],[-87.80071,41.96876],[-87.80058,41.96875],[-87.80029,41.96876],[-87.80012,41.96877],[-87.79951,41.96877],[-87.79891,41.96877],[-87.79831,41.96878],[-87.7977,41.96878],[-87.79738,41.96878],[-87.79709,41.96879],[-87.79649,41.96879],[-87.79618,41.96879],[-87.79589,41.9688],[-87.79544,41.9688],[-87.79528,41.9688],[-87.79467,41.9688],[-87.79407,41.96881],[-87.79346,41.96882],[-87.7931,41.96883],[-87.79285,41.96882],[-87.79209,41.96883],[-87.79164,41.96884],[-87.79119,41.96884],[-87.79103,41.96884],[-87.79043,41.96885],[-87.79031,41.96885],[-87.7899,41.96885],[-87.78982,41.96885],[-87.7897,41.96885],[-87.78934,41.96885],[-87.78922,41.96886],[-87.7891,41.96886],[-87.78873,41.96886],[-87.78869,41.96887],[-87.78861,41.96886],[-87.78849,41.96886],[-87.78816,41.96886],[-87.78813,41.96886],[-87.78801,41.96887],[-87.78801,41.96878],[-87.78802,41.96858],[-87.78801,41.9685],[-87.78801,41.96841],[-87.78776,41.96841],[-87.78755,41.96841],[-87.78702,41.96842],[-87.78677,41.96843],[-87.78676,41.96838],[-87.78675,41.96833],[-87.78675,41.96824],[-87.78676,41.96767],[-87.78676,41.96763],[-87.78675,41.96749],[-87.78677,41.96723],[-87.78676,41.96703],[-87.78674,41.96654],[-87.78676,41.96465],[-87.7868,41.96444],[-87.7868,41.96348],[-87.78693,41.96337],[-87.78696,41.96303],[-87.78693,41.96298],[-87.7869,41.9629],[-87.78688,41.96274],[-87.78687,41.9627],[-87.78686,41.96255],[-87.78687,41.96204],[-87.78683,41.96182],[-87.78681,41.96067],[-87.78681,41.96022],[-87.78698,41.96022],[-87.78705,41.96021],[-87.78777,41.96019],[-87.78802,41.96018],[-87.78826,41.96018],[-87.789,41.96016],[-87.78925,41.96016],[-87.79039,41.96014],[-87.79047,41.96014],[-87.79098,41.96013],[-87.79169,41.96012],[-87.79188,41.96012],[-87.79253,41.9601],[-87.79404,41.96007],[-87.79416,41.96007],[-87.7942,41.96007],[-87.79433,41.96003],[-87.79444,41.95999],[-87.79463,41.95991],[-87.79489,41.95979],[-87.79515,41.95967],[-87.79651,41.95901],[-87.79675,41.9589],[-87.79691,41.95882],[-87.79747,41.95855],[-87.79771,41.95844],[-87.79795,41.95832],[-87.798,41.9583],[-87.79823,41.9582],[-87.79867,41.95798],[-87.79891,41.95787],[-87.79915,41.95775],[-87.79988,41.9574],[-87.80013,41.95728],[-87.8013,41.95672],[-87.80317,41.95583],[-87.8038,41.95553],[-87.80653,41.95422],[-87.80729,41.95387],[-87.8073,41.95358],[-87.80729,41.95325],[-87.80727,41.95276],[-87.80751,41.95277],[-87.80757,41.95277],[-87.80823,41.95275],[-87.80847,41.95274],[-87.80868,41.95274],[-87.80872,41.95274],[-87.80947,41.95271],[-87.80972,41.95271],[-87.80997,41.9527],[-87.81072,41.95268],[-87.81098,41.95268],[-87.81122,41.95268],[-87.81198,41.95266],[-87.81222,41.95265],[-87.81247,41.95264],[-87.81319,41.95263],[-87.81343,41.95262],[-87.81367,41.95262],[-87.81439,41.9526],[-87.81463,41.95259],[-87.81488,41.95259],[-87.8156,41.95257],[-87.81585,41.95256],[-87.8159,41.95256],[-87.81609,41.95256],[-87.81682,41.95254],[-87.81707,41.95253],[-87.81731,41.95253],[-87.81742,41.95252],[-87.81806,41.95251],[-87.8183,41.9525],[-87.81855,41.95249],[-87.8188,41.95249],[-87.81928,41.95249],[-87.81931,41.95249],[-87.81952,41.95248],[-87.81977,41.95247],[-87.82011,41.95246],[-87.82051,41.95245],[-87.82075,41.95245],[-87.821,41.95244],[-87.82118,41.95244],[-87.82173,41.95242],[-87.82198,41.95241],[-87.82214,41.95241],[-87.82261,41.95239],[-87.82277,41.95239],[-87.82321,41.95238],[-87.82359,41.95237],[-87.82365,41.95237],[-87.82526,41.95233],[-87.82605,41.95231],[-87.82644,41.9523],[-87.82687,41.95229],[-87.82689,41.95229],[-87.82696,41.95228],[-87.82699,41.95228],[-87.82722,41.95228],[-87.82789,41.95226],[-87.82812,41.95226],[-87.82836,41.95225],[-87.8291,41.95223],[-87.82935,41.95223],[-87.82959,41.95222],[-87.83033,41.9522],[-87.83057,41.95219],[-87.83082,41.95219],[-87.83155,41.95217],[-87.83179,41.95216],[-87.83179,41.95231],[-87.8318,41.95253],[-87.8318,41.95267],[-87.83181,41.95361],[-87.83181,41.95378],[-87.83182,41.95398],[-87.83182,41.9541],[-87.83182,41.95435],[-87.83182,41.95455],[-87.83183,41.95517],[-87.83182,41.95547],[-87.83182,41.9557],[-87.83186,41.95585],[-87.83187,41.95593],[-87.83197,41.95638],[-87.83198,41.95645],[-87.83199,41.95655],[-87.832,41.95661],[-87.83207,41.95698],[-87.83223,41.95759],[-87.83234,41.95802],[-87.83249,41.95863],[-87.8326,41.95908],[-87.83264,41.95927],[-87.83265,41.95932],[-87.83266,41.95935],[-87.83267,41.95942],[-87.83268,41.95944],[-87.83348,41.95942],[-87.83385,41.95941],[-87.83453,41.9594],[-87.83589,41.95937],[-87.8367,41.95936],[-87.8367,41.95946],[-87.8367,41.95978],[-87.8367,41.95989],[-87.8367,41.96006],[-87.8367,41.96058],[-87.8367,41.96075],[-87.8367,41.9608],[-87.8367,41.96095],[-87.8367,41.96101],[-87.8367,41.96112],[-87.8367,41.96131],[-87.8367,41.96148],[-87.8367,41.9616],[-87.83669,41.96189],[-87.83669,41.96276],[-87.83669,41.96305],[-87.83669,41.96311],[-87.83669,41.9633],[-87.83669,41.96336],[-87.8367,41.96362],[-87.8367,41.96442],[-87.8367,41.96468],[-87.8367,41.96478],[-87.8367,41.96484],[-87.8367,41.96507],[-87.8367,41.96517],[-87.8367,41.96546],[-87.8367,41.96581],[-87.83669,41.96631],[-87.83669,41.9666],[-87.83693,41.96659],[-87.83768,41.96658],[-87.83793,41.96657],[-87.83812,41.96657],[-87.83816,41.96657],[-87.83838,41.96656],[-87.83863,41.96656],[-87.83869,41.96656],[-87.83888,41.96656],[-87.83893,41.96655],[-87.8391,41.96655],[-87.83916,41.96655],[-87.83928,41.96655],[-87.83967,41.96654],[-87.83979,41.96654],[-87.83991,41.96654],[-87.84028,41.96653],[-87.8404,41.96653],[-87.84069,41.96653],[-87.8416,41.96651],[-87.84172,41.9665],[-87.8428,41.96648],[-87.8438,41.96647],[-87.84405,41.96646],[-87.84526,41.96644],[-87.84552,41.96643],[-87.84609,41.96642],[-87.8463,41.96641],[-87.84656,41.96641],[-87.84656,41.96677],[-87.84656,41.96786],[-87.84656,41.96822],[-87.84656,41.96841],[-87.84656,41.96895],[-87.84656,41.96914],[-87.84656,41.96932]],[[-87.83658,41.97976],[-87.83658,41.97985],[-87.83658,41.97992],[-87.83657,41.98002],[-87.83657,41.98016],[-87.83657,41.98033],[-87.83657,41.98043],[-87.83652,41.98043],[-87.83637,41.98043],[-87.83632,41.98043],[-87.83621,41.98044],[-87.83514,41.98049],[-87.83514,41.98087],[-87.83475,41.98085],[-87.83436,41.9808],[-87.83435,41.98087],[-87.83435,41.98109],[-87.83435,41.98116],[-87.83453,41.98115],[-87.83474,41.98115],[-87.83508,41.98115],[-87.83526,41.98115],[-87.8352,41.98157],[-87.83506,41.98253],[-87.83507,41.98268],[-87.83432,41.98267],[-87.83371,41.98267],[-87.8336,41.98267],[-87.83358,41.98324],[-87.83358,41.98357],[-87.83321,41.98357],[-87.83308,41.98361],[-87.83308,41.98366],[-87.83308,41.98368],[-87.83306,41.9837],[-87.833,41.98371],[-87.83288,41.98371],[-87.83229,41.98372],[-87.83209,41.98372],[-87.83189,41.98372],[-87.83129,41.98373],[-87.8311,41.98373],[-87.8309,41.98374],[-87.8303,41.98375],[-87.8301,41.98375],[-87.8299,41.98375],[-87.8293,41.98376],[-87.8291,41.98376],[-87.82892,41.98377],[-87.82852,41.98377],[-87.82835,41.98378],[-87.82828,41.9838],[-87.82818,41.98384],[-87.82816,41.98373],[-87.82815,41.98357],[-87.82815,41.98348],[-87.82815,41.98294],[-87.82815,41.98292],[-87.82814,41.98238],[-87.82814,41.9822],[-87.82814,41.98203],[-87.82814,41.98192],[-87.82577,41.98196],[-87.82527,41.98196],[-87.8253,41.983],[-87.82528,41.98307],[-87.82516,41.98307],[-87.82507,41.98307],[-87.82476,41.98308],[-87.82383,41.98309],[-87.82352,41.98309],[-87.82354,41.98293],[-87.8236,41.98244],[-87.82362,41.98227],[-87.82364,41.98209],[-87.82372,41.98155],[-87.82374,41.98137],[-87.82376,41.98118],[-87.82383,41.98064],[-87.82386,41.98045],[-87.82388,41.98027],[-87.82395,41.97973],[-87.82397,41.97955],[-87.82399,41.97942],[-87.82404,41.97903],[-87.82406,41.9789],[-87.82407,41.97885],[-87.82409,41.97869],[-87.82409,41.97864],[-87.8241,41.97854],[-87.82414,41.97827],[-87.82415,41.97818],[-87.82416,41.97809],[-87.8242,41.97782],[-87.82421,41.97773],[-87.82422,41.97767],[-87.82424,41.9775],[-87.82425,41.97745],[-87.82426,41.97732],[-87.82431,41.97694],[-87.82433,41.97682],[-87.82433,41.97677],[-87.82435,41.97662],[-87.82436,41.97657],[-87.82437,41.97646],[-87.82441,41.97615],[-87.82443,41.97604],[-87.8249,41.97605],[-87.8263,41.97607],[-87.82677,41.97608],[-87.82776,41.9761],[-87.83074,41.97616],[-87.83174,41.97618],[-87.83214,41.97619],[-87.83334,41.97621],[-87.83374,41.97621],[-87.83374,41.97625],[-87.83374,41.97636],[-87.83374,41.9764],[-87.83355,41.97685],[-87.83348,41.97703],[-87.83222,41.9771],[-87.83173,41.97713],[-87.83123,41.97711],[-87.82973,41.97706],[-87.82953,41.97705],[-87.82965,41.97734],[-87.82971,41.97733],[-87.8299,41.97733],[-87.82996,41.97733],[-87.82996,41.97748],[-87.82996,41.97791],[-87.82996,41.97806],[-87.82997,41.97829],[-87.82997,41.97852],[-87.82953,41.97853],[-87.82931,41.97854],[-87.8291,41.97854],[-87.82857,41.97856],[-87.82857,41.97863],[-87.82858,41.97884],[-87.82858,41.9789],[-87.82856,41.97907],[-87.82856,41.97913],[-87.82847,41.97913],[-87.82818,41.97913],[-87.82808,41.97913],[-87.82808,41.97919],[-87.82808,41.97937],[-87.82808,41.97943],[-87.82818,41.97943],[-87.82847,41.97943],[-87.82856,41.97943],[-87.82855,41.9796],[-87.82853,41.98009],[-87.82853,41.98026],[-87.82857,41.98026],[-87.82871,41.98026],[-87.82876,41.98026],[-87.82876,41.9804],[-87.82876,41.98045],[-87.82884,41.98044],[-87.82884,41.9806],[-87.8293,41.98059],[-87.83314,41.98055],[-87.83315,41.9805],[-87.83315,41.9804],[-87.83315,41.98036],[-87.83315,41.98024],[-87.83315,41.98023],[-87.83314,41.9802],[-87.83324,41.97996],[-87.83324,41.9799],[-87.83324,41.9798],[-87.83593,41.97975],[-87.83608,41.97976],[-87.83658,41.97976]],[[-87.69614,41.6986],[-87.69615,41.69896],[-87.69516,41.69896],[-87.69219,41.69898],[-87.6912,41.69899],[-87.69119,41.69862],[-87.69115,41.69753],[-87.69114,41.69716],[-87.69112,41.6968],[-87.69109,41.6957],[-87.69108,41.69534],[-87.69106,41.69497],[-87.69104,41.6943],[-87.69103,41.69387],[-87.69101,41.6935],[-87.691,41.69324],[-87.691,41.69314],[-87.69097,41.69244],[-87.69097,41.69228],[-87.69171,41.69227],[-87.69177,41.69221],[-87.6921,41.6922],[-87.69209,41.69176],[-87.69209,41.69167],[-87.6933,41.69166],[-87.6949,41.69164],[-87.6959,41.69163],[-87.69591,41.69181],[-87.69594,41.69235],[-87.69595,41.69254],[-87.69597,41.69309],[-87.69604,41.69476],[-87.69607,41.69531],[-87.69607,41.69568],[-87.6961,41.69679],[-87.6961,41.69716],[-87.69611,41.69752],[-87.69614,41.6986]]]},"properties":{"GEOID":"1714000","BASENAME":"Chicago","NAME":"Chicago city","STATE":"17","PLACE":"14000","AREALAND":"589839440","AREAWATER":"17575507","LSADC":"25","FUNCSTAT":"A"}}]}